# bangumi-series-graph v1 max_id=710625 dump=dump-2026-10-06.210359Z.zip | 列: bgm_id, 原名, 中文名, 首播日, 本篇集数, 类型, nsfw, 前传, 续集 (逗号分隔的 bgm id). 收有前传或续集的动画与它们指到的; 表覆盖到 (id 不超过 max_id) 却不在表里 = 没有前传与续集. 说明见 README.
8	コードギアス 反逆のルルーシュR2	Code Geass 反叛的鲁路修R2	2008-04-06	25	TV		793	
50	機動戦士ガンダム	机动战士高达	1979-04-07	43	TV			9622
51	CLANNAD -クラナド-	CLANNAD	2007-10-04	22	TV			876
233	劇場版 空の境界 第一章 俯瞰風景	剧场版 空之境界 第一章 俯瞰风景	2007-12-01	1	剧场版		767	1333
237	GHOST IN THE SHELL / 攻殻機動隊	攻壳机动队	1995-11-18	1	剧场版			238
238	イノセンス	攻壳机动队2 无罪	2004-03-06	1	剧场版		237,10291	
247	銀魂	银魂	2006-04-04	201	TV			11834
259	夏目友人帳	夏目友人帐	2008-07-07	13	TV			891
265	新世紀エヴァンゲリオン	新世纪福音战士	1995-10-04	26	TV			6049
282	狼と香辛料	狼与香辛料	2008-01-08	13	TV			1512
283	みなみけ	南家三姐妹	2007-10-07	13	TV			890
284	苺ましまろ	草莓棉花糖	2005-07-14	12	TV		602449	
286	機動戦士ガンダム00	机动战士高达00	2007-10-06	25	TV			1010
288	ひぐらしのなく頃に解	寒蝉鸣泣之时 解	2007-07-05	24	TV		289	1326,297969
289	ひぐらしのなく頃に	寒蝉鸣泣之时	2006-04-04	26	TV			288
290	Fate/stay night	Fate/stay night	2006-01-06	24	TV		10639	
292	DARKER THAN BLACK -黒の契約者-	DARKER THAN BLACK -黑之契约者-	2007-04-05	26	TV			3960
294	図書館戦争	图书馆战争	2008-04-10	12	TV			34025
297	おねがい☆ティーチャー	拜托了老师	2002-01-10	12	TV			1852
299	さよなら絶望先生	再见绝望先生	2007-07-07	12	TV			300
300	俗・さよなら絶望先生	俗・再见绝望先生	2008-01-05	13	TV		299	2603
303	ドルアーガの塔 ～the Aegis of URUK～	迷宫塔 ～乌鲁克之盾～	2008-04-04	13	TV			888
314	ルパン三世 カリオストロの城	鲁邦三世 卡里奥斯特罗之城	1979-12-15	1	剧场版			67758
315	鋼の錬金術師	钢之炼金术师	2003-10-04	51	TV			1935
320	攻殻機動隊 STAND ALONE COMPLEX Solid State Society	攻壳机动队 S.A.C. Solid State Society	2006-09-01	1	TV		326	212610
321	機動警察パトレイバー 2 the Movie	机动警察剧场版2 和平保卫战	1993-08-07	1	剧场版		9979	
323	スレイヤーズEVOLUTION-R	秀逗魔导士EVOLUTION-R	2009-01-12	13	TV		11645	
324	攻殻機動隊 STAND ALONE COMPLEX	攻壳机动队 STAND ALONE COMPLEX	2002-10-01	26	TV			326
325	セキレイ	鹡鸰女神	2008-07-02	12	TV			3327
326	攻殻機動隊 S.A.C. 2nd GIG	攻壳机动队 S.A.C. 2nd GIG	2004-01-01	26	TV		324	320
330	ひだまりスケッチ×365	向阳素描×365	2008-07-03	13	TV		896,9642	2662,3622
334	フルメタル・パニック!	全金属狂潮	2002-01-15	24	TV			337
337	フルメタル・パニック! The Second Raid	全金属狂潮 The Second Raid	2005-07-13	13	TV		334	150246
340	蟲師	虫师	2005-10-22	26	TV			88473,92705
425	ドラえもん のび太の恐竜	哆啦A梦：大雄的恐龙	1980-03-15	1	剧场版			436
436	ドラえもん のび太の宇宙開拓史	哆啦A梦：大雄的宇宙开拓史	1981-03-14	1	剧场版		425	437
437	ドラえもん のび太の大魔境	哆啦A梦：大雄的大魔境	1982-03-13	1	剧场版		436	438
438	ドラえもん のび太の海底鬼岩城	哆啦A梦：大雄的海底鬼岩城	1983-03-12	1	剧场版		437	439
439	ドラえもん のび太の魔界大冒険	哆啦A梦：大雄的魔界大冒险	1984-03-17	1	剧场版		438	441
440	スクールランブル	校园迷糊大王	2004-10-05	26	TV			1878
441	ドラえもん のび太の宇宙小戦争	哆啦A梦：大雄的宇宙小战争	1985-03-16	1	剧场版		439	442
442	ドラえもん のび太と鉄人兵団	哆啦A梦：大雄与铁人兵团	1986-03-15	1	剧场版		441	444
443	のだめカンタービレ	交响情人梦	2007-01-11	23	TV			1966
444	ドラえもん のび太と竜の騎士	哆啦A梦：大雄与龙之骑士	1987-03-14	1	剧场版		442	446
446	ドラえもん のび太のパラレル西遊記	哆啦A梦：大雄的平行西游记	1988-03-12	1	剧场版		444	448
448	ドラえもん のび太の日本誕生	哆啦A梦：大雄的日本诞生	1989-03-11	1	剧场版		446	449
449	ドラえもん のび太とアニマル惑星	哆啦A梦：大雄与动物行星	1990-03-10	1	剧场版		448	450
450	ドラえもん のび太のドラビアンナイト	哆啦A梦：大雄的天方夜谭	1991-03-09	1	剧场版		449	451
451	ドラえもん のび太と雲の王国	哆啦A梦：大雄与云之王国	1992-03-07	1	剧场版		450	452
452	ドラえもん のび太とブリキの迷宮	哆啦A梦：大雄与白金迷宫	1993-03-06	1	剧场版		451	453
453	ドラえもん のび太と夢幻三剣士	哆啦A梦：大雄与梦幻三剑士	1994-03-12	1	剧场版		452	455
455	ドラえもん のび太の創世日記	哆啦A梦：大雄的创世日记	1995-03-04	1	剧场版		453	458
458	ドラえもん のび太と銀河超特急	哆啦A梦：大雄与银河超特急	1996-03-02	1	剧场版		455	459
459	ドラえもん のび太のねじ巻き都市冒険記	哆啦A梦：大雄的钥匙城历险记	1997-03-08	1	剧场版		458	460
460	ドラえもん のび太の南海大冒険	哆啦A梦：大雄的南海大冒险	1998-03-07	1	剧场版		459	463
463	ドラえもん のび太の宇宙漂流記	哆啦A梦：大雄的宇宙漂流记	1999-03-06	1	剧场版		460	464
464	ドラえもん のび太の太陽王伝説	哆啦A梦：大雄的太阳王传说	2000-03-11	1	剧场版		463	465
465	ドラえもん のび太と翼の勇者たち	哆啦A梦：大雄与翼之勇者	2001-03-10	1	剧场版		464	468
468	ドラえもん のび太とロボット王国	哆啦A梦：大雄与机器人王国	2002-03-09	1	剧场版		465	469
469	ドラえもん のび太とふしぎ風使い	哆啦A梦：大雄与不可思议的风使者	2003-03-08	1	剧场版		468	470
470	ドラえもん のび太のワンニャン時空伝	哆啦A梦：大雄的猫狗时空传	2004-03-06	1	剧场版		469	473
472	APPLESEED	苹果核战记	2004-04-17	1	剧场版		104139	6235
473	映画ドラえもん のび太の恐竜2006	哆啦A梦：大雄的恐龙2006	2006-03-04	1	剧场版		470	475
475	映画ドラえもん のび太の新魔界大冒険 〜7人の魔法使い〜	哆啦A梦：大雄的奇幻大冒险	2007-03-10	1	剧场版		473	476
476	映画ドラえもん のび太と緑の巨人伝	哆啦A梦：大雄与绿巨人传	2008-03-08	1	剧场版		475	477
477	映画ドラえもん 新・のび太の宇宙開拓史	哆啦A梦：新·大雄的宇宙开拓史	2009-03-07	1	剧场版		476	4558
488	D.Gray-man	驱魔少年	2006-10-03	103	TV			161793
490	灼眼のシャナ	灼眼的夏娜	2005-10-05	24	TV			491
491	灼眼のシャナII	灼眼的夏娜II	2007-10-04	24	TV		490	3110
494	紅 Kurenai	红 Kurenai	2008-04-03	12	TV			6820
508	茄子 アンダルシアの夏	茄子：安达卢西亚之夏	2003-07-26	1	剧场版			511
511	茄子 スーツケースの渡り鳥	茄子：带着旅行箱的候鸟	2007-10-24	1	OVA		508	
515	機動戦艦ナデシコ	机动战舰抚子号	1996-10-01	26	TV			32330,516
516	機動戦艦ナデシコ -The prince of darkness-	机动战舰抚子号 暗黑王子	1998-08-08	1	剧场版		515,32330	
530	めぞん一刻 完結篇	相聚一刻 完结篇	1988-02-06	1	剧场版		2921	
531	ARIA The ANIMATION	水星领航员	2005-10-06	13	TV			1269
593	聖闘士星矢 冥王ハーデス十二宮編	圣斗士星矢 冥王十二宫编	2003-01-25	13	OVA		4843	20232
605	ヒカルの碁	棋魂	2001-10-10	75	TV			36271
693	苺ましまろ OVA	草莓棉花糖 OVA 第1期	2007-02-23	3	OVA			918
696	剣風伝奇ベルセルク	剑风传奇	1997-10-07	25	TV			162040
698	ストライクウィッチーズ	强袭魔女	2008-07-03	12	TV			5651
750	ARIA The OVA ～ARIETTA～	水星领航员 OVA ～ARIETTA～	2007-09-21	1	OVA		1269	1270
751	葫芦兄弟	葫芦兄弟		13	TV			36268
762	乃木坂春香の秘密	乃木坂春香的秘密	2008-07-10	12	TV			2608
763	ゼロの使い魔 ～三美姫の輪舞～	零之使魔 三美姬的轮舞	2008-07-06	12	TV		1103	25823
766	劇場版 空の境界 第四章 伽藍の洞	剧场版 空之境界 第四章 伽蓝之洞	2008-05-24	1	剧场版		812	767
767	劇場版 空の境界 第三章 痛覚残留	剧场版 空之境界 第三章 痛觉残留	2008-02-09	1	剧场版		766	233
768	トップをねらえ2!	飞跃巅峰2！	2004-11-26	6	OVA		769	259709
769	トップをねらえ!	飞跃巅峰！	1988-10-07	6	OVA			768
772	ヱヴァンゲリヲン新劇場版:序	福音战士新剧场版：序	2007-09-01	1	剧场版			3302
793	コードギアス 反逆のルルーシュ	Code Geass 反叛的鲁路修	2006-10-05	25	TV			8
799	ef - a tale of memories.	悠久之翼	2007-10-06	12	TV		497594	1029
805	瀬戸の花嫁	濑户的花嫁	2007-04-01	26	TV			3070
808	ハヤテのごとく!	旋风管家	2007-04-01	52	TV			1427
809	桃華月憚	桃华月惮	2007-04-02	26	TV		17652	
811	恋姫†無双	恋姬无双	2008-07-08	12	TV			2606
812	劇場版 空の境界 第二章 殺人考察(前)	剧场版 空之境界 第二章 杀人考察（前）	2007-12-29	1	剧场版			766
822	フリクリ	FLCL	2000-04-26	6	OVA			175398
823	名探偵コナン 瞳の中の暗殺者	名侦探柯南 瞳孔中的暗杀者	2000-04-22	1	剧场版		2970	2971
836	藍より青し	青出于蓝	2002-04-10	24	TV			2120
847	ハチミツとクローバー	蜂蜜与四叶草	2005-04-14	24	TV			848
848	ハチミツとクローバー II	蜂蜜与四叶草II	2006-06-29	12	TV		847	
849	To LOVEる -とらぶる-	出包王女	2008-04-03	26	TV			3325
875	Afro Samurai	爆炸头武士	2007-01-04	5	TV			38428
876	CLANNAD 〜AFTER STORY〜		2008-10-02	22	TV		51	
883	黒執事	黑执事	2008-10-02	24	TV			1748,100526
887	空を見上げる少女の瞳に映る世界	仰望天空的少女瞳中的世界	2009-01-13	9	TV		38217	
888	ドルアーガの塔 ～the Sword of URUK～	迷宫塔 ～乌鲁克之剑～	2009-01-08	12	TV		303	
889	みなみけ おかえり	南家三姐妹 欢迎回来	2009-01-04	13	TV		890	47685
890	みなみけ おかわり	南家三姐妹 再来一碗	2008-01-06	13	TV		283	889
891	続 夏目友人帳	续 夏目友人帐	2009-01-05	13	TV		259	12536
894	まりあ†ほりっく	玛利亚狂热	2009-01-04	12	TV			9726
895	今日から㋮王!	今天开始做魔王	2004-04-03	39	TV			897
896	ひだまりスケッチ	向阳素描	2007-01-11	12	TV			330,9642
897	今日から㋮王! 第2章	今天开始做魔王 第二季	2005-04-02	39	TV		895	14871
916	魍魎の匣	魍魉之匣	2008-10-07	13	TV		516227	
918	苺ましまろ encore	草莓棉花糖 OVA 第2期	2009-01-23	2	OVA		693	
921	LAST EXILE	最终流放	2003-04-07	26	TV			12081
923	屍姫 赫	尸姬 赫	2008-10-02	13	TV			7298
928	げんしけん	现视研	2004-10-10	12	TV			1220
968	天体戦士サンレッド	天体战士	2008-10-03	26	TV			2611
975	ONE PIECE	航海王	1999-10-20	1155	TV			602059
978	ヘタリア Axis Powers	黑塔利亚	2009-01-26	26	WEB			1741
979	BLACK LAGOON	黑礁	2006-04-08	12	TV			980
980	BLACK LAGOON The Second Barrage	黑礁 The Second Barrage	2006-10-02	12	TV		979	6985
993	WHITE ALBUM	白色相簿	2009-01-03	13	TV			2586
1009	ネオ アンジェリーク Abyss	新安琪莉可Abyss	2008-04-06	13	TV			21035
1010	機動戦士ガンダム00 セカンドシーズン	机动战士高达00 第二季	2008-10-05	25	TV		286	5972
1014	とある魔術の禁書目録	魔法禁书目录	2008-10-04	24	TV			7843
1025	ローゼンメイデン	蔷薇少女	2004-10-07	12	TV		5365	1026
1026	ローゼンメイデン・トロイメント	蔷薇少女 梦之终结	2005-10-20	12	TV		1025	
1028	舞-乙HiME	舞-乙HiME	2005-10-06	26	TV		3948	3944
1029	ef - a tale of melodies.	悠久之翼2	2008-10-06	12	TV		799,513599	
1039	Wallace & Gromit in The Curse of the Were-Rabbit	超级无敌掌门狗之世纪大骗兔	2005-10-14	1	剧场版		132427,530007	137371
1040	Wallace & Gromit: A Grand Day Out	超级无敌掌门狗：月球野餐记		1				132422
1044	うたわれるもの	传颂之物	2006-04-03	26	TV			136336
1077	Kanon		2002-01-30	13	TV			65376
1103	ゼロの使い魔 双月の騎士	零之使魔 双月骑士	2007-07-08	12	TV		1880	763
1109	フレッシュプリキュア!	Fresh 光之美少女！	2009-02-01	50	TV		15958	4124
1120	地獄少女 三鼎	地狱少女 三鼎	2008-10-04	26	TV		1261	210231
1147	ゼーガペイン	ZEGAPAIN	2006-04-06	26	TV			452392
1194	鉄腕バーディー DECODE:02	铁腕巴迪 DECODE 第二季	2009-01-09	12	TV		14616	
1219	げんしけん2	现视研2	2007-10-09	12	TV		1220	91252
1220	げんしけん OVA	现视研 OVA	2006-12-22	3	OVA		928	1219
1260	地獄少女	地狱少女	2005-10-04	26	TV			1261
1261	地獄少女 二籠	地狱少女 二笼	2006-10-07	26	TV		1260	1120
1262	魔法少女リリカルなのは	魔法少女奈叶	2004-10-01	13	TV			1263
1263	魔法少女リリカルなのはA's	魔法少女奈叶A's	2005-10-01	13	TV		1262	1264
1264	魔法少女リリカルなのはStrikerS	魔法少女奈叶StrikerS	2007-04-01	26	TV		1263	110867
1266	交響詩篇エウレカセブン	交响诗篇	2005-04-17	50	TV			29259
1267	おおきく振りかぶって	王牌投手 振臂高挥	2007-04-12	25	TV			4077
1269	ARIA The NATURAL	水星领航员 第二季	2006-04-03	26	TV		531	750
1270	ARIA The ORIGINATION	水星领航员 第三季	2008-01-08	13	TV		750	124341
1309	D.C.II 〜ダ・カーポII〜	初音岛II	2007-10-01	13	TV		2680	2688
1321	マリア様がみてる 4thシーズン	圣母在上 第4季	2009-01-03	13	TV		4216	
1326	ひぐらしのなく頃に礼	寒蝉鸣泣之时 礼	2009-02-25	5	OVA		288	14429
1333	劇場版 空の境界 第五章 矛盾螺旋	剧场版 空之境界 第五章 矛盾螺旋	2008-08-16	1	剧场版		233	2225
1373	Usavich	监狱兔 第一季	2006-06-28	13	TV		132725	58864
1424	けいおん！	轻音少女	2009-04-02	13	TV			3774
1427	ハヤテのごとく!!	旋风管家 第二季	2009-04-03	25	TV		808	17792
1429	戦国BASARA	战国BASARA	2009-04-01	12	TV			1750
1434	クイーンズブレイド 流浪の戦士	女皇之刃 流浪的战士	2009-04-02	12	TV			2605
1436	アスラクライン	机巧魔神	2009-04-02	13	TV			2610
1442	神曲奏界ポリフォニカ クリムゾンS	神曲奏界Polyphonica crimson S	2009-04-04	12	TV		19136	
1444	咲-Saki-	天才麻将少女	2009-04-05	25	TV			52606
1451	東のエデン	东之伊甸	2009-04-09	11	TV			3631
1454	夏のあらし!	夏之岚!	2009-04-05	13	TV			2604
1486	聖闘士星矢 冥王ハーデスエリシオン編	圣斗士星矢 极乐净土篇	2008-03-28	6	OVA		20234	20235,33446
1510	美少女戦士セーラームーン	美少女战士	1992-03-07	46	TV			5428
1511	チーズスイートホーム	甜甜私房猫	2008-03-31	104	TV			3642
1512	狼と香辛料Ⅱ	狼与香辛料 第二季	2009-07-08	12	TV		282	
1547	十兵衛ちゃん -ラブリー眼帯の秘密-	十兵卫 心形眼罩的秘密	1999-04-05	13	TV			3294
1600	BLEACH	死神	2004-10-05	366	TV			302286
1606	涼宮ハルヒの憂鬱	凉宫春日的忧郁 2009	2009-04-02	28	TV			3375
1607	Vampire Hunter D: Bloodlust	吸血鬼猎人D：妖杀行	2000-08-25	1	剧场版		34227	
1608	スラムダンク	灌篮高手	1993-10-16	101	TV			324720
1639	The Transformers Season 1	变形金刚 第一季（G1）	1984-09-17	16	TV			47721,607652
1650	君が望む永遠	你所期望的永远	2003-10-04	14	TV			29944
1671	化物語	化物语	2009-07-03	15	TV			23161
1703	純情ロマンチカ	纯情罗曼史	2008-04-10	12	TV			49598
1704	HUNTER×HUNTER	猎人	1999-10-16	62	TV			10356
1728	るろうに剣心 -明治剣客浪漫譚- 追憶編	浪客剑心 追忆篇	1999-02-20	4	OVA			2712
1741	ヘタリア Axis Powers 第2期	黑塔利亚 第2期	2009-07-27	26	WEB		978	4450
1742	懺・さよなら絶望先生	忏・再见绝望先生	2009-07-04	13	TV		2603	3805
1748	黒執事Ⅱ	黑执事Ⅱ	2010-07-02	12	TV		883	
1750	戦国BASARA 弐	战国BASARA 贰	2010-07-11	12	TV		1429	99962
1752	くるねこ	来来猫	2009-07-05	50	TV			6756
1753	聖闘士星矢 THE LOST CANVAS 冥王神話	圣斗士星矢 THE LOST CANVAS 冥王神话	2009-06-24	13	OVA			12558
1763	創聖のアクエリオン	创圣的大天使	2005-04-05	26	TV			12620
1789	AIKa ZERO		2009-08-25	3	OVA		1790	36686
1790	AIKa R-16:VIRGIN MISSION	AIKa R-16:处女任务	2007-04-25	3	OVA			1789
1842	我叫MT 第一季	我叫MT 第一季	2009-07-09	10	WEB			3826
1848	R.O.D -READ OR DIE-	读或死 OVA	2001-05-23	3	OVA			1850
1850	R.O.D -THE TV-	读或死 TV	2003-09-01	26	TV		1848	
1852	おねがい☆ツインズ	拜托了双子星	2003-07-15	12	TV		297	
1860	機動戦士ガンダムSEED	机动战士高达SEED	2002-10-05	50	TV			1861
1861	機動戦士ガンダムSEED DESTINY	机动战士高达SEED DESTINY	2004-10-09	50	TV		1860	337586
1877	スクールランブル 一学期補習	校园迷糊大王 一学期补习	2005-12-22	2	OVA			1878
1878	スクールランブル 二学期	校园迷糊大王 二学期	2006-04-02	26	TV		440	1879
1879	スクールランブル 三学期	校园迷糊大王 三学期	2008-07-17	2	OVA		1878	
1880	ゼロの使い魔	零之使魔	2006-07-02	13	TV			1103
1890	FINAL FANTASY VII ADVENT CHILDREN	最终幻想7：降临之子	2005-09-14	1	OVA		20117	
1894	勇者王ガオガイガー	勇者王GaoGaiGar	1997-02-01	49	TV			2979,2981
1930	PEACE MAKER 鐵	新撰组异闻录 铁	2003-10-07	24	TV			178648
1935	鋼の錬金術師 シャンバラを征く者	钢之炼金术师 香巴拉的征服者	2005-07-23	1	剧场版		315	
1939	テニスの王子様	网球王子	2001-10-10	178	TV			20926
1940	カードキャプターさくら	魔卡少女樱	1998-04-07	70	TV			212240
1943	遙かなる時空の中で —八葉抄—	遥远时空中 八叶抄	2004-10-05	26	TV			1946
1945	遙かなる時空の中で —紫陽花ゆめ語り—	遥远时空中 紫阳花物语	2002-03-27	2	OVA			1946
1946	遙かなる時空の中で2 〜白き龍の神子〜	遥远时空中2 白龙之神子	2003-03-26	3	OVA		1943,1945	
1954	新世紀GPXサイバーフォーミュラ	高智能方程式	1991-03-15	37	TV			1955
1955	新世紀GPXサイバーフォーミュラ11	高智能方程式：Cyber Formula 11	1992-11-01	6	OVA		1954	1956
1956	新世紀GPXサイバーフォーミュラZERO	高智能方程式：ZERO	1994-04-01	8	OVA		1955	1957
1957	新世紀GPXサイバーフォーミュラSAGA	高智能方程式：SAGA	1996-08-01	8	OVA		1956	1958
1958	新世紀GPXサイバーフォーミュラSIN	高智能方程式：SIN	1998-12-21	5	OVA		1957	641552
1962	大闹天宫	大闹天宫		1	剧场版			69467
1964	英國戀物語エマ	英国恋物语艾玛	2005-04-02	12	TV			1965
1965	英國戀物語エマ 第二幕	英国恋物语艾玛 第二幕	2007-04-16	12	TV		1964	
1966	のだめカンタービレ 巴里編	交响情人梦 巴黎篇	2008-10-09	11	TV		443	3478
1970	ヴァンパイア騎士	吸血鬼骑士	2008-04-07	13	TV			1971
1971	ヴァンパイア騎士 Guilty	吸血鬼骑士 Guilty	2008-10-06	13	TV		1970	
1972	魔神英雄伝ワタル	魔神英雄传	1988-04-15	45	TV			1973,1974,292861
1973	魔神英雄伝ワタル2	魔神英雄传2	1990-03-09	46	TV		1972	38723
1974	超魔神英雄伝ワタル	超魔神英雄传	1997-10-02	51	TV		1972	
1983	WOLF'S RAIN	狼雨	2003-01-06	26	TV			5431
1985	金色のコルダ〜primo passo〜	金色琴弦～primo passo～	2006-10-01	25	TV			2240
1996	.hack//Roots	.hack//根源	2006-04-05	26	TV		2001	40932
1997	.hack//SIGN	.hack//时空	2002-04-03	25	TV			2001
1998	メタルファイト ベイブレード	战斗陀螺金属对决	2009-04-05	51	TV			28961
2001	.hack//黄昏の腕輪伝説	.hack//黄昏腕轮传说	2003-01-08	12	TV		1997	1996
2010	彩雲国物語	彩云国物语	2006-04-08	39	TV			19707
2042	きまぐれオレンジ☆ロード	橙路	1987-04-06	48	TV			13677
2045	GTO	麻辣教师GTO	1999-06-30	43	TV		26228	
2046	王立宇宙軍 オネアミスの翼	王立宇宙军 欧尼亚米斯之翼	1987-03-14	1	剧场版			68059
2062	SAMURAI SPIRITS 2 〜アスラ斬魔伝〜	侍魂2〜阿修罗斩魔传〜	1999-06-25	2	OVA		73756	
2063	D.C. 〜ダ・カーポ〜	初音岛	2003-07-05	26	TV			2680
2074	逮捕しちゃうぞ	逮捕令	1996-10-05	51	TV		45904	2076,2078
2076	逮捕しちゃうぞ Second Season	逮捕令 第二季	2001-04-07	26	TV		2074	
2077	こみっくパーティー	漫画同人会	2001-04-01	13	TV			2079
2078	逮捕しちゃうぞ フルスロットル	逮捕令 全速前进	2007-10-04	23	TV		2074	
2079	こみっくパーティーRevolution	漫画同人会 Revolution	2005-04-04	13	TV		2077	
2080	ああっ女神さまっ	剧场版 我的女神	2000-10-21	1	剧场版		13549	
2091	セイント・ビースト ～光陰叙事詩天使譚～	四圣兽 ~光阴叙事诗天使谭~	2007-04-03	13	TV			7366
2094	スレイヤーズ	秀逗魔导士	1995-04-07	26	TV			2096
2096	スレイヤーズNEXT	秀逗魔导士NEXT	1996-04-05	26	TV		2094	2097
2097	スレイヤーズTRY	秀逗魔导士TRY	1997-04-04	26	TV		2096	11645
2103	ドラゴンボール改	龙珠改	2009-04-05	98	TV			97045
2107	MEZZO FORTE	次强音	2000-05-25	2	OVA	1		4185
2120	藍より青し～縁～	青出于蓝～缘～	2003-10-12	12	TV		836	
2129	けんぷファー	肯普法	2009-10-02	12	TV			68807
2141	まほろまてぃっく	魔力女管家	2001-10-05	12	TV			2142
2142	まほろまてぃっく 〜もっと美しいもの〜	魔力女管家～更美丽的事物～	2002-09-26	14	TV		2141	
2166	こちら葛飾区亀有公園前派出所	乌龙派出所	1996-06-16	344	TV			185317
2225	劇場版 空の境界 第六章 忘却録音	剧场版 空之境界 第六章 忘却录音	2008-12-20	1	剧场版		1333	3423
2240	金色のコルダ〜secondo passo〜	金色琴弦～Secondo Passo～	2009-03-26	2	TV		1985	
2255	日本一の男の魂	日本第一男人之魂	1999-01-05	16	TV			2256
2256	日本一の男の魂2	日本第一男人之魂2	1999-05-04	16	TV		2255	
2310	麥兜响噹噹	麦兜响当当	2009-07-24	1	剧场版		47146	47147
2354	DARKER THAN BLACK -流星の双子-	DARKER THAN BLACK -流星的双子-	2009-10-08	12	TV		3960	
2425	しゅごキャラ!!どきっ	守护甜心!!心跳	2008-10-04	51	TV		2427	3018
2427	しゅごキャラ!	守护甜心！	2007-10-06	51	TV			2425
2439	×××HOLiC		2006-04-06	23	TV			2896
2443	鉄腕バーディー DECODE	铁腕巴迪 DECODE	2008-07-04	13	TV			14616
2454	天上人とアクト人最後の戦い	天上人与亚克托人最后的战斗	2009-04-18	1	剧场版		38217	
2459	ギャグマンガ日和3	搞笑漫画日和3	2008-03-17	12	TV		2460	3482
2460	ギャグマンガ日和2	搞笑漫画日和2	2006-08-05	12	TV		2461	2459
2461	ギャグマンガ日和	搞笑漫画日和	2005-02-07	12	TV		113443	2460
2462	ONE PIECE FILM STRONG WORLD	航海王：强者天下	2009-12-12	1	剧场版		5393	
2463	デュラララ!!	无头骑士异闻录	2010-01-07	26	TV			99941
2464	荒川アンダー ザ ブリッジ	荒川爆笑团	2010-04-04	13	TV			8081
2473	秦时明月之百步飞剑	秦时明月之百步飞剑	2007-02-14	10	TV			2769
2474	ロザリオとバンパイア	十字架与吸血鬼	2008-01-03	13	TV			2475
2475	ロザリオとバンパイア CAPU2	十字架与吸血鬼 CAPU2	2008-10-01	13	TV		2474	
2476	テガミバチ	信蜂	2009-10-03	25	TV			7882
2481	宇宙の騎士テッカマンブレード	宇宙骑士BLADE	1992-02-18	49	TV			37254
2482	こどものじかん	萝莉的时间	2007-10-11	12	TV			558713
2496	モノノ怪	物怪	2007-07-12	12	TV			388469
2504	劇場版 マクロスF 虚空歌姫〜イツワリノウタヒメ〜	剧场版 超时空要塞F 虚空歌姬	2009-11-21	1	剧场版			12618
2567	生徒会の一存	学生会的一己之见	2009-10-02	12	TV			48289
2585	とある科学の超電磁砲	某科学的超电磁炮	2009-10-02	24	TV			51928
2586	WHITE ALBUM-後半	白色相簿-后半	2009-10-02	13	TV		993	
2603	獄・さよなら絶望先生	狱・再见绝望先生	2008-10-17	3	OVA		300	1742
2604	夏のあらし! ～春夏冬中～	夏之岚!～春夏冬中～	2009-10-04	13	TV		1454	
2605	クイーンズブレイド 玉座を継ぐ者	女皇之刃 王座的继承者	2009-09-24	12	TV		1434	8389
2606	真・恋姫†無双	真・恋姬无双	2009-10-05	12	TV		811	4286
2608	乃木坂春香の秘密 ぴゅあれっつぁ♪	乃木坂春香的秘密 purezza♪	2009-10-05	12	TV		762	47276
2609	FAIRY TAIL	妖精的尾巴	2009-10-12	175	TV			91946
2610	アスラクライン2	机巧魔神2	2009-10-01	13	TV		1436	
2611	天体戦士サンレッド 第2期	天体战士 第2期	2009-10-03	26	TV		968	
2617	そらのおとしもの	天降之物	2009-10-04	14	TV			7150
2662	ひだまりスケッチ×365 特別編	向阳素描×365 特别篇	2009-10-17	2	OVA		330	3622
2680	D.C.S.S. 〜ダ・カーポ セカンドシーズン〜	初音岛 第二季	2005-07-02	26	TV		2063	1309
2688	D.C.II S.S. ～ダ・カーポII セカンドシーズン～	初音岛II S.S.	2008-04-05	13	TV		1309	43574
2690	機動戦士ガンダム MS IGLOO 1年戦争秘録	机动战士高达MS IGLOO 一年战争秘录	2004-07-19	3	OVA			2691
2691	機動戦士ガンダム MS IGLOO 黙示録0079	机动战士高达 MS IGLOO 默示录0079	2006-04-26	3	OVA		2690	
2712	るろうに剣心 -明治剣客浪漫譚-	浪客剑心	1996-01-10	94	TV		1728	13553
2725	夢色パティシエール	梦色蛋糕师	2009-10-04	50	TV			425179
2726	キディ・ガーランド	天使特警2	2009-10-15	24	TV		3815	
2732	Moonlight Mile -Lift off-	月光旅程 -Lift off-	2007-03-03	12	TV			2733
2733	Moonlight Mile -Touch down-	月光旅程 -Touch down-	2007-09-13	14	TV		2732	
2741	タッチ	棒球英豪	1985-03-24	101	TV			18048
2750	GANTZ 〜the first stage〜	杀戮都市	2004-04-12	13	TV			52764,154971
2751	B'T-X	钢铁神兵B'T-X	1996-04-06	25	TV			35970
2769	秦时明月之夜尽天明	秦时明月之夜尽天明	2008-07-17	18	TV		2473	6815
2772	新機動戦記ガンダムW Endless Waltz 特別篇	新机动战记高达W 无尽的华尔兹 剧场版	1998-08-01	1	剧场版		2774	
2774	新機動戦記ガンダムW	新机动战记高达W	1995-04-07	49	TV			39530
2782	NARUTO -ナルト- 疾風伝	火影忍者疾风传	2007-02-15	500	TV		3425	202661
2783	名探偵コナン 漆黒の追跡者	名侦探柯南 漆黑的追迹者	2009-04-18	1	剧场版		2978	3628
2784	犬夜叉	犬夜叉	2000-10-16	167	TV			2785
2785	犬夜叉 完結編	犬夜叉 完结篇	2009-10-03	26	TV		2784	306193
2789	らんま1/2	乱马1/2	1989-04-15	18	TV			65883
2790	君に届け	好想告诉你	2009-10-06	25	TV			9757
2829	Candy boy	糖果男孩	2008-05-02	7	WEB		95419	
2885	メジャー 第1シリーズ	棒球大联盟 第一季	2004-11-13	26	TV			2886,3618
2886	メジャー 第2シリーズ	棒球大联盟 第二季	2005-12-10	26	TV		2885,3618	2887
2887	メジャー 第3シリーズ	棒球大联盟 第三季	2007-01-06	26	TV		2886	2888
2888	メジャー 第4シリーズ	棒球大联盟 第四季	2008-01-05	26	TV		2887	2889
2889	メジャー 第5シリーズ	棒球大联盟 第五季	2009-01-10	25	TV		2888	4293
2891	ツバサ・クロニクル	翼·年代记	2005-04-09	26	TV			2892
2892	ツバサ・クロニクル 第2シリーズ	翼·年代记 第二部	2006-04-29	26	TV		2891	2894
2894	ツバサ TOKYO REVELATIONS	翼·年代记 东京默示录	2007-11-16	3	OVA		2892	2895
2895	ツバサ 春雷記	翼·年代记 春雷记	2009-03-17	2	OVA		2894	
2896	×××HOLiC◆継	×××HOLiC◆继	2008-04-03	12	TV		2439	2898
2898	×××HOLiC 春夢記	×××HOLiC 春梦记	2009-02-17	2	OVA		2896	4859
2914	炎の蜃気楼	炎之蜃气楼	2002-01-07	13	TV			2915
2915	炎の蜃気楼～みなぎわの反逆者～	炎之蜃气楼～水际的反逆者～	2004-07-28	3	OVA		2914	
2921	めぞん一刻	相聚一刻	1986-03-26	96	TV			530
2936	蒼穹のファフナー	苍穹之法芙娜	2004-07-04	26	TV		14106	14109
2968	名探偵コナン 時計じかけの摩天楼	名侦探柯南 计时引爆摩天楼	1997-04-19	1	剧场版			2969
2969	名探偵コナン 14番目の標的	名侦探柯南 第14号目标	1998-04-18	1	剧场版		2968	2970
2970	名探偵コナン 世紀末の魔術師	名侦探柯南 世纪末的魔术师	1999-04-17	1	剧场版		2969	823
2971	名探偵コナン 天国へのカウントダウン	名侦探柯南 通往天国的倒数计时	2001-04-21	1	剧场版		823	2972
2972	名探偵コナン ベイカー街の亡霊	名侦探柯南 贝克街的亡灵	2002-04-20	1	剧场版		2971	2973
2973	名探偵コナン 迷宮の十字路	名侦探柯南 迷宫的十字路口	2003-04-19	1	剧场版		2972	2974
2974	名探偵コナン 銀翼の奇術師	名侦探柯南 银翼的魔术师	2004-04-17	1	剧场版		2973	2975
2975	名探偵コナン 水平線上の陰謀	名侦探柯南 水平线上的阴谋	2005-04-09	1	剧场版		2974	2976
2976	名探偵コナン 探偵たちの鎮魂歌	名侦探柯南 侦探们的镇魂歌	2006-04-15	1	剧场版		2975	2977
2977	名探偵コナン 紺碧の棺	名侦探柯南 绀碧之棺	2007-04-21	1	剧场版		2976	2978
2978	名探偵コナン 戦慄の楽譜	名侦探柯南 战栗的乐谱	2008-04-19	1	剧场版		2977	2783
2979	勇者王ガオガイガーFINAL	勇者王GaoGaiGar Final	2000-01-21	8	OVA		1894	
2981	勇者王ガオガイガーFINAL GRAND GLORIOUS GATHERING	勇者王GaoGaiGar Final Grand Glorious Gathering	2005-04-11	12	TV		1894	
3012	もやしもん	萌菌物语	2007-10-11	11	TV			37449
3014	TALES OF SYMPHONIA THE ANIMATION シルヴァラント編	仙乐传说 西尔瓦蓝特篇	2007-06-08	4	OVA			4480
3018	しゅごキャラ!パーティー!	守护甜心！派对！	2009-10-03	25	TV		2425	
3019	ポケットモンスター	宝可梦	1997-04-01	276	TV			3020
3020	ポケットモンスター アドバンスジェネレーション	宝可梦 超世代	2002-11-21	192	TV		3019	3021
3021	ポケットモンスター ダイヤモンド&パール	宝可梦 钻石&珍珠	2006-09-28	191	TV		3020	8401
3022	劇場版ポケットモンスター ミュウツーの逆襲	剧场版宝可梦: 超梦的逆袭	1998-07-18	1	剧场版			3023,27883
3023	劇場版ポケットモンスター 幻のポケモン ルギア爆誕	剧场版宝可梦: 幻之宝可梦 洛奇亚爆诞	1999-07-17	1	剧场版		3022	3024
3024	劇場版ポケットモンスター 結晶塔の帝王 ENTEI	剧场版宝可梦: 结晶塔的帝王 炎帝	2000-07-08	1	剧场版		3023	3025
3025	劇場版ポケットモンスター セレビィ 時を超えた遭遇	剧场版宝可梦: 时拉比 穿梭时空的相遇	2001-07-07	1	剧场版		3024	3026
3026	劇場版ポケットモンスター 水の都の護神 ラティアスとラティオス	剧场版宝可梦: 水都的守护神 拉帝亚斯与拉帝欧斯	2002-07-13	1	剧场版		3025	3027
3027	劇場版ポケットモンスター アドバンスジェネレーション 七夜の願い星 ジラーチ	剧场版宝可梦 超世代: 七夜的许愿星 基拉祈	2003-07-19	1	剧场版		3026	3028
3028	劇場版ポケットモンスター アドバンスジェネレーション 裂空の訪問者 デオキシス	剧场版宝可梦 超世代: 裂空的访问者 代欧奇希斯	2004-07-17	1	剧场版		3027	3029
3029	劇場版ポケットモンスター アドバンスジェネレーション ミュウと波導の勇者 ルカリオ	剧场版宝可梦 超世代: 梦幻与波导的勇者 路卡利欧	2005-07-16	1	剧场版		3028	3030
3030	劇場版ポケットモンスター アドバンスジェネレーション ポケモンレンジャーと蒼海の王子 マナフィ	剧场版宝可梦 超世代: 宝可梦巡护员与苍海的王子 玛纳霏	2006-07-15	1	剧场版		3029	3031
3031	劇場版ポケットモンスター ダイヤモンド&パール ディアルガVSパルキアVSダークライ	剧场版宝可梦 钻石&珍珠: 决战时空之塔 帝牙卢卡VS帕路奇亚VS达克莱伊	2007-07-14	1	剧场版		3030	3032
3032	劇場版ポケットモンスター ダイヤモンド&パール ギラティナと氷空の花束 シェイミ	剧场版宝可梦 钻石&珍珠: 骑拉帝纳与冰空的花束 谢米	2008-07-19	1	剧场版		3031	3033
3033	劇場版ポケットモンスター ダイヤモンド&パール アルセウス 超克の時空へ	剧场版宝可梦 钻石&珍珠: 阿尔宙斯 超克的时空	2009-07-18	1	剧场版		3032	10542
3059	撲殺天使ドクロちゃん	扑杀天使朵库萝	2005-03-25	8	OVA			3060
3060	撲殺天使ドクロちゃん2	扑杀天使朵库萝2	2007-08-24	4	OVA		3059	
3070	瀬戸の花嫁 OVA	濑户的花嫁 OVA	2008-11-28	4	OVA		805	
3110	灼眼のシャナS	灼眼的夏娜S	2009-10-23	4	OVA		491	18631
3113	機動戦士ガンダムUC	机动战士高达UC	2010-03-12	7	OVA		4583	243428
3128	デジモンアドベンチャー	数码宝贝大冒险	1999-03-07	54	TV		3133	3129,109739
3129	デジモンアドベンチャー02	数码宝贝大冒险02	2000-04-02	50	TV		3128	109739,341141
3133	デジモンアドベンチャー	数码宝贝大冒险 滚球兽的诞生	1999-03-06	1	剧场版			3128
3134	デジモンアドベンチャー ぼくらのウォーゲーム!	数码宝贝大冒险 我们的战争游戏!	2000-03-04	1	剧场版			3136
3135	デジモンアドベンチャー02 デジモンハリケーン上陸&超絶進化!黄金のデジメンタル	数码宝贝大冒险02 前篇 数码宝贝飓风登陆!!／后篇 超绝进化!!黄金的数码装甲	2000-07-08	1	剧场版		3128	
3136	デジモンアドベンチャー02 ディアボロモンの逆襲	数码宝贝大冒险02 超恶魔兽的逆袭	2001-03-03	1	剧场版		3134	
3148	魔法陣グルグル	咕噜咕噜魔法阵	1994-10-13	45	TV			3149
3149	ドキドキ♡伝説 魔法陣グルグル	咕噜咕噜魔法阵 心跳传说	2000-04-04	38	TV		3148	
3166	超時空要塞マクロス	超时空要塞	1982-10-03	36	TV			3167
3167	超時空要塞マクロスII -LOVERS AGAIN-	超时空要塞II 再爱一次	1992-05-21	6	OVA		3166,3172	
3169	マクロス7	超时空要塞7	1994-10-16	49	TV			3175
3172	超時空要塞マクロス 愛・おぼえていますか	超时空要塞 可曾记得爱	1984-07-21	1	剧场版			3167
3175	マクロス ダイナマイト7	超时空要塞 Dynamite 7	1997-12-18	4	OVA		3169	
3179	センコロール	千子	2009-07-28	1	剧场版			29413
3275	Avatar:The Last Airbender Season 1	降世神通：最后的气宗 第一季	2005-02-21	20	TV			4607
3283	スーパーロボット大戦OG -ディバイン・ウォーズ-	超级机器人大战OG 圣战	2006-10-04	26	TV			8400
3291	ジャングルはいつもハレのちグゥ	热带雨林的爆笑生活	2001-04-03	26	TV			3292
3292	ジャングルはいつもハレのちグゥ デラックス	热带雨林的爆笑生活DELUXE	2002-08-25	12	OVA		3291	3293
3293	ジャングルはいつもハレのちグゥ FINAL	热带雨林的爆笑生活FINAL	2003-12-21	14	OVA		3292	
3294	十兵衛ちゃん2 -シベリア柳生の逆襲-	十兵卫2 西伯利亚柳生的反击	2004-01-07	13	TV		1547	
3302	ヱヴァンゲリヲン新劇場版:破	福音战士新剧场版：破	2009-06-27	1	剧场版		772	22505
3304	GUNSLINGER GIRL	神枪少女	2003-10-08	13	TV			3532
3325	To LOVEる－とらぶる－ OVA	出包王女 OVA	2009-04-03	6	OVA		849	8546
3326	バカとテストと召喚獣	笨蛋，测验，召唤兽	2010-01-06	13	TV			12496,11145
3327	セキレイ～Pure Engagement～	鹡鸰女神～Pure Engagement～	2010-07-04	13	TV		325	
3341	魔法先生ネギま! ～もうひとつの世界～	魔法老师涅吉！～另一个世界～	2009-09-17	5	OVA		17122	34585
3357	格闘美神 武龍	格斗美神·武龙	2005-10-01	26	TV			106322
3375	涼宮ハルヒの消失	凉宫春日的消失	2010-02-06	1	剧场版		1606	
3413	今日の5の2	今天的五年二班	2008-10-05	13	TV			55708
3420	ウエルベールの物語～Sisters of Wellber～ 第一幕	威尔贝鲁物语～威尔贝鲁的姐妹～ 第一幕	2007-04-08	13	TV			3426
3423	劇場版 空の境界 第七章 殺人考察(後)	剧场版 空之境界 第七章 杀人考察（后）	2009-08-08	1	剧场版		2225,49666	11629,43581
3425	NARUTO -ナルト-	火影忍者	2002-10-03	220	TV			2782
3426	ウエルベールの物語～Sisters of Wellber～ 第二幕	威尔贝鲁物语～威尔贝鲁的姐妹～ 第二幕	2008-01-01	13	TV		3420	
3428	バクマン。	爆漫王。	2010-10-02	25	TV			22588
3478	のだめカンタービレ フィナーレ	交响情人梦Finale	2010-01-14	11	TV		1966	
3479	聖痕のクェイサー	圣痕炼金士	2010-01-09	24	TV			10565
3482	ギャグマンガ日和＋	搞笑漫画日和＋	2010-01-04	26	TV		2459	526567
3483	宇宙戦艦ヤマト 復活篇	宇宙战舰大和号 复活编	2009-12-12	1	剧场版		74534	
3484	Fate/stay night UNLIMITED BLADE WORKS	Fate/stay night UNLIMITED BLADE WORKS	2010-01-23	1	剧场版		10639	
3485	魔法少女リリカルなのは The MOVIE 1st	魔法少女奈叶 The MOVIE 1st	2010-01-23	1	剧场版			35679
3495	あきそら	秋日天空 OAD	2009-12-18	1	OVA			7783
3515	ファイアボール	火球	2008-04-07	13	TV			14996
3532	GUNSLINGER GIRL -IL TEATRINO-	神枪少女 -IL TEATRINO-	2008-01-07	13	TV		3304	3787
3554	劇場版∀ガンダムI 地球光	剧场版∀高达I 地球光	2002-02-09	1	剧场版			3555
3555	劇場版∀ガンダムII 月光蝶	剧场版∀高达II 月光蝶	2002-02-10	1	剧场版		3554	
3618	劇場版 メジャー 友情の一球(ウィニングショット)	棒球大联盟 剧场版 友情的一球	2008-12-13	1	剧场版		2885	2886
3619	GIRLSブラボー first season	女生万岁 first season	2004-07-06	11	TV			7352
3621	鎧伝サムライトルーパー	魔神坛斗士	1988-04-30	39	TV			23177
3622	ひだまりスケッチ×☆☆☆	向阳素描×☆☆☆	2010-01-07	12	TV		330,2662	22241,9639
3628	名探偵コナン 天空の難破船	名侦探柯南 天空的遇难船	2010-04-17	1	剧场版		2783	10308
3631	東のエデン 劇場版I The King of Eden	东之伊甸 剧场版I The King of Eden	2009-11-28	1	剧场版		1451	3632
3632	東のエデン 劇場版II Paradise Lost	东之伊甸 剧场版II Paradise Lost	2010-03-13	1	剧场版		3631	
3638	秘密結社鷹の爪 カウントダウン	秘密结社鹰之爪 第二季	2009-10-06	12	TV		35962	37620
3640	極上!!めちゃモテ委員長	极上！！超人气委员长	2009-04-04	51	TV			211560
3641	はじめの一歩 New Challenger	第一神拳 New Challenger	2009-01-06	26	TV		135195	78798
3642	チーズスイートホーム あたらしいおうち	甜甜私房猫 第二季	2009-03-30	104	TV		1511	
3643	こんにちは アン ～Before Green Gables	你好 安妮	2009-04-05	39	TV			18256
3644	たまごっち!	拓麻歌子	2009-10-12	143	TV		84052	84055
3690	シスター・プリンセス	妹妹公主	2001-04-04	26	TV			49119
3743	RED GARDEN	血色花园	2006-10-03	22	TV			3744
3744	RED GARDEN Dead Girls	血色花园 -死之少女-	2007-08-08	2	OVA		3743	
3751	D・N・A² 〜何処かで失くしたあいつのアイツ〜	再造基因	1994-10-07	12	TV			3752
3752	D・N・A² 〜何処かで失くしたあいつのアイツ〜	再造基因 OVA	1995-02-21	3	OVA		3751	
3773	イナズマイレブン	闪电十一人	2008-10-05	127	TV			16594
3774	けいおん！！	轻音少女 第二季	2010-04-06	26	TV		1424	
3781	劇場版 スレイヤーズ	剧场版 秀逗魔导士	1995-08-05	1	剧场版			42095
3787	GUNSLINGER GIRL -IL TEATRINO OVA	神枪少女 -IL TEATRINO- OVA	2008-10-24	2	OVA		3532	
3805	懺・さよなら絶望先生 番外地	忏・再见绝望先生 番外地	2009-11-17	2	OVA		1742	114105
3815	キディ・グレイド	天使特警	2002-10-08	24	TV			2726
3816	頭文字D Fourth Stage	头文字D Fourth Stage	2004-04-17	24	TV		9569	46312
3826	我叫MT 第二季	我叫MT 第二季	2009-12-26	10	WEB		1842	4614
3827	COBRA THE ANIMATION 六人の勇士	哥普拉 六人勇士	2010-01-02	13	TV		279356	
3828	乙女はお姉さまに恋してる	少女爱上姐姐	2006-10-07	12	TV			10457,348376
3830	第4回東方M-1ぐらんぷり	第四届东方M-1漫才大赛	2009-12-29	1	OVA		62571	43972
3859	茗记	茗记	2008-04-25	1	WEB			4125
3892	逆境無頼カイジ Ultimate Survivor	赌博默示录	2007-10-02	26	TV			12317
3909	一騎当千	一骑当千	2003-07-30	13	TV			4840
3916	バジリスク ～甲賀忍法帖～	甲贺忍法帖	2005-04-12	24	TV			220187
3944	舞-乙HiME Zwei	舞-乙HiME Zwei	2006-11-24	4	OVA		1028	
3948	舞-乙HiME 0 ～S.ifr～	舞-乙HiME 0～S.ifr～	2008-02-22	3	OVA			1028
3960	DARKER THAN BLACK -黒の契約者- 外伝	DARKER THAN BLACK -黑之契约者- 外传	2010-01-27	4	OVA		292	2354
3995	劇場版 天元突破グレンラガン 紅蓮篇	天元突破红莲螺岩 红莲篇	2008-09-06	1	剧场版			3996
3996	劇場版 天元突破グレンラガン 螺巌篇	天元突破红莲螺岩 螺岩篇	2009-04-25	1	剧场版		3995	
4006	鋼鉄天使くるみ	钢铁天使胡桃	1999-10-05	24	TV			4007
4007	鋼鉄天使くるみ2式	钢铁天使胡桃二式	2001-04-12	12	TV		4006	
4015	ダイバージェンス・イヴ	死体兵	2003-07-02	13	TV			8591
4023	コレクター・ユイ 第1シリーズ	网络安琪儿 第一期	1999-04-09	26	TV			4024
4024	コレクター・ユイ 第2シリーズ	网络安琪儿 第二期	2000-04-14	26	TV		4023	
4077	おおきく振りかぶって～夏の大会編～	王牌投手 振臂高挥～夏日大会篇～	2010-04-01	13	TV		1267	
4100	東京魔人學園剣風帖 龖	东京魔人学园剑风帖 龙龙	2007-01-19	14	TV			4101
4101	東京魔人學園剣風帖 龖 第弐幕	东京魔人学园剑风帖 龙龙 第二幕	2007-07-27	12	TV		4100	
4124	ハートキャッチプリキュア!	Heart Catch 光之美少女！	2010-02-07	49	TV		1109	11779
4125	茗记2-初织恋	茗记2-初织恋		1	WEB		3859	9416
4163	カレイドスター	百变之星	2003-04-03	51	TV			37063,37062
4185	MEZZO -メゾ-	危险代理人	2004-01-04	13	TV		2107	
4200	喜羊羊与灰太狼之虎虎生威		2010-01-29	1	剧场版		13134	13135
4213	機動戦士ガンダムΖΖ	机动战士高达ZZ	1986-03-01	47	TV		9622	4583
4214	マリア様がみてる	圣母在上	2004-01-07	13	TV			4215
4215	マリア様がみてる 〜春〜	圣母在上 春	2004-07-07	13	TV		4214	4216
4216	マリア様がみてる 3rdシーズン	圣母在上 第3季	2006-11-29	5	OVA		4215	1321
4217	ああっ女神さまっ	我的女神	2005-01-06	27	TV			9605
4243	ふたりはプリキュア	光之美少女	2004-02-01	49	TV			15946
4255	WORKING!!	迷糊餐厅	2010-04-04	13	TV			20547
4264	忍たま乱太郎 1期	忍者乱太郎 1期	1993-04-10	47	TV			161680
4274	マルドゥック・スクランブル 圧縮	壳中少女 压缩	2010-11-06	1	剧场版			44690
4281	一騎当千 XTREME XECUTOR	一骑当千 XTREME XECUTOR	2010-03-26	12	TV		4841	100568
4286	真・恋姫†無双～乙女大乱～	真・恋姬无双～少女大乱～	2010-04-01	12	TV		2606	
4293	メジャー 第6シリーズ	棒球大联盟 第六季	2010-04-03	25	TV		2889	10966,227739
4301	星界の紋章	星界的纹章	1999-01-12	13	TV			9617
4314	リングにかけろ1 影道編	拳王创世纪1 影道篇	2010-04-02	6	TV		75520	10568
4315	薄桜鬼	薄樱鬼	2010-04-03	12	TV		35715	7350
4383	円盤皇女ワるきゅーレ	圆盘皇女	2002-07-04	12	TV			4384
4384	円盤皇女ワるきゅーレ 十二月の夜想曲	圆盘皇女 十二月的小夜曲	2003-10-04	12	TV		4383	18613
4395	映画 プリキュアオールスターズDX みんなともだちっ☆奇跡の全員大集合！	电影 光之美少女 All Stars DX 大家都是朋友☆奇迹的全员大集合！	2009-03-20	1	剧场版			13041
4450	ヘタリア World Series 第3期	黑塔利亚 第3期	2010-03-26	24	WEB		1741	8082
4471	爆裂天使	爆裂天使	2004-04-06	24	TV			45375
4480	TALES OF SYMPHONIA THE ANIMATION テセアラ編	仙乐传说 迪赛雅兰篇	2010-03-25	4	OVA		3014	12697
4486	殿といっしょ	和殿下一起	2010-03-25	1	OVA			10741
4507	ふしぎ遊戯	不思议游戏	1995-04-06	52	TV			39523
4530	ひめチェン！おとぎちっくアイドル リルぷりっ	变身！偶像公主	2010-04-04	51	TV			674430
4541	ジュエルペット てぃんくる☆	宝石宠物 Tinkle☆	2010-04-03	52	TV		16981	13312
4556	マリー＆ガリー	玛丽&伽利	2009-03-31	40	TV			4557
4557	マリー＆ガリー ver.2.0	玛丽与伽利 ver 2.0	2010-03-30	30	TV		4556	
4558	映画ドラえもん のび太の人魚大海戦	哆啦A梦：大雄的人鱼大海战	2010-03-06	1	剧场版		477	19130
4583	機動戦士ガンダム 逆襲のシャア	机动战士高达 逆袭的夏亚	1988-03-12	1	剧场版		4213	3113,243429
4588	怪物王女	怪物王女	2007-04-12	26	TV			10488
4599	ポポロクロイス物語	波波罗克罗伊斯物语	1998-10-04	25	TV			154748
4607	Avatar:The Last Airbender Season 2	降世神通：最后的气宗 第二季	2006-03-17	20	TV		3275	4608
4608	Avatar:The Last Airbender Season 3	降世神通：最后的气宗 第三季	2007-09-21	21	TV		4607	10599,549975
4614	我叫MT 第三季	我叫MT 第三季	2010-05-10	10	WEB		3826	10526
4631	デジモンクロスウォーズ	数码宝贝合体战争	2010-07-06	30	TV			351897
4634	ギャラクシーエンジェル	银河天使	2001-04-07	26	TV			4635
4635	ギャラクシーエンジェルZ	银河天使Z	2002-02-03	18	TV		4634	18082
4653	天空戦記シュラト	天空战记	1989-04-06	38	TV			6608
4756	ロックマンエグゼBEAST	洛克人EXE BEAST	2005-10-01	25	TV		5232	5233
4830	こどものじかん 2学期	萝莉的时间 2学期	2009-02-20	3	OVA		558713	11142
4840	一騎当千 Dragon Destiny	一骑当千 Dragon Destiny	2007-02-26	12	TV		3909	4841
4841	一騎当千 Great Guardians	一骑当千 Great Guardians	2008-06-11	12	TV		4840	4281
4843	聖闘士星矢	圣斗士星矢	1986-10-11	114	TV		12558	593
4849	South Park Season 13	南方公园 第13季	2009-03-11	14	TV		50323	10197
4859	×××HOLiC・籠	×××HOLiC 笼	2010-04-23	1	OVA		2898	11598
4884	星游记		2011-10-30	26	TV			136756
5230	ロックマンエグゼ	洛克人EXE Season	2002-03-04	56	TV			5231
5231	ロックマンエグゼAXESS	洛克人EXE AXESS	2003-10-04	51	TV		5230	5232
5232	ロックマンエグゼStream	洛克人EXE STREAM	2004-10-02	51	TV		5231	4756
5233	ロックマンエグゼBEAST+	洛克人EXE BEAST+	2006-04-08	26	TV		4756	
5234	流星のロックマン	流星之洛克人	2006-10-07	55	TV			5235
5235	流星のロックマン トライブ	流星之洛克人 Tribe	2007-11-03	21	TV		5234	
5365	ローゼンメイデン・オーベルテューレ	蔷薇少女 序曲	2006-12-22	2	TV			1025
5378	機動戦士Zガンダム -星を継ぐ者-	机动战士Z高达 A New Translation -星之继承者-	2005-05-28	1	剧场版			18778
5393	ONE PIECE FILM STRONG WORLD EPISODE:0	航海王：强者天下 前传	2010-04-28	1	OVA			2462
5426	キャプテン翼	足球小将	1983-10-13	128	TV			291945
5428	美少女戦士セーラームーンR	美少女战士R	1993-03-06	43	TV		1510	5432
5430	蒼き流星SPTレイズナー	苍之流星SPT雷兹纳	1985-10-03	38	TV			45048
5431	WOLF'S RAIN OVA	狼雨 OVA	2004-01-23	4	OVA		1983	
5432	美少女戦士セーラームーンS	美少女战士S	1994-03-19	38	TV		5428	5433
5433	美少女戦士セーラームーンSuperS	美少女战士SuperS	1995-03-04	39	TV		5432	5434
5434	美少女戦士セーラームーンセーラースターズ	美少女战士Sailor Stars	1996-03-09	34	TV		5433	
5436	俺の妹がこんなに可愛いわけがない	我的妹妹哪有这么可爱！	2010-10-03	16	TV			37898
5467	魔動王グランゾート	魔动王	1989-04-07	41	TV			25423
5474	ぬらりひょんの孫	滑头鬼之孙	2010-07-05	26	TV			12192
5498	ブレイク ブレイド 第一章 覚醒ノ刻	破刃之剑 第一章 觉醒之刻	2010-05-29	1	剧场版			5499
5499	ブレイク ブレイド 第二章 訣別ノ路	破刃之剑 第二章 诀别之路	2010-06-26	1	剧场版		5498	7666
5649	生徒会役員共	妄想学生会	2010-07-03	13	TV			85204
5651	ストライクウィッチーズ2	强袭魔女2	2010-07-07	12	TV		698	85339
5656	アマガミSS	圣诞之吻SS	2010-07-01	26	TV			24649
5658	みつどもえ	超元气三姐妹	2010-07-02	14	TV			10071
5753	Futurama (Season 6)	飞出个未来 第6季	2010-06-24	26	TV		219986	22346
5868	黑猫警长	黑猫警长		5	TV			134468
5875	超蛙战士之初露锋芒	超蛙战士之初露锋芒	2010-06-01	1	剧场版		35333	35331
5972	劇場版 機動戦士ガンダム00 -A wakening of the Trailblazer-	机动战士高达00 先驱者的觉醒	2010-09-18	1	剧场版		1010	
5976	神のみぞ知るセカイ	只有神知道的世界	2010-10-06	12	TV			10739
5977	幻想魔伝 最遊記	最游记	2000-04-04	50	TV		6993	6995
5997	トップをねらえ! 劇場版	飞跃巅峰！剧场版	2006-10-01	1	剧场版			5998
5998	トップをねらえ2! 劇場版	飞跃巅峰2！剧场版	2006-10-01	1	剧场版		5997	
6007	一撃殺虫!!ホイホイさん	一击杀虫!! 小惠惠	2004-09-30	1	OVA			55301
6048	新世紀エヴァンゲリオン劇場版 シト新生	新世纪福音战士剧场版 死与新生	1997-03-15	2	剧场版			6049
6049	新世紀エヴァンゲリオン劇場版 Air/まごころを、君に	新世纪福音战士剧场版 Air/真心为你	1997-07-19	2	剧场版		265,6048	
6235	EX MACHINA	苹果核战记2	2007-10-20	1	剧场版		472	
6254	セイバーマリオネットJ	机械女神J	1996-10-01	25	TV			6297
6297	またまたセイバーマリオネットJ	机械女神J again	1997-11-25	6	OVA		6254	6298
6298	セイバーマリオネットJ to X	机械女神JtoX	1998-10-06	26	TV		6297	
6473	モンハン日記 ぎりぎりアイルー村 ☆アイルー危機一髪☆	怪物猎人日记 岌岌可危的猫猫村 ☆猫猫千钧一发☆	2010-08-05	10	TV			18578
6608	天空戦記シュラト 創世への暗闘	天空战记 创世前的暗斗	1991-09-16	6	OVA		4653	
6649	Toy Story	玩具总动员	1995-11-22	1	剧场版			6650
6650	Toy Story 2	玩具总动员2	1999-11-24	1	剧场版		6649	6651
6651	Toy Story 3	玩具总动员3	2010-06-16	1	剧场版		6650	117148
6756	くるねこ Season2	来来猫 第二季	2010-07-03	50	TV		1752	
6776	名探偵コナン コナンvsキッドvsヤイバ 宝刀争奪大決戦!!	柯南对基德对铁剑 宝刀争夺大决战	2000-10-01	1	OVA			38126
6815	秦时明月之诸子百家	秦时明月之诸子百家	2010-06-10	34	TV		2769	17045
6820	紅 Kurenai OVA	红 Kurenai OVA	2010-07-02	2	OVA		494	
6933	百花繚乱 サムライガールズ	百花缭乱 SAMURAI GIRLS	2010-10-03	12	TV			48055
6985	BLACK LAGOON Roberta’s Blood Trail	黑礁 Roberta’s Blood Trail	2010-07-17	5	OVA		980	
6993	最遊記RELOAD -burial-	最游记RELOAD 埋葬篇	2007-04-27	3	OVA		6998	5977
6995	最遊記RELOAD	最游记RELOAD	2003-10-02	25	TV		5977	6997
6997	最遊記RELOAD GUNLOCK	最游记RELOAD GUNLOCK	2004-04-01	26	TV		6995	187976
6998	最遊記外伝	最游记外传	2011-03-25	3	OVA			6993
7014	殿といっしょ 1分間劇場	和殿下一起 1分钟剧场	2010-07-05	12	TV			10741
7107	魔法少女プリティサミー	魔法少女砂沙美	1996-10-04	26	TV			229358
7150	そらのおとしものf	天降之物f	2010-10-01	12	TV		2617	12576
7183	真・恋姫†無双 †はにゃDVD第七巻はOVAすぺしゃるなのだ†	真・恋姬无双 OVA	2010-07-07	1	OVA		7184	82214
7184	恋姫†無双 †はわわっDVD七巻はOVAすぺしゃるですよ〜†	恋姬无双 OVA	2009-04-01	1	OVA			7183
7298	屍姫 玄	尸姬 玄	2009-01-01	13	TV		923	
7350	薄桜鬼 碧血録	薄樱鬼 碧血录	2010-10-02	10	TV		4315	
7352	GIRLSブラボー second season	女生万岁 second season	2005-01-27	13	TV		3619	
7366	セイント・ビースト～聖獣降臨編～	四圣兽 ～圣兽降临篇～	2003-05-08	6	TV		2091	
7369	変幻退魔夜行 カルラ舞う！～仙台小芥子怨歌～	变幻退魔夜行 迦楼罗漫舞～仙台小芥子怨歌～	1990-09-14	6	OVA		78059	
7666	ブレイク ブレイド 第三章 凶刃ノ痕	破刃之剑 第三章 凶刃之痕	2010-09-25	1	剧场版		5499	11043
7707	傷物語〈Ⅰ 鉄血篇〉	伤物语〈Ⅰ 铁血篇〉	2016-01-08	1	剧场版			148036
7777	SpongeBob SquarePants (Season 1)	海绵宝宝 第一季	1999-05-01	20	TV			110783
7783	あきそら～夢の中～	秋日天空 ～梦之中～	2010-07-30	2	OVA		3495	
7842	侵略!イカ娘	侵略!乌贼娘	2010-10-04	12	TV			18004
7843	とある魔術の禁書目録Ⅱ	魔法禁书目录 第二季	2010-10-08	24	TV		1014	226540
7852	パピヨンローゼ New Season	内衣战士玫瑰蝴蝶 New Season	2006-02-09	6	TV		81717	
7882	テガミバチ REVERSE	信蜂 REVERSE	2010-10-02	25	TV		2476	
7929	マスターモスキートン	爆笑吸血鬼 OVA	1996-11-21	6	OVA			22967
7933	ぼくのぴこ	我的Pico	2006-09-07	1	OVA	1		10995
7962	ぴこ×CoCo×ちこ	我的Pico3	2008-10-09	1	OVA	1	10995	
8061	東方PVD	东方PVD	2010-08-13	5	OVA			21335
8081	荒川アンダー ザ ブリッジ×ブリッジ	荒川爆笑团2	2010-10-03	13	TV		2464	
8082	ヘタリア World Series 第4期	黑塔利亚 第4期	2010-09-10	24	WEB		4450	46012
8181	Genius Party	天才嘉年华	2007-07-07	7	剧场版			9001
8199	Gargoyles Season 1	夜行神龙 第一季	1994-10-24	13	TV			347340
8247	3丁目のタマ うちのタマ知りませんか?	猫狗宠物街	1993-07-03	9	TV			8248
8248	3丁目のタマ うちのタマ知りませんか? 第2期	猫狗宠物街 第2期	1994-04-03	26	TV		8247	
8249	無責任艦長タイラー	无责任舰长	1993-01-25	26	TV			38730
8290	頭文字D	头文字D	1998-04-19	26	TV			9568
8296	ToHeart		1999-04-01	13	TV			8297
8297	ToHeart Remember my memories	Toheart 回忆永恒	2004-10-02	13	TV		8296	
8333	Draw with Me	和我一起来画吧	2009-07-18	1	WEB			60376
8356	3×3EYES	三只眼	1991-07-25	4	OVA			8357
8357	3×3EYES 〜聖魔伝説〜	三只眼 圣魔传说	1995-07-25	3	OVA		8356	
8380	プロジェクトA子	A子计划	1986-06-21	1	剧场版			55058
8386	北斗の拳	北斗神拳	1984-10-04	109	TV			53742
8389	クイーンズブレイド 美しき闘士たち	女皇之刃 美丽女斗士们	2010-08-25	6	OVA		2605	25610
8400	スーパーロボット大戦OG -ジ・インスペクター-	超级机器人大战OG -The inspector-	2010-10-01	26	TV		3283	
8401	ポケットモンスター ベストウイッシュ	宝可梦 超级愿望	2010-09-23	84	TV		3021	40081
8402	Panty & Stocking with Garterbelt	吊带袜天使	2010-10-01	13	TV			390555
8412	超特急ヒカリアン	铁胆火车侠	1997-04-02	50	TV			8413
8413	電光超特急ヒカリアン	铁胆火车侠2	2002-04-07	50	TV		8412	
8452	たまゆら	玉响	2010-11-26	4	OVA			18605
8484	機動警察パトレイバー	机动警察	1989-10-11	47	TV			13552
8509	倒凶十将伝	倒凶十将传	1999-07-23	3	OVA			222321
8546	もっとTo LOVEる -とらぶる-	更多 出包王女	2010-10-05	12	TV		3325	37694
8560	探偵オペラ ミルキィホームズ	侦探歌剧 少女福尔摩斯	2010-10-07	12	TV			22287
8582	獣兵衛忍風帖	兽兵卫忍风帖	1993-06-05	1	剧场版			36484
8590	ウィンターガーデン	冬季花园	2006-12-22	2	TV		14389	
8591	みさきクロニクル 〜ダイバージェンス・イヴ〜	死体兵 第二季	2004-01-02	13	TV		4015	
8621	バトルスピリッツ ブレイヴ	战斗之魂Brave	2010-09-12	50	TV		14766	20407,270175
8622	楽しいムーミン一家	姆明一族	1990-04-12	78	TV			9268
8631	プリンセスラバー! シルヴィア編	公主恋人！西尔维娅篇	2010-09-17	2	OVA	1		
8696	機動警察パトレイバー アーリーデイズ	机动警察 OVA	1988-04-25	7	OVA			9979
8700	ヴァンドレッド	银河冒险战记	2000-10-03	13	TV			42691
8800	Courage the Cowardly Dog (Season 2)	胆小狗英雄 第2季	2000-10-31	13	TV		8802	20847
8802	Courage the Cowardly Dog (Season 1)	胆小狗英雄 第1季	1999-11-12	14	TV			8800
8966	クレヨンしんちゃん アクション仮面VSハイグレ魔王	蜡笔小新：动感超人大战泳装魔王	1993-07-24	1	剧场版			8968
8968	クレヨンしんちゃん ブリブリ王国の秘宝	蜡笔小新：不理不理王国的秘宝	1994-04-23	1	剧场版		8966	8969
8969	クレヨンしんちゃん 雲黒斎の野望	蜡笔小新：云黑斋的野心	1995-04-15	1	剧场版		8968	8970
8970	クレヨンしんちゃん ヘンダーランドの大冒険	蜡笔小新：搞怪游乐园大冒险	1996-04-13	1	剧场版		8969	8971
8971	クレヨンしんちゃん 暗黒タマタマ大追跡	蜡笔小新：黑暗珠珠大追击	1997-04-19	1	剧场版		8970	8972
8972	クレヨンしんちゃん 電撃!ブタのヒヅメ大作戦	蜡笔小新：电击！猪蹄大作战	1998-04-18	1	剧场版		8971	8973
8973	クレヨンしんちゃん 爆発!温泉わくわく大決戦	蜡笔小新：爆发！温泉激烈大决战	1999-04-17	1	剧场版		8972	8982
8982	クレヨンしんちゃん 嵐を呼ぶジャングル	蜡笔小新：风起云涌的丛林冒险	2000-04-22	1	剧场版		8973	8986
8986	クレヨンしんちゃん 嵐を呼ぶ モーレツ!オトナ帝国の逆襲	蜡笔小新：大人王国的反击	2001-04-21	1	剧场版		8982	8987
8987	クレヨンしんちゃん 嵐を呼ぶ アッパレ!戦国大合戦	蜡笔小新：风起云涌 壮烈！战国大会战	2002-04-20	1	剧场版		8986	8989
8989	クレヨンしんちゃん 嵐を呼ぶ 栄光のヤキニクロード	蜡笔小新：风起云涌 光荣烧肉之路	2003-04-19	1	剧场版		8987	8991
8991	クレヨンしんちゃん 嵐を呼ぶ!夕陽のカスカベボーイズ	蜡笔小新：风起云涌！夕阳下的春日部男孩	2004-04-17	1	剧场版		8989	8993
8993	クレヨンしんちゃん 伝説を呼ぶブリブリ 3分ポッキリ大進撃	蜡笔小新：3分钟百变虎口脱险	2005-04-16	1	剧场版		8991	8995
8995	クレヨンしんちゃん 伝説を呼ぶ 踊れ!アミーゴ!	蜡笔小新：Amigo！森巴入侵计划	2006-04-15	1	剧场版		8993	8996
8996	クレヨンしんちゃん 嵐を呼ぶ 歌うケツだけ爆弾!	蜡笔小新：小白的屁屁炸弹	2007-04-21	1	剧场版		8995	8997
8997	クレヨンしんちゃん ちょー嵐を呼ぶ 金矛の勇者	蜡笔小新：风起云涌的金矛勇者	2008-04-19	1	剧场版		8996	8998
8998	クレヨンしんちゃん オタケベ!カスカベ野生王国	蜡笔小新：春日部野生王国	2009-04-18	1	剧场版		8997	8999
8999	クレヨンしんちゃん 超時空!嵐を呼ぶオラの花嫁	蜡笔小新：我的超时空新娘	2010-04-17	1	剧场版		8998	24824
9001	Genius Party Beyond	天才嘉年华BEYOND	2008-10-11	5	剧场版		8181	
9005	ドラゴンボールZ	龙珠Z	1989-04-26	291	TV		9565	9566,132220,459435
9268	楽しいムーミン一家 冒険日記	姆明一族 冒险日记	1991-10-10	26	TV		8622	171034
9270	ちびまる子ちゃん	樱桃小丸子	1995-01-08	1553	TV		28165	
9271	おじゃる丸 第1シリーズ	反斗小王子 第1季	1998-10-05	90	TV			415333
9302	キューティーハニー	甜心战士	1973-10-13	25	TV			56726
9305	アタッカーYOU!	胜利女排	1984-04-13	50	TV			165556
9348	爆転シュート ベイブレード	爆旋陀螺	2001-01-08	51	TV			9349
9349	爆転シュート ベイブレード 2002	爆旋陀螺2	2002-01-07	51	TV		9348	9352
9352	爆転シュート ベイブレード Gレボリューション	爆旋陀螺G世代	2003-01-06	52	TV		9349	
9416	茗记之取舍	茗记3 - 取舍	2010-10-06	1	WEB		4125	75440
9517	遺作	遗作	1997-11-28	4	OVA	1		69439
9565	ドラゴンボール	龙珠	1986-02-26	153	TV			9005
9566	ドラゴンボールGT	龙珠GT	1996-02-07	64	TV		9005	
9567	爆走兄弟レッツ&ゴー!!	四驱兄弟	1996-01-08	51	TV			47759
9568	頭文字D Second Stage	头文字D Second Stage	1999-10-15	13	TV		8290	9569
9569	頭文字D Third Stage	头文字D Third Stage	2001-01-13	1	剧场版		9568	3816
9588	金田一少年の事件簿	金田一少年事件簿	1997-04-07	148	TV			96861
9605	ああっ女神さまっ それぞれの翼	我的女神 缤纷之翼	2006-04-06	24	TV		4217	13551
9617	星界の戦旗	星界的战旗	2000-04-14	13	TV		4301	9618
9618	星界の戦旗II	星界的战旗II	2001-07-11	10	TV		9617	9619
9619	星界の戦旗III	星界的战旗III	2005-08-26	2	OVA		9618	
9622	機動戦士Ζガンダム	机动战士Z高达	1985-03-02	50	TV		50	4213
9639	ひだまりスケッチ×☆☆☆ 特別編	向阳素描×☆☆☆ 特别篇	2010-10-27	2	OVA		3622	22241
9642	ひだまりスケッチ 特別編	向阳素描 特别篇	2007-10-18	2	OVA		896	330
9713	ヨコハマ買い出し紀行	横滨购物纪行	1998-05-21	2	OVA			14684
9717	魔法少女まどか☆マギカ	魔法少女小圆	2011-01-06	12	TV			44693
9726	まりあ†ほりっく あらいぶ	玛利亚狂热 ALIVE	2011-04-07	12	TV		894	
9757	君に届け 2ND SEASON	好想告诉你 第二季	2011-01-04	12	TV		2790	453140
9774	これはゾンビですか?	这个是僵尸吗？	2011-01-10	12	TV			18797
9800	IS〈インフィニット・ストラトス〉	IS〈无限斯特拉托斯〉	2011-01-06	12	TV			68022
9840	魁拔之十万火急		2011-07-08	1	剧场版		282736	24837
9841	家庭教師のおねえさん THE ANIMATION～Hの偏差値あげちゃいます～	家庭教师大姐姐 ～帮你提升色情学分喔～	2007-04-27	2	OVA			63032
9979	機動警察パトレイバー the Movie	机动警察剧场版1 东京毁灭战	1989-07-15	1	剧场版		8696	321
10040	フリージング	零度战姬	2011-01-08	12	TV			78404
10071	みつどもえ 増量中!	超元气三姐妹 增量中！	2011-01-08	8	TV		5658	
10076	這いよる! ニャルアニ リメンバー・マイ・ラブ（クラフト先生）	潜行吧！奈亚动画 Remember My Love	2010-12-10	12	TV		18079	
10099	天保異聞 妖奇士	天保异闻妖奇士	2006-10-07	25	TV			53687
10160	シュガシュガルーン	魔界女王候补生	2005-07-02	51	TV			577812
10197	South Park Season 14	南方公园 第14季	2010-03-17	14	TV		4849	16621
10220	蓝猫淘气3000问		1999-10-08	404	TV			208055
10225	カードファイト!! ヴァンガード	卡片战斗先导者	2011-01-08	65	TV			35977
10226	緋弾のアリア	绯弹的亚里亚	2011-04-14	12	TV			641484
10243	世界一初恋	世界第一初恋	2011-04-08	12	TV			20813
10275	王ドロボウJING	盗贼王Jing	2002-05-15	13	TV			98284
10278	DOG DAYS	DOG DAYS	2011-04-02	13	TV			23681
10291	GHOST IN THE SHELL / 攻殻機動隊2.0	攻壳机动队2.0	2008-07-12	1	剧场版			238
10306	獣装機攻ダンクーガノヴァ	兽装机攻断空我NOVA	2007-02-15	12	TV		20831	
10308	名探偵コナン 沈黙の15分	名侦探柯南 沉默的15分钟	2011-04-16	1	剧场版		3628	46940
10309	South Park Season 11	南方公园 第11季	2007-03-07	14	TV		52392	50323
10335	手塚治虫のブッダ -赤い砂漠よ!美しく-	手塚治虫的佛陀～美丽的红色沙漠～	2011-05-28	1	剧场版			63078
10339	青の祓魔師	青之驱魔师	2011-04-17	25	TV			186034
10353	ファイ・ブレイン ～神のパズル	Phi-Brain～神之谜题	2011-10-02	25	TV			31414
10356	HUNTER×HUNTER OVA 第1期 ヨークシンシティー完結編	猎人 OVA1 友客鑫市完结篇	2002-01-17	8	OVA		1704	10357
10357	HUNTER×HUNTER OVA 第2期 GREED ISLAND	猎人 OVA2 贪婪之岛	2003-02-05	8	OVA		10356	10358
10358	HUNTER×HUNTER OVA 第3期 G・I Final	猎人 OVA3 贪婪之岛 完结篇	2004-02-18	14	OVA		10357	
10375	伝説巨神イデオン	传说巨神伊迪安	1980-05-08	39	TV			23304
10379	装甲騎兵ボトムズ	装甲骑兵VOTOMS	1983-04-01	52	TV		30222	41733
10380	STEINS;GATE	命运石之门	2011-04-06	24	TV			23119,129807
10385	TIGER & BUNNY		2011-04-02	25	TV			66202
10388	うる星やつら	福星小子	1981-10-14	218	TV			47152
10390	マジンガーZ	魔神Z	1972-12-03	92	TV			30163,211853
10391	シティーハンター	城市猎人	1987-04-06	51	TV			53925
10392	銀河鉄道999	银河铁道999	1978-09-14	113	TV		49266,49268,98514	
10393	宇宙戦艦ヤマト	宇宙战舰大和号	1974-10-06	26	TV		109271	53788
10397	ガンバの冒険	刚巴的冒险	1975-04-17	26	TV			139360
10398	ジーンダイバー	基因潜水员	1994-04-04	50	TV		189512	189016
10402	聖戦士ダンバイン	圣战士登拜因	1983-02-05	49	TV			39869
10404	あしたのジョー	明日之丈	1970-04-01	79	TV			67753
10405	ゲッターロボ	盖塔机器人	1974-04-04	51	TV			25921
10408	NG騎士ラムネ&40	NG骑士柠檬汽水&40	1990-04-06	38	TV			37252
10412	魔法使いTai!	魔法使俱乐部	1999-07-07	13	TV		26463	
10413	バトルアスリーテス 大運動会	BATTLE ATHLETESS 大运动会	1997-10-03	26	TV			309331
10414	ストラトス・フォー	星空防卫队	2003-01-04	13	TV			48991
10419	はじめの一歩	第一神拳	2000-10-03	76	TV			135195
10437	Dororonえん魔くん メ～ラめら	咚隆隆 炎魔君熊熊燃烧	2011-04-07	12	TV		13561	
10457	乙女はお姉さまに恋してる 2人のエルダー THE ANIMATION	少女爱上姐姐 2人的Elder THE ANIMATION	2012-08-29	3			3828	348376
10462	モーレツ宇宙海賊	暴力宇宙海贼	2012-01-07	26	TV			50900
10488	怪物王女 OAD	怪物王女 OAD	2010-12-09	3	OVA		4588	
10494	カッコカワイイ宣言!	好帅好可爱宣言!	2010-11-05	5	WEB			20528
10526	我叫MT 第四季	我叫MT 第四季	2011-01-19	10	WEB		4614	26803
10542	劇場版ポケットモンスター ダイヤモンド&パール 幻影の覇者 ゾロアーク	剧场版宝可梦 钻石&珍珠: 幻影的霸者 索罗亚克	2010-07-10	1	剧场版		3033	19561,19618
10553	Usavich Season 4	监狱兔 第四季	2011-03-01	13	TV		58865	58345
10560	魔法の天使クリィミーマミ	我是小甜甜	1983-07-01	52	TV			108939
10565	聖痕のクェイサーII	圣痕炼金士II	2011-04-11	12	TV		3479,99925	
10568	リングにかけろ1 世界大会編	拳王创世纪1 世界大会篇	2011-04-10	6	TV		4314	
10599	The Legend of Korra Book 1: Air	科拉传奇 第一季：气和	2012-04-14	12	TV		4608,365702	43180
10639	Fate/Zero	Fate/Zero	2011-10-01	25	TV			290,3484,95225
10704	史上最強の弟子ケンイチ	史上最强弟子兼一	2006-10-07	50	TV			37415,99906
10739	神のみぞ知るセカイII	只有神知道的世界 第二季	2011-04-11	12	TV		5976	46014
10741	殿といっしょ～眼帯の野望～	和殿下一起～眼罩之野心～	2011-04-04	12	TV		4486,7014	
10742	よんでますよ、アザゼルさん。	恶魔阿萨谢尔在召唤你	2011-04-08	13	TV			53984
10745	我为歌狂	我为歌狂	2001-08-06	52	TV			219141
10760	遊☆戯☆王ZEXAL	游戏王ZEXAL	2011-04-11	73	TV			48670
10840	ベルセルク 黄金時代篇I 覇王の卵	剑风传奇 黄金时代篇I 霸王之卵	2012-02-04	1	剧场版			45240
10941	Young Justice Season 1	少年正义联盟 第一季	2011-01-07	26	TV			52129
10954	百合星人ナオコサン	百合星人奈绪子	2010-12-18	1	OVA			24546
10966	メジャー・メッセージ	棒球大联盟Message	2010-12-17	1	OVA		4293	
10995	ぴことちこ	我的Pico2	2007-04-19	1	OVA	1	7933	7962
10997	开心宝贝 第一季	开心宝贝	2010-07-02	52	TV			320413
11043	ブレイク ブレイド 第四章 惨禍ノ地	破刃之剑 第四章 惨祸之地	2010-10-30	1	剧场版		7666	11044
11044	ブレイク ブレイド 第五章 死線ノ涯	破刃之剑 第五章 死线之涯	2011-01-22	1	剧场版		11043	11045
11045	ブレイク ブレイド 第六章 慟哭ノ砦	破刃之剑 第六章 恸哭之寨	2011-03-26	1	剧场版		11044	
11142	こどものじかん～こどものなつじかん～	萝莉的时间～萝莉的夏令时～	2011-01-21	1	OVA		4830	
11145	バカとテストと召喚獣にっ!	笨蛋，测验，召唤兽2！	2011-07-07	13	TV		3326,12496	
11180	プリティーリズム・オーロラドリーム	美妙旋律 极光之梦	2011-04-09	51	TV			32816
11189	ジャングル大帝	森林大帝	1965-10-06	52	TV			53752
11191	昆虫物語みなしごハッチ	小蜜蜂寻亲记	1970-04-07	91	TV			107440
11193	スレイヤーズえくせれんと	秀逗魔导士EXCELLENT	1998-10-25	3	OVA		11646	
11514	アクエリアンエイジ Sign for Evolution	水瓶新世纪	2002-01-03	13	TV			33311
11577	THE IDOLM@STER	偶像大师	2011-07-07	25	TV			64172
11598	×××HOLiC・籠 あだゆめ	×××HOLiC・笼 徒梦	2011-03-09	1	OVA		4859	
11602	UP	飞屋环游记	2009-05-29	1	剧场版			347843
11629	劇場版 空の境界 終章 空の境界	剧场版 空之境界 终章 空之境界	2011-02-02	1	OVA		3423	
11645	スレイヤーズREVOLUTION	秀逗魔导士REVOLUTION	2008-07-02	13	TV		2097	323
11646	スレイヤーズすぺしゃる	秀逗魔导士SPECIAL	1996-07-25	3	OVA			11193
11647	劇場版 スレイヤーズごぅじゃす	剧场版 秀逗魔导士GORGEOUS	1998-08-01	1	剧场版		42097	16841
11683	花の子ルンルン	花仙子	1979-02-09	50	TV			449354
11779	スイートプリキュア♪	Suite 光之美少女♪	2011-02-06	48	TV		4124	27332
11834	銀魂'	银魂'	2011-04-04	51	TV		247	47576
11909	Despicable Me	神偷奶爸	2010-07-09	1	剧场版			67809
11913	ヴァイスクロイツ	白色猎人	1998-04-08	25	TV			39001,39002
11936	臭作 ～Liberty～	臭作 ～Liberty～	2003-01-24	2	OVA	1	69435	
11973	うたの☆プリンスさまっ♪ マジLOVE1000%	歌之王子殿下 真爱1000%	2011-07-02	13	TV			31416
12012	海尔兄弟	海尔兄弟		212	TV			581254
12081	ラストエグザイル-銀翼のファム-	最终流放-银翼的飞梦-	2011-10-14	21	TV		921	
12083	Batman: The Animated Series	蝙蝠侠 (1992)	1992-09-05	85	TV			127957
12192	ぬらりひょんの孫～千年魔京～	滑头鬼之孙～千年魔京～	2011-07-03	26	TV		5474	
12317	逆境無頼カイジ 破戒録篇	赌博默示录 破戒录篇	2011-04-05	26	TV		3892	
12332	ダンボール戦機	纸箱战机	2011-03-02	44	TV			30526
12496	バカとテストと召喚獣 〜祭〜	笨蛋，测验，召唤兽 ～祭～	2011-02-23	2	OVA		3326	11145
12536	夏目友人帳 参	夏目友人帐 叁	2011-07-04	13	TV		891	23495
12558	聖闘士星矢 THE LOST CANVAS 冥王神話 第2章	圣斗士星矢 THE LOST CANVAS 冥王神话 第2章	2011-02-23	13	OVA		1753	4843
12576	劇場版 そらのおとしもの 時計じかけの哀女神	天降之物 计时的悲伤女神	2011-06-25	1	剧场版		7150	86445
12618	劇場版 マクロスF 恋離飛翼 〜サヨナラノツバサ〜	剧场版 超时空要塞F 恋离飞翼	2011-02-26	1	剧场版		2504	327550
12620	アクエリオンEVOL	创圣的大天使EVOL	2012-01-08	26	TV		1763	126024
12655	ゆるめいつ	希望宅邸	2009-04-24	13	OVA			14763
12697	TALES OF SYMPHONIA THE ANIMATION 世界統合編	仙乐传说 世界统合篇	2011-11-23	3	OVA		4480	
12703	境界線上のホライゾン	境界线上的地平线	2011-10-01	13	TV			29307
12784	銀河鉄道物語	银河铁道物语	2003-10-04	26	TV			49267
12785	銀河鉄道物語 ～永遠への分岐点～	银河铁道物语II 永远的分歧点	2006-10-04	24	TV		12784,49267	
12885	攻殻機動隊 S.A.C. SOLID STATE SOCIETY 3D	攻壳机动队 S.A.C. SSS 3D	2011-03-26	1	剧场版		48746	
13014	おまえうまそうだな	你看起来很好吃	2010-10-16	1	剧场版			128245
13015	超重神グラヴィオン	超重神GRAVION	2002-10-07	13	TV			42690
13041	映画 プリキュアオールスターズDX2 希望の光☆レインボージュエルを守れ！	电影 光之美少女 All Stars DX2 希望之光☆守护彩虹宝石！	2010-03-20	1	剧场版		4395	13045
13045	映画 プリキュアオールスターズDX3 未来にとどけ！世界をつなぐ☆虹色の花	电影 光之美少女 All Stars DX3 传达到未来！连结世界☆彩虹之花！	2011-03-19	1	剧场版		13041	37855
13131	喜羊羊与灰太狼	喜羊羊与灰太狼	2005-08-03	530	TV			13132
13132	羊羊运动会		2008-10-23	60	TV		13131	13133
13133	羊羊快乐的一年		2010-05-01	91	TV		13132	37163
13134	喜羊羊与灰太狼之牛气冲天		2009-01-16	1	剧场版			4200
13135	喜羊羊与灰太狼之兔年顶呱呱		2011-01-21	1	剧场版		4200	37164
13264	とっとこハム太郎 でちゅ	哈姆太郎 4期	2011-04-02	52	TV			417410
13295	How to Train Your Dragon	驯龙高手	2010-03-26	1	剧场版			95796
13312	ジュエルペット サンシャイン	宝石宠物 Sunshine	2011-04-09	52	TV		4541	37136
13343	トワノクオン 第一章 泡沫の花弁	永远之久远 第一章 泡沫的花瓣	2011-06-18	1	剧场版			47725
13485	ロウきゅーぶ！	萝球社！	2011-07-01	12	TV			51935
13549	ああっ女神さまっ OVA	我的女神 OVA	1993-02-21	5	OVA			2080
13551	ああっ女神さまっ 闘う翼	我的女神 战斗之翼	2007-12-08	2	TV		9605	
13552	機動警察パトレイバー NEW OVA	机动警察 NEW OVA	1990-11-22	16	OVA		8484	217071
13553	るろうに剣心 -明治剣客浪漫譚- 星霜編	浪客剑心 星霜篇	2001-12-19	2	OVA		2712	
13561	ドロロンえん魔くん	熊熊燃烧的炎魔君	1973-10-04	25	TV			10437
13603	罗小黑战记	罗小黑战记	2011-03-17	28	WEB		442114	294880
13677	きまぐれオレンジ☆ロード あの日にかえりたい	橙路 再回到往日	1988-10-08	1	剧场版		2042	13679
13679	新きまぐれオレンジ☆ロード ～ そして、あの夏のはじまり	橙路 那个夏天的开始	1996-11-02	1	剧场版		13677	
14106	蒼穹のファフナー RIGHT OF LEFT	苍穹之法芙娜 RIGHT OF LEFT	2005-12-29	1	TV			2936
14109	蒼穹のファフナー HEAVEN AND EARTH	苍穹之法芙娜 HEAVEN AND EARTH	2010-12-25	1	剧场版		2936	363801
14220	君と僕。	少年同盟	2011-10-03	13	TV			29421
14231	マジンカイザー	魔神凯撒	2001-09-25	7	OVA			62422
14389	デ・ジ・キャラットにょ	Di Gi Charat NYO	2003-04-06	104	TV		40257	8590
14427	BLOOD-C		2011-07-07	12	TV			23626
14429	ひぐらしのなく頃に煌	寒蝉鸣泣之时 煌	2011-07-21	4	OVA		1326	
14538	鋼鉄神ジーグ	钢铁神吉克	2007-04-05	13	TV		30171	
14588	ゆるゆり	摇曳百合	2011-07-04	12	TV			28900
14616	鉄腕バーディー DECODE -THE CIPHER-	铁腕巴迪 DECODE OVA	2009-07-22	1	OVA		2443	1194
14632	フジログ	富士日记	2011-04-04	15	TV			23514
14652	おジャ魔女どれみ	小魔女DoReMi	1999-02-07	51	TV			14876
14653	HAPPY★LESSON THE TV	欢乐课程 THE TV	2002-04-01	13	TV		53950	53951
14684	ヨコハマ買い出し紀行 -Quiet Country Cafe-	横滨购物纪行 -Quiet Country Cafe-	2002-12-18	2	OVA		9713	
14731	今日から㋮王! 第3章	今天开始做魔王 第三季	2008-04-03	39	TV		14871	
14737	メタルファイト ベイブレード 4D	战斗陀螺金属对决4D	2011-04-03	52	TV		28961	36896
14749	京騒戯画	京骚戏画	2011-12-10	1	WEB			42342
14763	ゆるめいつ は?	希望宅邸？	2011-06-24	6	OVA		12655	
14766	バトルスピリッツ 少年激覇ダン	战斗之魂 少年激霸弹	2009-09-13	50	TV		55144	8621
14830	大鱼·海棠	大鱼·海棠	2016-07-08	1	剧场版			365726
14871	今日から㋮王! R	今天开始做魔王 OVA	2007-10-26	5	OVA		897	14731
14876	おジャ魔女どれみ♯	小魔女DoReMi ♯	2000-02-06	49	TV		14652	14877
14877	も〜っと!おジャ魔女どれみ	大～集合！小魔女DoReMi	2001-02-04	50	TV		14876	14878
14878	おジャ魔女どれみドッカ～ン!	小魔女DoReMi 大合奏	2002-02-03	51	TV		14877	278898
14996	ファイアボール チャーミング	火球 魅力之章	2011-04-04	13	TV		3515	223134
15007	Yes!プリキュア5	Yes! 光之美少女5	2007-02-04	49	TV		15957	15958
15176	バブルガムクライシス	泡泡糖危机	1987-02-25	8	OVA			46953
15910	ハイスクールD×D	恶魔高校 D×D	2012-01-06	12	TV			48700
15946	ふたりはプリキュア Max Heart	光之美少女 Max Heart	2005-02-06	47	TV		4243	15957
15957	ふたりはプリキュア Splash Star	光之美少女 Splash Star	2006-02-05	49	TV		15946	15007,424453
15958	Yes!プリキュア5GoGo!	Yes! 光之美少女5 GoGo!	2008-02-03	48	TV		15007	1109,424453
16235	未来日記	未来日记	2011-10-09	26	TV			76194
16437	Rio	里约大冒险	2011-04-08	1	剧场版			67807
16557	装甲騎兵ボトムズ レッドショルダードキュメント 野望のルーツ	装甲骑兵 红肩队档案：野心的根源	1988-03-19	1	OVA			30222
16594	イナズマイレブンGO	闪电十一人GO	2011-05-04	47	TV		3773	38758
16621	South Park Season 15	南方公园 第15季	2011-04-27	14	TV		10197	33491
16804	Men in Black: The Series Season 1	黑衣警探 第一季	1997-10-11	13	TV			289033
16807	タイムボカンシリーズ ヤッターマン	小双侠	1977-01-01	108	TV			116034
16841	劇場版 スレイヤーズぷれみあむ	剧场版 秀逗魔导士PREMIUM	2001-12-22	1	剧场版		11647	
16926	Conan: The Adventurer (Season 1)	柯南冒险第一季	1992-09-12	50	TV			286600
16981	ジュエルペット	宝石宠物	2009-04-05	52	TV			4541
16996	森田さんは無口。	森田同学很沉默	2011-07-05	13	TV			24056
17045	秦时明月之万里长城	秦时明月之万里长城	2012-09-30	37	WEB		6815	86073
17120	ネギま!?春	魔法老师涅吉!?春	2006-10-25	1	OVA			17121
17121	ネギま!?夏	魔法老师涅吉!?夏	2006-11-22	1	OVA		17120	
17122	魔法先生ネギま! ～白き翼 ALA ALBA～	魔法老师涅吉！～白之翼 ALA ALBA～	2008-08-12	3	OVA			3341
17652	顔のない月 -No Surface Moon THE ANIMATION-	无颜之月	2001-12-08	5	OVA			809
17792	劇場版 ハヤテのごとく! HEAVEN IS A PLACE ON EARTH	旋风管家 HEAVEN IS A PLACE ON EARTH	2011-08-27	1	剧场版		1427	22562
17883	僕は友達が少ない	我的朋友很少	2011-10-06	12	TV			46011
18004	侵略!?イカ娘	侵略!?乌贼娘	2011-09-27	12	TV		7842	
18016	ストライクウィッチーズ 劇場版	强袭魔女 剧场版	2012-03-17	1	剧场版		85339	253046
18041	タッチ 背番号のないエース	棒球英豪 没有背号的王牌投手	1986-04-12	1	剧场版			18046
18042	フォルト!!	一发失误	2009-11-27	3	OVA	1		66605
18046	タッチ2 さよならの贈り物	棒球英豪2 再见的礼物	1986-12-13	1	剧场版		18041	18047
18047	タッチ3 君が通り過ぎたあとに -DON`T PASS ME BY-	棒球英豪3 在你离开之后	1987-04-11	1	剧场版		18046	18048
18048	タッチ Miss Lonely Yesterday あれから君は…	棒球英豪 在那之后的你	1998-12-11	1	TV		2741,18047	18049
18049	タッチ CROSS ROAD〜風のゆくえ〜	棒球英豪 风之速	2001-02-09	1	TV		18048	
18079	這いよる! ニャルアニ	潜行吧！奈亚动画	2009-10-23	9	OVA			10076
18082	ギャラクシーエンジェルA	银河天使A	2002-10-06	51	TV		4635	18083
18083	ギャラクシーエンジェルX	银河天使X	2004-07-08	26	TV		18082	
18150	ナースウィッチ小麦ちゃんマジカルて	魔法护士小麦	2002-08-23	6	OVA			18151
18151	ナースウィッチ小麦ちゃんマジカルてZ	魔法护士小麦Z	2004-09-10	2	OVA		18150	
18176	ゲゲゲの鬼太郎	鬼太郎第五季	2007-04-01	100	TV		53741	234531
18256	赤毛のアン	红发少女安妮	1979-01-07	50	TV		3643	
18294	ちはやふる	歌牌情缘	2011-10-04	25	TV			41568
18361	名探偵コナン ロンドンからの秘指令	名侦探柯南 来自伦敦的秘密指令	2011-06-23	1	OVA		38118	38132
18428	太陽の船 ソルビアンカ	太阳之船 SOL BIANCA	1999-09-24	6	OVA			49570
18444	The Looney Tunes Show Season 1	华纳巨星总动员2011 第1季	2011-05-03	26	TV			225086
18457	人造人間キカイダーTHE ANIMATION	人造人电脑奇侠	2000-10-16	13	TV			28238
18502	CLUSTER EDGE	克拉斯特学院	2005-10-04	25	TV			61566
18505	ドラゴンボールZ たったひとりの最終決戦〜フリーザに挑んだZ戦士 孫悟空の父〜	龙珠Z 一夫当关的最后决战~挑战弗利萨的Z战士 孙悟空的父亲~	1990-10-17	1	TV			29120,49000
18513	とっとこハム太郎	哈姆太郎	2000-07-07	296	TV			417407
18578	モンハン日記 ぎりぎりアイルー村G	怪物猎人日记 岌岌可危的猫猫村G	2011-07-01	13	TV		6473	
18580	Kung Fu Panda 2	功夫熊猫2	2011-05-26	1	剧场版		35814,46131	115615
18605	たまゆら～hitotose～	玉响～hitotose～	2011-10-03	12	TV		8452	45213
18613	円盤皇女ワるきゅーレ 星霊節の花嫁	圆盘皇女 星灵节的新娘	2005-05-25	6	OVA		4384	73259
18631	灼眼のシャナIII -Final-	灼眼的夏娜III -Final-	2011-10-07	24	TV		3110	
18636	UN-GO		2011-10-13	11	TV		22912	
18656	Cloudy with a Chance of Meatballs	天降美食	2009-09-18	1	剧场版			97447
18688	ぶぶチャチャ	布布恰恰	1999-04-29	26	TV			18689
18689	だいすき! ぶぶチャチャ	布布恰恰 第2辑	2001-05-10	26	TV		18688	
18753	巴啦啦小魔仙之彩虹心石		2011-03-26	36	TV			71926
18778	機動戦士ZガンダムⅡ -恋人たち-	机动战士Z高达Ⅱ A New Translation -恋人们-	2005-10-29	1	剧场版		5378	18779
18779	機動戦士ZガンダムⅢ -星の鼓動は愛-	机动战士Z高达Ⅲ A New Translation -星辰的鼓动是爱-	2006-03-04	1	剧场版		18778	
18797	これはゾンビですか? オブ・ザ・デッド	这个是僵尸吗？OF THE DEAD	2012-04-04	10	TV		9774	
18826	オトナの童話シリーズI 世にも恐ろしいグリム童話	令人战栗的格林童话	2000-06-21	3	OVA			18827
18827	オトナの童話シリーズII 世にも恐ろしい日本昔話	令人战栗的日本昔话	2000-06-21	3	OVA		18826	
19017	黑猫警长	黑猫警长	2010-04-23	1	剧场版			134468
19039	ゲートキーパーズ	地球守护者	2000-04-03	24	TV			19040
19040	ゲートキーパーズ21	地球守护者21	2002-04-24	6	OVA		19039	
19130	映画ドラえもん 新・のび太と鉄人兵団 〜はばたけ 天使たち〜	哆啦A梦：新·大雄与铁人兵团	2011-03-05	1	剧场版		4558	24815
19136	神曲奏界ポリフォニカ	神曲奏界	2007-04-03	12	TV			1442
19538	花右京メイド隊	花右京女仆队	2001-04-12	12	TV			84547
19561	劇場版ポケットモンスター ベストウイッシュ ビクティニと白き英雄 レシラム	剧场版宝可梦 超级愿望: 比克提尼与白英雄 莱希拉姆	2011-07-16	1	剧场版		10542	28203
19618	劇場版ポケットモンスター ベストウイッシュ ビクティニと黒き英雄 ゼクロム	剧场版宝可梦 超级愿望: 比克提尼与黑英雄 捷克罗姆	2011-07-16	1	剧场版		10542	28203
19707	彩雲国物語 第2シリーズ	彩云国物语 第二季	2007-04-07	39	TV		2010	
19889	The Simpsons Season 1	辛普森一家 第一季	1989-12-17	13	TV			87217
20026	IZUMO -猛き剣の閃記-	出云战记	2005-04-02	12	TV		77050	
20032	兔侠传奇		2011-07-11	1	剧场版			67731
20056	The Avengers: Earth's Mightiest Heroes!  Season 1	复仇者：世上最强英雄组合 第一季	2010-10-20	26	TV			72968
20117	LAST ORDER -FINAL FANTASY VII-	最终幻想7：终极指令	2005-09-14	1	OVA			1890,356474
20232	聖闘士星矢 冥王ハーデス冥界編 前章	圣斗士星矢 冥界篇 前章	2005-12-17	6	OVA		593	20234
20234	聖闘士星矢 冥王ハーデス冥界編 後章	圣斗士星矢 冥界篇 后章	2006-12-15	6	OVA		20232	1486
20235	聖闘士星矢 天界編 序奏 ~Overture~	圣斗士星矢 天界篇 序奏～overture～	2004-02-14	1	剧场版		1486	
20407	バトルスピリッツ 覇王	战斗之魂 霸王	2011-09-18	50	TV		8621	45337
20523	ONE PIECE 3D 麦わらチェイス	航海王3D：追逐草帽大冒险	2011-03-19	1	剧场版			
20528	カッコカワイイ宣言! 2nd Season	好帅好可爱宣言! 第2期	2011-08-26	10	WEB		10494	
20547	WORKING'!!	迷糊餐厅 第二季	2011-10-01	13	TV		4255	110648
20691	猫ラーメン	猫拉面	2007-06-22	13	TV			20692
20692	猫ラーメン~俺の醤油味~	猫拉面 第二季	2008-11-14	13	TV		20691	
20789	クロスファイト ビーダマン	CROSS FIGHT 弹珠人	2011-10-02	52	TV			48766
20813	世界一初恋2	世界第一初恋2	2011-10-07	12	TV		10243	79419,289601
20831	超獣機神ダンクーガ	超兽机神断空我	1985-04-05	38	TV			10306
20847	Courage the Cowardly Dog (Season 3)	胆小狗英雄 第3季	2002-01-12	13	TV		8800	20848
20848	Courage the Cowardly Dog (Season 4)	胆小狗英雄 第4季	2002-09-06	13	TV		20847	
20851	Another		2012-01-09	12	TV		24540	
20926	テニスの王子様 全国大会篇	网球王子 全国大会篇	2006-03-24	26	OVA		1939	22679
20928	サクラ大戦 活動写真	樱花大战 活动写真	2001-12-22	1	剧场版		20933	20934
20929	サクラ大戦 桜華絢爛	樱花大战 樱华绚烂	1997-12-18	4	OVA			20930
20930	サクラ大戦 轟華絢爛	樱花大战 轰华绚烂	1999-12-18	6	OVA		20929	20932
20932	サクラ大戦 エコール・ド・巴里	樱花大战 燃烧的巴黎	2003-03-19	3	OVA		20930	20933
20933	サクラ大戦 ル・ヌーヴォー・巴里	樱花大战 崭新的巴黎	2004-10-20	3	OVA		20932	20928
20934	サクラ大戦 ニューヨーク・紐育	樱花大战 纽约	2007-04-04	6	OVA		20928	
21035	ネオ アンジェリークAbyss -Second Age	新安琪莉可 abyss 第二季	2008-07-06	13	TV		1009	
21036	恋する天使アンジェリーク 〜心のめざめる時〜	恋爱天使 安琪莉可～心觉醒之时～	2006-07-08	13	TV			21037
21037	恋する天使アンジェリーク 〜かがやきの明日〜	恋爱天使 安琪莉可 闪耀的明日	2007-01-05	12	TV		21036	
21048	アンジェリーク 〜白い翼のメモワール〜	安琪莉可 纯白翅膀回忆录	2000-03-26	2	OVA		21051	
21051	オリジナルビデオアニメーション アンジェリーク	安琪莉可 OVA	2004-03-17	3	OVA			21048
21099	ひまわりっ!	向日葵！	2006-04-08	13	TV			21100
21100	ひまわりっ!!	向日葵!!	2007-01-06	13	TV		21099	
21335	東方PVD2	东方PVD2	2011-08-13	7	OVA		8061	
21580	マケン姫っ!	魔具少女！	2011-10-04	12	TV			72946
21900	輪廻のラグランジェ	轮回的拉格朗日	2012-01-08	12	TV			41428
21929	神魂合体ゴーダンナー!!	神魂合体豪旦那！！	2003-10-01	13	TV			31258
21942	幻想万華鏡 春雪異変の章 ～『東方妖々夢』より～	幻想万华镜 春雪异变之章	2011-08-13	1	OVA			74625
22049	あまえないでよっ!!	不要撒娇哦!!	2005-07-01	13	TV			22050
22050	あまえないでよっ!! 喝!!	不要撒娇呦!! 喝!!	2006-01-04	13	TV		22049	
22241	ひだまりスケッチ×SP	向阳素描×SP	2011-10-29	2	OVA		3622,9639	37819
22287	探偵オペラ ミルキィホームズ 第2幕	侦探歌剧 少女福尔摩斯 第二幕	2012-01-05	12	TV		8560	62948
22346	Futurama (Season 7)	飞出个未来 第7季	2012-06-20	26	TV		5753	368802
22405	吟遊黙示録マイネリーベ	吟游默示录	2004-11-04	13	TV			22406
22406	吟遊黙示録マイネリーベwieder	吟游默示录 wieder	2006-01-22	13	TV		22405	
22505	ヱヴァンゲリヲン新劇場版:Q	福音战士新剧场版：Q	2012-11-17	1	剧场版		3302	29883
22507	デジモンクロスウォーズ〜時を駆ける少年ハンターたち〜	数码宝贝合体战争～穿越时空的少年猎人们～	2011-10-02	25	TV		351897	
22562	ハヤテのごとく! CAN'T TAKE MY EYES OFF YOU	旋风管家 CAN'T TAKE MY EYES OFF YOU	2012-10-03	12	TV		17792	58709
22588	バクマン。2	爆漫王。2	2011-10-01	25	TV		3428	33352
22679	新テニスの王子様	新网球王子	2012-01-04	13	TV		20926	103809
22756	探偵オペラ ミルキィホームズ サマー・スペシャル	侦探歌剧 少女福尔摩斯 夏季特别篇	2011-08-25	1	TV			22287
22912	UN-GO episode:0 因果論	UN-GO episode: 0 因果论	2011-11-19	1	剧场版			18636
22967	マスターモスキートン'99	爆笑吸血鬼 99	1997-09-30	26	TV		7929	
22985	The Lion King	狮子王	1994-06-15	1	剧场版			22986,199385
22986	The Lion King 2: Simba's Pride	狮子王2：辛巴的荣耀	1998-10-27	1	OVA		22985	199385
23119	STEINS;GATE 負荷領域のデジャヴ	命运石之门 负荷领域的既视感	2013-04-20	1	剧场版		10380	
23161	偽物語	伪物语	2012-01-07	11	TV		1671	56117
23177	鎧伝サムライトルーパー 外伝	魔神坛斗士 外传	1989-04-30	2	OVA		3621	23178
23178	鎧伝サムライトルーパー 輝煌帝伝説	魔神坛斗士 辉煌帝传说	1989-10-08	4	OVA		23177	23180
23180	鎧伝サムライトルーパー MESSAGE	魔神坛斗士 MESSAGE	1991-03-21	5	OVA		23178	
23304	伝説巨神イデオン 発動篇	传说巨神伊迪安 发动篇	1982-07-10	1	剧场版		10375,23305	
23305	伝説巨神イデオン 接触篇	传说巨神伊迪安 接触篇	1982-07-10	1	剧场版			23304
23307	銀河鉄道999 映画版	银河铁道999 剧场版	1979-08-04	1	剧场版		98514	33922
23386	リコーダーとランドセル ド♪	竖笛与双肩书包	2012-01-05	13	TV			37344
23421	侠岚	侠岚 振翼篇	2012-01-29	26	TV			165954
23443	わがまま☆フェアリー ミルモでポン!	魔法咪路咪路	2002-04-06	78	TV			139339
23446	Q版三国	Q版三国		39	TV			469405
23452	みどりのマキバオー	热斗小马	1996-03-02	61	TV			441662,528170
23467	アキハバラ電脳組	秋叶原电脑组	1998-04-04	26	TV			43952
23495	夏目友人帳 肆	夏目友人帐 肆	2012-01-02	13	TV		12536	174638
23514	フジログ シーズン2	富士日记 第2季	2011-10-02	14	TV		14632	
23542	ふしぎ星の☆ふたご姫	不可思议星球的双胞胎公主	2005-04-02	51	TV			24356
23611	トム・ソーヤーの冒険	汤姆历险记	1980-01-06	49	TV			148631,398263
23626	劇場版 BLOOD-C The Last Dark	BLOOD-C The Last Dark	2012-06-02	1	剧场版		14427	
23681	DOG DAYS'	DOG DAYS'	2012-07-07	13	TV		10278	54942
23682	魔角侦探		2010-12-03	52	TV			43099
23683	めだかボックス	最强会长黑神	2012-04-04	12	TV			42741
23684	黒子のバスケ	黑子的篮球	2012-04-07	25	TV			77706
23686	ソードアート・オンライン	刀剑神域	2012-07-07	25	TV			92382
24056	森田さんは無口。2	森田同学很沉默 2	2011-10-04	13	TV		16996	
24058	レジェンド・オブ・クリスタニア	水晶国传说	1996-11-21	3	OVA		24158	
24153	デビルマン 誕生編	恶魔人 诞生篇	1987-11-01	1	OVA			24154
24154	デビルマン 妖鳥死麗濡編	恶魔人 妖鸟死丽濡篇	1990-02-25	1	OVA		24153	
24158	はじまりの冒険者たち レジェンド・オブ・クリスタニア	水晶国传说 初次旅行的冒险者们	1995-07-29	1	剧场版			24058
24159	新少年黄飞鸿			36	TV			33701
24274	ルパン三世	鲁邦三世  第一期	1971-10-24	23	TV		405990	36359
24354	최강합체 믹스마스터	磁星骑士	2010-05-26	39	TV		24355	
24355	카드왕 믹스마스터	奇幻宝贝	2005-10-04	39	TV			24354
24356	ふしぎ星の☆ふたご姫 Gyu!	不可思议星球的双胞胎公主 Gyu!	2006-04-01	52	TV		23542	
24508	這いよれ! ニャル子さん	潜行吧！奈亚子	2012-04-09	12	TV			58015
24540	Another 第0話	Another 第0话	2012-05-25	1	OVA			20851
24546	百合星人ナオコサン	百合星人奈绪子 OVA	2012-02-15	1	OVA		10954	
24592	スクライド オルタレイション TAO	分身战士 ALTERATION TAO	2011-11-19	1	剧场版			47644
24593	コードギアス 亡国のアキト 第1章「翼竜は舞い降りた」	Code Geass 亡国的阿基德 第一章「翼龙降临」	2012-08-04	1	剧场版			63130
24618	Tinker Bell	小叮当	2008-09-18	1	剧场版			24619
24619	Tinker Bell And The Lost Treasure	小叮当与失去的宝藏	2009-09-03	1	剧场版		24618	24620
24620	Tinker Bell and the Great Fairy Rescue	小叮当：拯救精灵大作战	2010-09-21	1	剧场版		24619	45916
24621	Tinker Bell: Secret of the Wings	小叮当：羽翼之谜	2012-10-23	1	剧场版		45916	61539
24649	アマガミSS+ plus	圣诞之吻SS+ plus	2012-01-05	13	TV		5656	
24815	映画ドラえもん のび太と奇跡の島 〜アニマル アドベンチャー〜	哆啦A梦：大雄与奇跡之岛~动物历险记~	2012-03-03	1	剧场版		19130	55467
24824	クレヨンしんちゃん 嵐を呼ぶ黄金のスパイ大作戦	蜡笔小新：黄金间谍大作战	2011-04-16	1	剧场版		8999	27555
24837	魁拔II 大战元泱界		2013-05-31	1	剧场版		9840	74901
25075	Finding Nemo	海底总动员	2003-05-30	1	剧场版			131779
25076	Monsters, Inc.	怪兽电力公司	2001-11-02	1	剧场版		77647	
25226	gdgd妖精s（ぐだぐだフェアリーズ）	gdgd妖精s	2011-10-12	12	TV			54435
25416	銀河お嬢様伝説ユナ ～深闇のフェアリィ～	银河公主传说Yuna～深暗的仙女～	1996-12-21	3	OVA		37461	
25422	魔動王グランゾート 冒険編	魔动王 冒险篇	1992-02-27	3	OVA		25423	
25423	魔動王グランゾート 最後のマジカル大戦	魔动王 最后的魔法大战	1990-08-02	2	OVA		5467	25422
25442	South Park Season 1	南方公园 第1季	1997-08-13	13	TV			56239
25467	姉汁2 THE ANIMATION～白川三姉妹におまかせ～	姐汁2 ～交给白川三姐妹～	2010-11-26	2	OVA	1	53803	
25551	The Powerpuff Girls Movie	飞天小女警电影公开版	2002-07-03	1	剧场版			30627
25578	エルフを狩るモノたち	妖精狩猎者	1996-10-03	12	TV			43473
25587	甜心格格	甜心格格		52	TV			49811
25610	クイーンズブレイド リベリオン OVA	女王之刃 叛乱 OVA	2011-10-29	2	OVA		8389	33354
25630	神兵小将	神兵小将	2007-10-04	52	TV			247807
25714	蓝皮鼠和大脸猫 第二部		2000-06-01	39	TV		642105	
25715	小糊涂神	小糊涂神	1997-11-17	52	TV			695266
25716	Beast Wars: Transformers	超能勇士：变形金刚	1996-09-16	52	TV			32215
25823	ゼロの使い魔F	零之使魔F	2012-01-07	12	TV		763	
25833	劇場版 魔法少女まどか☆マギカ [前編] 始まりの物語	剧场版 魔法少女小圆 [前篇] 起始的物语	2012-10-06	1	剧场版			44692
25834	戦姫絶唱シンフォギア	战姬绝唱SYMPHOGEAR	2012-01-06	13	TV			50811
25921	ゲッターロボG	盖塔机器人G	1975-05-15	39	TV		10405	
25961	Tom and Jerry	猫和老鼠（1965年电视版）	1965-09-25	161	TV			278571
26079	浦安鉄筋家族	浦安铁筋家族	1998-06-30	33	TV			95679
26224	Shaun the Sheep Season 1	小羊肖恩 第一季	2007-03-05	20	TV			26225
26225	Shaun the Sheep Season 2	小羊肖恩 第二季	2007-09-03	20	TV		26224	140626
26228	湘南純愛組!	湘南纯爱组	1994-01-21	5	OVA			2045
26266	愛天使伝説ウェディングピーチ	爱天使传说婚纱桃子	1995-04-05	51	TV			139958
26295	ルパン三世VS名探偵コナン	鲁邦三世VS名侦探柯南	2009-03-27	1	TV			71259
26407	Z.O.E 2167 IDOLO	终极地带：2167	2001-03-01	1	OVA			36882
26463	魔法使いTai! OVA	魔法使俱乐部 OVA	1996-05-25	6	OVA			10412
26798	赤い光弾ジリオン	赤色光弹Zillion	1987-04-12	31	TV			27202
26803	我叫MT 第五季	我叫MT 第五季	2011-11-21	10	WEB		10526	43383
26806	君のいる町～黄昏交差点～	小镇有你 OAD 黄昏交叉点	2012-03-16	2	OVA			66655
27170	それゆけ! 宇宙戦艦ヤマモト・ヨーコ	宇宙战舰山本洋子	1999-04-04	26	TV		27207	
27202	赤い光弾ジリオン 歌姫夜曲	赤色光弹 歌姫夜曲	1988-06-21	1	OVA		26798	
27206	それゆけ! 宇宙戦艦ヤマモト・ヨーコ	宇宙战舰山本洋子	1996-03-06	3	OVA			27207
27207	それゆけ! 宇宙戦艦ヤマモト・ヨーコⅡ	宇宙战舰山本洋子Ⅱ	1997-08-06	3	OVA		27206	27170
27317	AKB0048		2012-04-29	13	TV			54173
27332	スマイルプリキュア!	Smile 光之美少女！	2012-02-05	48	TV		11779	55100
27555	クレヨンしんちゃん 嵐を呼ぶ!オラと宇宙のプリンセス	蜡笔小新：我和我的宇宙公主	2012-04-14	1	剧场版		24824	81034
27568	キングダム	王者天下	2012-06-04	38	TV			62281
27759	ピカチュウのなつやすみ	皮卡丘的欢乐假期	1998-07-18	1	剧场版			90013
27773	ピカチュウたんけんたい	皮卡丘的探险队	1999-07-17	1	剧场版		90013	90014
27778	ピチューとピカチュウ	皮丘与皮卡丘	2000-07-08	1	剧场版		90014	90015
27779	ピカチュウのドキドキかくれんぼ	皮卡丘的心跳捉迷藏	2001-07-07	1	剧场版		90015	27780
27780	ピカピカ星空キャンプ	皮卡皮卡的星空露营	2002-07-13	1	剧场版		27779	27781
27781	おどるポケモンひみつ基地	宝可梦的跳舞秘密基地	2003-07-19	1	剧场版		27780	90610
27832	機動戦士ガンダムSEED HDリマスター	机动战士高达SEED HD重制版	2012-01-01	48	TV			54277
27880	ピカチュウのおばけカーニバル	皮卡丘的鬼怪狂欢节	2005-08-01	1	剧场版		103707	
27883	ポケットモンスター ミュウツー! 我ハココニ在リ	宝可梦: 超梦! 我就在这里	2000-12-30	1	TV		3022	
27993	BLUE DRAGON	蓝龙	2007-04-07	51	TV			50665
28021	長靴をはいた猫	长靴猫剑客	1969-03-18	1	剧场版			83546
28065	Futurama (Season 1)	飞出个未来 第1季	1999-03-28	13	TV			28066
28066	Futurama (Season 2)	飞出个未来 第2季	1999-11-21	19	TV		28065	31836
28101	クジラの跳躍	鲸的鱼跃	1999-04-25	1	剧场版		112654	
28102	SUPERFLAT MONOGRAM	超扁平之摩根		1	剧场版			124331
28103	パンダコパンダ	熊猫家族	1972-12-17	1	剧场版			61533
28165	ちびまる子ちゃん	樱桃小丸子	1990-01-07	142	TV			9270
28203	劇場版ポケットモンスター ベストウイッシュ キュレムVS聖剣士 ケルディオ	剧场版宝可梦 超级愿望: 酋雷姆VS圣剑士 凯路迪欧	2012-07-14	1	剧场版		19561,19618	56842
28238	キカイダー01 THE ANIMATION	电脑奇侠01	2001-11-21	4	OVA		18457	139478
28287	鉄腕アトム	铁臂阿童木	1980-10-01	52	TV		184059	
28533	宇宙兄弟	宇宙兄弟	2012-04-01	99	TV		90502	
28546	黄金狗剩	黄金狗剩	2011-11-01	1	短片		51518	
28628	アルスラーン戦記	亚尔斯兰战记	1991-08-17	1	剧场版			41867
28712	アルスラーン戦記III 東の城、西の城	亚尔斯兰战记III 东之城 西之城	1993-10-21	1	OVA		41867	41863
28900	ゆるゆり♪♪	摇曳百合♪♪	2012-07-02	12	TV		14588	99796
28961	メタルファイト ベイブレード 爆	战斗陀螺 金属对决 爆	2010-04-04	51	TV		1998	14737
29072	緋色の欠片	绯色的欠片	2012-04-01	13	TV			43118
29073	ヨルムンガンド	军火女王	2012-04-10	12	TV			42339
29120	ドラゴンボール エピソード オブ バーダック	龙珠 巴达克之章	2012-02-03	1	OVA		18505	
29213	鬼父 Re-born		2011-12-22	2	OVA	1	33508	85032
29259	エウレカセブンAO	交响诗篇AO	2012-04-12	24	TV		1266	
29307	境界線上のホライゾンII	境界线上的地平线 第二季	2012-07-07	13	TV		12703	259874
29323	謎の彼女X	谜样女友X	2012-04-07	13	TV			47533
29326	戦え!!イクサー1	战斗吧!! 伊克萨1	1985-10-19	3	OVA			32492
29363	泡芙小姐的金鱼缸		2010-09-16	2	WEB			29364
29364	泡芙小姐 第一季	泡芙小姐 第一季	2011-04-01	13	WEB		29363	29365
29365	泡芙小姐 第二季	泡芙小姐 第二季	2011-10-09	12	WEB		29364	207410
29399	围棋少年	围棋少年	2005-07-28	26	TV			29400
29400	围棋少年2	围棋少年2	2009-05-23	26	TV		29399	214043
29413	センコロール コネクト	CENCOROLL CONNECT	2019-06-29	1	剧场版		3179	285530
29414	サカサマのパテマ	颠倒的帕特玛	2013-11-09	1	剧场版		43159	
29421	君と僕。2	少年同盟 2	2012-04-02	13	TV		14220	
29432	Aチャンネル+smile	A频道+smile	2012-03-21	2	OVA			212084
29648	中二病でも恋がしたい！	中二病也要谈恋爱！	2012-10-03	13	TV			72942
29870	My Little Pony Friendship is Magic Season 1	小马宝莉：友谊就是魔法 第一季	2010-10-10	26	TV			35858
29883	シン・エヴァンゲリオン劇場版:│▌	新・福音战士剧场版：终	2021-03-08	1	剧场版		22505	
29889	第6回東方M-1ぐらんぷり	第六届东方M-1漫才大赛	2011-12-30	1	OVA		43972	60368
29944	アカネマニアックス	小茜的狂热追求者	2004-11-25	3	OVA		1650	
30163	グレートマジンガー	大魔神	1974-09-08	56	TV		10390	211853
30171	鋼鉄ジーグ	钢铁吉克	1975-10-05	46	TV			14538
30179	恐龙宝贝之龙神勇士			52	TV			115763
30222	装甲騎兵ボトムズ ペールゼン・ファイルズ	装甲骑兵 佩鲁森档案	2007-10-26	12	OVA		16557	10379
30223	装甲騎兵ボトムズ ペールゼン・ファイルズ 劇場版	装甲骑兵 佩鲁森档案 剧场版	2009-01-17	1	剧场版			10379
30224	Ys	伊苏	1989-11-21	7	OVA			33509
30302	ドットハック セカイの向こうに	.hack//世界的彼方	2012-01-21	1	剧场版			45841
30330	Dick Figures Season 1	猥琐传说 第一季	2010-11-18	10	TV			114835
30361	劇場版 FAIRY TAIL 鳳凰の巫女	剧场版 妖精的尾巴 凤凰的巫女	2012-08-18	1	剧场版		64988	
30491	アミテージ・ザ・サード	奥美帝III	1995-02-25	4	OVA			30495
30495	アミテージ・ザ・サード DUAL-MATRIX	奥美帝III DUAL-MATRIX	2002-03-22	1	剧场版		30491	
30515	マーメイドメロディー ぴちぴちピッチ	人鱼的旋律	2003-04-05	52	TV			67990
30526	ダンボール戦機W	纸箱战机W	2012-01-18	58	TV		12332	66405
30627	The Powerpuff Girls	飞天小女警	1998-11-18	13	TV		25551	177693
31258	神魂合体ゴーダンナー!! SECOND SEASON	神魂合体豪旦那！！第二季	2004-04-05	13	TV		21929	
31414	ファイ・ブレイン 〜神のパズル 第2シリーズ	Phi-Brain～神之谜题2	2012-04-08	25	TV		10353	49693
31416	うたの☆プリンスさまっ♪ マジLOVE2000%	歌之王子殿下 真爱2000%	2013-04-03	13	TV		11973	89488
31525	うらおん!	K-On!:Ura-On!	2009-07-29	7	OVA			31531
31531	うらおん!!	K-On!!:Ura-On!!	2010-07-30	9	OVA		31525	
31836	Futurama (Season 3)	飞出个未来 第3季	2001-01-21	22	TV		28066	84756
32215	Beast Machines: Transformers	猛兽侠	1999-09-18	26	TV		25716	
32247	激闘！クラッシュギアTURBO	激斗战车	2001-10-07	68	TV			38431
32330	ゲキ・ガンガー3 熱血大決戦!!	激钢人3 热血大决战!!	1998-02-21	1	OVA		515	516
32488	蒼き伝説 シュート!	足球风云	1993-11-07	58	TV			357754
32489	ユニコ	小小独角兽	1981-03-14	1	剧场版			79790
32492	冒険!イクサー3	冒险! 伊克萨3	1990-09-25	6	OVA		29326	32493
32493	戦ー少女イクセリオン	战少女伊库赛利翁	1995-01-27	2	OVA		32492	
32816	プリティーリズム・ディアマイフューチャー	美妙旋律 Dear My Future	2012-04-07	51	TV		11180	62285
33051	破邪大星ダンガイオー	破邪大星弹劾凰	1987-09-28	3	OVA			33064
33064	破邪巨星Gダンガイオー	破邪巨星G弹劾凰	2001-04-05	13	TV		33051	
33219	メガゾーン23	无限地带23	1985-03-09	1	OVA			33220
33220	メガゾーン23 PART II 秘密く・だ・さ・い	无限地带23 PART II	1986-05-30	1	OVA		33219	37033
33311	アクエリアンエイジSagaII〜Don't forget me…〜	水瓶新世纪II 双鱼宫的深渊	2003-11-21	1	OVA		11514	
33352	バクマン。3	爆漫王。3	2012-10-06	25	TV		22588	
33354	クイーンズブレイド リベリオン	女皇之刃 叛乱	2012-04-03	12	TV		25610	134951
33446	聖闘士星矢Ω	圣斗士星矢Ω	2012-04-01	98	TV		1486	
33491	South Park Season 16	南方公园 第16季	2012-03-14	14	TV		16621	76319
33504	鬼父	鬼父	2009-10-30	2	OVA	1		33508
33506	鬼父2	鬼父2	2010-10-29	2	OVA	1		85031
33508	鬼父 Re-birth		2011-04-28	1	OVA	1	33504	29213
33509	Ys 天空の神殿〜アドル・クリスティンの冒険〜	伊苏 天空的神殿～亚特鲁·克里斯汀的冒险～	1992-12-16	4	OVA		30224	
33693	超兽武装之仁者无敌	超兽武装之仁者无敌	2011-04-14	33	TV			33695
33695	超兽武装之勇者无惧	超兽武装之勇者无惧	2011-11-11	33	TV		33693	
33701	勇闯天下		2006-01-21	1	剧场版		24159	
33922	さよなら銀河鉄道999 -アンドロメダ終着駅-	再见 银河铁道999 安卓梅达终点站	1981-08-01	1	剧场版		23307	33930
33930	銀河鉄道999 エターナル・ファンタジー	银河铁道999 永恒幻想	1998-03-07	1	剧场版		33922	
34000	超智能足球	超智能足球	2010-06-02	52	TV			240470
34025	図書館戦争 革命のつばさ	图书馆战争 革命之翼	2012-06-16	1	剧场版		294	
34227	吸血鬼ハンターD	吸血鬼猎人D	1985-12-21	1	OVA			1607
34237	Puss In Boots	穿靴子的猫	2011-10-28	1	剧场版			387892
34457	学校のコワイうわさ 花子さんがきた!!	校园恐怖传说 - 花子来了	1994-08-15	35	TV			34458
34458	学校のコワイうわさ 新・花子さんがきた!!	校园恐怖传说 - 新·花子来了	2010-08-13	33	TV		34457	108417
34585	劇場版 魔法先生ネギま! ANIME FINAL	剧场版 魔法老师涅吉！ANIME FINAL	2011-08-27	1	剧场版		3341	
35331	超蛙战士之威武教官	超蛙战士之威武教官	2012-05-29	1	剧场版		5875	
35333	超蛙战士之星际家园	超蛙战士之星际家园	2011-06-01	25	TV			5875
35679	魔法少女リリカルなのは The MOVIE 2nd A's	魔法少女奈叶 The MOVIE 2nd A’s	2012-07-14	1	剧场版		3485	68284
35715	薄桜鬼 黎明録	薄樱鬼 黎明录	2012-07-09	12	TV			4315,71734
35793	放課後にゃんにゃん		2011-12-16	1	OVA	1		47537
35798	警察戦車隊 TANK S.W.A.T.	警察战车队 TANK S.W.A.T.	2006-03-24	1	OVA		35799	
35799	特捜戦車隊ドミニオン	特搜战车队Dominion	1993-10-21	6	OVA		46955	35798
35814	Kung Fu Panda	功夫熊猫	2008-06-06	1	剧场版			18580,46131
35858	My Little Pony Friendship is Magic Season 2	小马宝莉：友谊就是魔法 第二季	2011-09-17	26	TV		29870	54234
35937	あい☆きゃん	我☆能行	2010-06-25	2	OVA	1		130294
35962	THE FROGMAN SHOW	秘密结社鹰之爪	2006-04-05	16	TV			3638,127131
35970	B'T-X NEO	钢铁神兵B'T-X NEO	1997-08-21	14	OVA		2751	
35977	カードファイト!! ヴァンガード アジアサーキット編	卡片战斗先导者 亚洲巡回赛篇	2012-04-08	39	TV		10225	55783
35981	超変身コス∞プレイヤー	超变身巫女祈斗士	2004-01-12	23	TV			35982
35982	ヒットをねらえ!	超变身角色扮演前传	2004-03-08	12	TV		35981	35983
35983	LOVE♥LOVE?	LOVE LOVE	2004-05-03	13	TV		35982	
35989	DEATH NOTE リライト 幻視する神	死亡笔记特别篇 幻觉之神	2007-08-31	1	TV			35990
35990	DEATH NOTE リライト2 Lを継ぐ者	死亡笔记特别篇 L的继承者	2008-08-22	1	TV		35989	
35991	BUZZER BEATER 第2クール	零秒出手 第二季	2007-07-03	13	TV		46140	
36013	スーパーフィッシング グランダー武蔵	天才钓鱼郎	1997-04-02	25	TV			36014
36014	スーパーフィッシング グランダー武蔵RV	天才钓鱼郎RV	1998-04-04	39	TV		36013	
36067	Happy Feet	快乐的大脚	2006-11-17	1	剧场版			67801
36116	The Mask: The Animated Series Season 1	变相怪杰	1995-08-12	50	TV			291042
36117	Scooby-Doo, Where Are You!	史酷比救救我	1969-09-13	17	TV			631219
36120	Hercules	大力士	1998-08-31	52	TV		36698	
36131	GON -ゴン-	小恐龙阿贡	2012-04-02	50	TV			182784
36134	Pingu Series 1	企鹅家族	1986-05-28	104	TV			235817
36151	The Little Mermaid	小美人鱼	1989-11-14	1	剧场版		113260	112360
36225	Aladdin	阿拉丁	1992-11-25	1	剧场版			112338,112342
36264	ファインダーの標的	探索者的目标	2012-02-29	1	OVA			132736
36266	天地無用! in LOVE	天地无用! in LOVE	1996-04-20	1	剧场版			56627
36268	葫芦小金刚	葫芦小金刚		6	TV		751	
36271	ヒカルの碁スペシャル 北斗杯への道	棋魂特别篇 迈向北斗杯之路	2004-01-03	1	TV		605	
36318	Tom & Jerry Kids	Q版猫和老鼠	1990-09-08	65	TV		278572	278573
36324	青山剛昌短編集	青山刚昌短篇集	1999-03-17	3	OVA			36326
36326	青山剛昌短編集2	青山刚昌短篇集2	1999-12-22	3	OVA		36324	
36345	レスラー軍団〈銀河編〉 聖戦士ロビンJr.	银河圣战士	1989-10-19	50	TV		189023	
36355	LUPIN the Third -峰不二子という女-	鲁邦三世 -名为峰不二子的女人-	2012-04-04	13	TV			100437
36359	ルパン三世	鲁邦三世 第二期	1977-10-03	155	TV		24274	36360
36360	ルパン三世 PARTIII	鲁邦三世 第三期	1984-03-03	50	TV		36359	115661
36402	反斗天庭	反斗天庭	2001-10-10	13	TV			36404
36404	反斗天庭2：特种部队	反斗天庭2：特种部队		10	TV		36402	
36484	獣兵衛忍風帖 龍宝玉篇	兽兵卫忍风帖 龙宝玉篇	2003-04-14	13	TV		8582	523666
36686	AIKa	海底娇娃蓝华	1997-04-25	7	OVA		1789	
36698	Hercules	大力士	1997-06-27	1	剧场版			36120,112508
36759	Bambi	小鹿斑比	1942-08-21	1	剧场版			113080
36809	BURN-UP W	杀人科 W	1996-04-10	4	OVA			36810
36810	BURN-UP EXCESS	杀人科 EXCESS	1997-12-12	13	TV		36809	
36828	Cars	汽车总动员	2006-06-09	1	剧场版			46112
36882	Z.O.E Dolores, i	终极地带ZOE	2001-04-06	26	TV		26407	
36896	メタルファイト ベイブレード ZEROG	战斗陀螺 金属对决 ZEROG	2012-04-08	38	TV		14737	
37033	MEGAZONE23 III	无限地带23 PART III	1989-09-28	2	OVA		33220	210443
37062	カレイドスター 新たなる翼 -EXTRA STAGE-『笑わない すごい お姫様』	百变之星 崭新之翼 EXTRA STAGE 不笑的公主	2004-10-22	1	OVA		4163	37063
37063	カレイドスター Legend of phoenix 〜レイラ・ハミルトン物語〜	百变之星 不死鸟传说 ～蕾拉・汉密尔顿物语～	2006-01-27	1	OVA		4163,37062	
37128	炎の闘球児 ドッジ弾平	斗球儿弹平	1991-10-14	47	TV			569671
37136	ジュエルペット きら☆デコッ！	宝石宠物 Kira☆Deco！	2012-04-07	52	TV		13312	67224
37140	ガッ活!	学活！	2012-04-03	25	WEB			61222
37162	喜羊羊与灰太狼之给快乐加油	喜羊羊与灰太狼之给快乐加油	2011-10-15	100	TV		37163	57751
37163	奇思妙想喜羊羊		2011-07-01	60	TV		13133	37162
37164	喜羊羊与灰太狼之开心闯龙年	喜羊羊与灰太狼之开心闯龙年	2012-01-12	1	剧场版		13135	57755
37167	超時空世紀オーガス	超时空世纪	1983-07-03	35	TV			37173
37173	超時空世紀オーガス02	超时空世纪02	1993-12-05	6	OVA		37167	
37196	銀河旋風ブライガー	银河旋风无赖我	1981-10-06	39	TV			37197
37197	銀河烈風バクシンガー	银河烈风幕臣我	1982-07-06	39	TV		37196	37198
37198	銀河疾風サスライガー	银河疾风流离我	1983-04-05	43	TV		37197	
37221	UFO戦士ダイアポロン	UFO战士大阿波罗	1976-04-06	26	TV			37223
37223	UFO戦士ダイアポロンII	UFO战士大阿波罗2	1976-10-07	21	TV		37221	
37240	マシンロボ クロノスの大逆襲	天威勇士 克罗诺斯的大逆袭	1986-07-03	47	TV			37241
37241	マシンロボ ぶっちぎりバトルハッカーズ	天威勇士 战斗黑客	1987-06-03	31	TV		37240	
37249	勇者指令ダグオン	勇者指令	1996-02-03	48	TV			202960
37250	NG騎士ラムネ&40 EX ビクビクトライアングル 愛の嵐大作戦	NG骑士柠檬汽水&40 EX	1991-07-21	3	OVA			37251
37251	NG騎士ラムネ&40 DX ワクワク時空 炎の大捜査戦	NG骑士柠檬汽水&40 DX	1993-06-23	3	OVA		37250	
37252	VS騎士ラムネ&40炎	VS骑士柠檬汽水&40炎	1996-04-03	26	TV		10408	37253
37253	VS騎士ラムネ&40FRESH	VS骑士柠檬汽水&40 FRESH	1997-05-21	6	OVA		37252	
37254	宇宙の騎士テッカマンブレードII	宇宙骑士BLADE II	1994-07-21	6	OVA		2481	
37256	戦国魔神ゴーショーグン	战国魔神豪将军	1981-07-03	26	TV			131172
37257	ヤマトタケル	魔天战神	1994-04-09	37	TV			180401
37258	鉄人28号	铁人28号	1963-10-20	96	TV			37260
37260	超電動ロボ 鉄人28号FX	超电动机器人 铁人28号FX	1992-04-05	47	TV		37258	
37273	疾風!アイアンリーガー	疾风无敌银堡垒	1993-04-06	52	TV			37274
37274	疾風!アイアンリーガー 銀光の旗の下に	疾风无敌银堡垒 银光之旗下	1994-11-21	5	OVA		37273	
37277	宇宙戦士バルディオス	宇宙战士巴鲁迪奥斯	1980-06-30	34	TV			37278
37278	宇宙戦士バルディオス 劇場版	宇宙战士巴鲁迪奥斯 剧场版	1981-12-19	1	剧场版		37277	
37295	銀河漂流バイファム	银河漂流VIFAM	1983-10-21	46	TV			303135
37344	リコーダーとランドセル レ♪	竖笛与双肩书包 2♪	2012-04-03	13	TV		23386	45414,68757
37395	楽園追放 -Expelled From Paradise-	乐园追放 -Expelled From Paradise-	2014-11-15	1	剧场版			477456
37402	KO世紀ビースト三獣士	KO世纪三兽士	1992-05-07	3	OVA			490373
37415	史上最強の弟子ケンイチ OAD	史上最强弟子兼一 OAD	2012-03-16	9	OVA		10704	
37449	もやしもん リターンズ	萌菌物语 Returns	2012-07-05	11	TV		3012	
37458	卒業 〜Graduation〜 聖羅V	毕业 ～Graduation～ 圣罗VICTORY	1995-06-25	4	OVA			102600
37460	ドラえもん	哆啦A梦 大山版	1979-04-02	1000	TV		121745	
37461	銀河お嬢様伝説ユナ～哀しみのセイレーン～	银河公主传说Yuna～哀伤的海妖塞壬～	1995-09-21	2	OVA			25416
37463	POWER DoLLS -オムニ戦記2540-	特勤机甲队 欧姆尼战记2540	1996-03-01	1	OVA			380899
37471	銀河漂流バイファム13	银河漂流VIFAM13	1998-03-21	26	TV			
37474	超発明BOYカニパン	超机甲发明小子	1999-02-05	21	TV		421004	
37500	らいむいろ戦奇譚	礼武战奇谭	2003-01-03	13	TV			37501
37501	らいむいろ流奇譚X	礼武流奇谭X	2005-01-06	13	TV		37500	
37511	超音戦士ボーグマン	超音战士Borgman	1988-04-13	35	TV			53936
37512	ガルフォース ETERNAL STORY	银河女战士 ETERNAL STORY	1986-07-26	1	剧场版			37513
37513	ガルフォース2 DESTRUCTION	银河女战士2 DESTRUCTION	1987-11-21	1	OVA		37512	214510
37562	輪廻のラグランジェ season2	轮回的拉格朗日 第二季	2012-07-08	12	TV		41428	
37619	ふるさと再生 日本の昔ばなし	故乡重现 日本的古老传说	2012-04-01	220	TV			212331
37620	秘密結社 鷹の爪NEO	秘密结社 鹰之爪NEO	2012-04-06	12	TV		3638	232975
37685	PSYCHO-PASS サイコパス	心理测量者	2012-10-11	22	TV			77625
37694	To LOVEる-とらぶる-ダークネス	出包王女Darkness	2012-10-05	12	TV		8546	120763
37745	宇宙戦艦ヤマト2199 第一章「遥かなる旅立ち」	宇宙战舰大和号2199 第一章「踏上遥远的征途」	2012-04-07	2	剧场版			47730
37819	ひだまりスケッチ×ハニカム	向阳素描×蜂窝	2012-10-04	12	TV		22241	82233
37855	映画 プリキュアオールスターズNewStage みらいのともだち	电影 光之美少女 All Stars New Stage 未来的朋友	2012-03-17	1	剧场版		13045	58948
37859	爆TECH!爆丸	爆TECH！爆丸	2012-04-07	51	TV			309868
37870	ひぐらしのなく頃に外伝 猫殺し編	寒蝉鸣泣之时外传 猫杀篇	2007-03-21	1	OVA			288
37898	俺の妹がこんなに可愛いわけがない。	我的妹妹哪有这么可爱。	2013-04-06	16	TV		5436	
37994	夜勤病棟	夜勤病栋	2000-12-08	10	OVA	1		72335
38040	リトルバスターズ！	Little Busters!	2012-10-06	26	TV			69484
38069	K		2012-10-04	13	TV		181464	60003
38072	Di Gi Charat	Di Gi Charat	1999-11-30	16	TV			338802
38118	名探偵コナン KID in TRAP ISLAND	名侦探柯南 怪盗基德孤岛决战	2010-04-14	1	OVA		38119	18361
38119	名探偵コナン 10年後の異邦人	名侦探柯南 十年后的陌生人	2009-04-15	1	OVA		38120	38118
38120	名探偵コナン 女子高生探偵 鈴木園子の事件簿	名侦探柯南 女子高中生侦探 铃木园子事件簿	2008-03-12	1	OVA		38121	38119
38121	名探偵コナン 阿笠からの挑戦状! 阿笠vsコナン&少年探偵団	名侦探柯南 来自阿笠的挑战书！阿笠VS柯南&少年侦探团	2007-03-14	1	OVA		38122	38120
38122	名探偵コナン 消えたダイヤを追え! コナン・平次vsキッド!	名侦探柯南 追踪消失的钻石！柯南·平次VS基德	2006-03-15	1	OVA		38123	38121
38123	名探偵コナン 標的は小五郎!! 少年探偵団マル秘調査	名侦探柯南 目标是小五郎！！少年侦探团的秘密调查	2005-03-09	1	OVA		38124	38122
38124	名探偵コナン コナンとキッドとクリスタル・マザー	名侦探柯南 柯南、基德与水晶之母	2004-03-03	1	OVA		38125	38123
38125	名探偵コナン コナンと平次と消えた少年	名侦探柯南 柯南、平次与消失的少年	2003-03-12	1	OVA		38126	38124
38126	名探偵コナン 16人の容疑者!?	名侦探柯南 16名嫌疑犯！？	2002-01-16	1	OVA		6776	38125
38132	名探偵コナン えくすかりばあの奇跡	名侦探柯南 传说中的球棒的奇迹	2012-04-27	1	OVA		18361	
38212	Ultimate Spider-Man Season 1	终极蜘蛛侠 第一季	2012-04-01	26	TV			61730
38217	MUNTO	蒙特	2003-03-18	2	OVA			887,2454
38326	ジョジョの奇妙な冒険	JOJO的奇妙冒险	1993-11-19	13	OVA		43558,61534	150490
38424	バトルファイターズ 餓狼伝説	饿狼传说	1992-12-23	1	TV			38425
38425	バトルファイターズ 餓狼伝説2	饿狼传说2	1993-07-31	1	TV		38424	38426
38426	餓狼伝説 THE MOTION PICTURE	饿狼传说 剧场版	1994-07-16	1	剧场版		38425	
38428	Afro Samurai: Resurrection	爆炸头武士：复活	2009-01-25	1	剧场版		875	
38429	爆丸バトルブローラーズ	爆丸	2007-04-05	52	TV			83250
38431	クラッシュギアNitro	新激斗战车Nitro	2003-02-02	50	TV		32247	
38432	Bible Black	黑暗圣经	2001-07-21	6	OVA	1	60375	62506
38435	機動戦士ガンダム	机动战士高达 剧场版	1981-03-14	1	剧场版			38436
38436	機動戦士ガンダムⅡ 哀・戦士編	机动战士高达 剧场版Ⅱ 哀·战士	1981-07-11	1	剧场版		38435	38437
38437	機動戦士ガンダムⅢ めぐりあい宇宙編	机动战士高达 剧场版Ⅲ 相逢在宇宙	1982-03-13	1	剧场版		38436	
38494	超神伝説うろつき童子	超神传说 虚月童子	1987-01-21	3	OVA	1		446426
38629	幽☆遊☆白書 映像白書	幽游白书 映像白书	1994-09-21	2	OVA			40931
38695	Lilo & Stitch	星际宝贝	2002-06-21	1	剧场版			38698
38698	Stitch! The Movie	星际宝贝史迪奇	2003-08-26	1	OVA		38695	38699
38699	Lilo & Stitch 2: Stitch Has a Glitch	星际宝贝2：史迪奇有问题	2005-08-30	1	OVA		38698	38700
38700	Leroy & Stitch	星际宝贝：终极任务	2006-06-23	1	TV		38699	
38702	スティッチ!	星际宝贝！神奇大冒险	2008-10-08	26	TV			38703
38703	スティッチ! 〜いたずらエイリアンの大冒険〜	星际宝贝！外星大冒险	2009-10-13	30	TV		38702	38704
38704	スティッチ! 〜ずっと最高のトモダチ〜	星际宝贝！～一直最高的朋友～	2010-07-06	30	TV		38703	
38711	Code Lyoko Saison 1	至net奇兵 第一季	2003-09-03	26	TV		69385	69381
38723	魔神英雄伝ワタル 終わりなき時の物語	魔神英雄传 永恒传说	1993-10-01	3	OVA		1973	
38730	TYLOR THE IRRESPONSIBLE CAPTAIN	无责任舰长OVA	1995-09-01	8	OVA		8249	
38758	イナズマイレブンGO クロノ・ストーン	闪电十一人GO 时空之石	2012-04-18	51	TV		16594	72651
38938	BLUE SEED	碧奇魂	1994-10-05	26	TV			39263
38941	宝島	金银岛	1978-10-08	26	TV			528833
38965	HAND MAID メイ	袖珍女侍小梅	2000-07-26	11	TV			125064
39001	ヴァイスクロイツ グリーエン	白色猎人 第二季	2002-11-28	13	TV		11913	
39002	ヴァイスクロイツ Verbrechen / Strafe	白色猎人 OVA	1999-11-25	2	OVA		11913	
39024	Jackie Chan Adventures Season 1	成龙历险记 第一季	2000-09-09	13	TV			334399
39064	魔術士オーフェン	魔术士奥芬	1998-10-03	24	TV			39065
39065	魔術士オーフェンRevenge	魔术士奥芬 -Revenge-	1999-10-02	23	TV		39064	
39088	Madagascar	马达加斯加	2005-07-15	1	剧场版			39089
39089	Madagascar: Escape to Africa	马达加斯加2：逃往非洲	2008-11-07	1	剧场版		39088	46126
39263	BLUE SEED 2	碧奇魂2	1996-07-24	3	OVA		38938	
39299	モンキーターン	驰风！赛艇王	2004-01-10	25	TV			39300
39300	モンキーターン V	驰风！赛艇王V	2004-07-03	25	TV		39299	
39503	Spirit: Stallion of the Cimarron	小马王	2002-05-24	1	剧场版			363286,498930
39507	Phineas and Ferb Season 1	飞哥与小佛 第一季	2007-08-17	47	TV			322876
39523	ふしぎ遊戯	不思议游戏 OVA	1997-05-25	3	OVA		4507	39524
39524	ふしぎ遊戯 第二部	不思议游戏 第二部	1997-05-25	6	OVA		39523	39525
39525	ふしぎ遊戯 -永光伝-	不思议游戏 -永光传-	2001-12-21	4	OVA		39524	
39530	新機動戦記ガンダムW Endless Waltz	新机动战记高达W 无尽的华尔兹	1997-01-25	3	OVA		2774	
39531	銀河英雄伝説 わが征くは星の大海	银河英雄传说 我的征途是星辰大海	1988-02-06	1	剧场版		79689	79661
39532	銀河英雄伝説 黄金の翼	银河英雄传说 黄金之翼	1992-12-12	1	剧场版		79685	79686
39743	啦啦啦德玛西亚	啦啦啦德玛西亚	2011-12-09	10	WEB			61821,66954
39759	おしりかじり虫	咬屁屁虫	2012-10-07	20	TV			84627
39808	探検ドリランド	探险托里兰托	2012-07-07	37	TV			66409
39869	New Story of Aura Battler DUNBINE	圣战士登拜因 OVA	1988-02-25	3	OVA		10402	
40081	ポケットモンスター ベストウイッシュ シーズン2	宝可梦 超级愿望 第2季	2012-06-21	38	TV		8401	68269
40122	One Hundred and One Dalmatians	101忠狗	1961-01-25	1	剧场版			112889
40188	Mulan	花木兰	1998-06-19	1	剧场版			82717
40189	Tarzan	泰山	1999-06-18	1	剧场版		113070	210226
40190	Ice Age	冰川时代	2002-03-15	1	剧场版			40191
40191	Ice Age: The Meltdown	冰川时代2：融冰之灾	2006-03-31	1	剧场版		40190	45812
40257	ぱにょぱにょ デ・ジ・キャラット	Panyo Panyo Di Gi Charat	2002-01-05	48	TV			14389
40286	コープスパーティー Missing Footage	尸体派对 迷失的舞步	2012-08-02	1	OVA			58957
40310	ガールズ＆パンツァー	少女与战车	2012-10-08	12	TV			72266
40379	ゲゲゲの鬼太郎	鬼太郎第一季	1968-01-03	65	TV			133510
40388	あたしンち	我们这一家	2002-04-19	330	TV			131717
40441	恐龙危机之恐龙归来	恐龙危机之恐龙归来	2008-09-22	26	TV			40442
40442	恐龙危机之恐龙危机	恐龙危机之恐龙危机		32	TV		40441	40443
40443	恐龙危机之新世纪	恐龙危机之新世纪		10	TV		40442	
40814	缇可冬季篇			50	TV			121785,121786,382836
40835	桃太郎の海鷲	桃太郎之海鹫	1943-03-25	1	剧场版			40836
40836	桃太郎 海の神兵	桃太郎 海之神兵	1945-04-12	1	剧场版		40835	
40879	Starship Troopers: Invasion	星船伞兵：入侵	2012-07-21	1	剧场版			223289
40931	幽☆遊☆白書 映像白書Ⅱ	幽游白书 映像白书Ⅱ	1995-12-16	4	OVA		38629	
40932	.hack//G.U. TRILOGY	.hack//G.U.三部曲	2007-12-22	1	剧场版		1996	68953
40935	火の鳥 鳳凰編	火之鸟 凤凰篇	1986-12-20	1	剧场版			48998
41028	この中に1人、妹がいる!	三人行必有我妹	2012-07-05	12	TV			91350
41188	钢铁飞龙	钢铁飞龙	2012-05-25	52	TV			575985
41428	輪廻のラグランジェ 鴨川デイズ	轮回的拉格朗日 鸭川日常	2012-08-23	1	OVA		21900	37562
41568	ちはやふる2	歌牌情缘 第二季	2013-01-11	25	TV		18294	238815
41658	ヤマノススメ	向山进发	2013-01-02	12	TV			86670
41705	CODE-E	电波少女	2007-07-03	12	TV			54760
41733	装甲騎兵ボトムズ 赫奕たる異端	装甲骑兵 荣耀的背后	1994-03-21	5	OVA		10379	41736
41734	装甲騎兵ボトムズ 幻影篇	装甲骑兵 幻影篇	2010-03-26	6	OVA		41736	621555
41736	装甲騎兵ボトムズ 孤影再び	装甲骑兵 孤影再临	2011-04-22	1	OVA		41733	41734
41863	アルスラーン戦記IV	亚尔斯兰战记IV 汗血公路	1993-12-22	1	OVA		28712	41865
41865	アルスラーン戦記V 征馬孤影	亚尔斯兰战记V 征马孤影	1995-08-21	2	OVA		41863	
41867	アルスラーン戦記II	亚尔斯兰战记II	1992-07-18	1	剧场版		28628	28712
41876	サイレントメビウス	魔法阵都市 剧场版	1991-08-17	1	剧场版			41879
41879	サイレントメビウス2	魔法阵都市 剧场版2	1992-07-18	1	剧场版		41876	
41886	プリンセスラバー! シャルロット編	公主恋人！夏洛特篇		2	OVA	1	8631	
41888	バイオハザード ディジェネレーション	生化危机 恶化	2008-10-17	1	剧场版			49270,315898
41909	大好き!ハローキティ	最喜欢！凯蒂猫	1993-10-05	20	TV			82995
41982	キン肉マン	金肉人	1983-04-03	137	TV			133215
41983	巨人の星	巨人之星	1968-03-30	182	TV			53754
42095	劇場版 スレイヤーズRETURN	剧场版 秀逗魔导士RETURN	1996-08-03	1	剧场版		3781	42097
42097	劇場版 スレイヤーズぐれえと	剧场版 秀逗魔导士GREAT	1997-08-02	1	剧场版		42095	11647
42339	ヨルムンガンド PERFECT ORDER	军火女王 PERFECT ORDER	2012-10-09	12	TV		29073	
42342	京騒戯画	京骚戏画	2012-08-31	5	WEB		14749	
42690	超重神グラヴィオンZwei	超重神GRAVION Zwei	2004-01-08	12	TV		13015	
42691	ヴァンドレッド the second stage	银河冒险战记 the second stage	2001-10-05	13	TV		8700	
42741	めだかボックス アブノーマル	最强会长黑神 Abnormal	2012-10-10	12	TV		23683	
42786	マギ The labyrinth of magic	天方魔谭MAGI	2012-10-07	25	TV			77646
42869	マジでオタクなイングリッシュ!りぼんちゃん 〜英語で戦う魔法少女〜	御宅英文！魔法少女小缎带	2012-07-31	12	TV			77048
43099	魔角侦探之大三角计划	魔角侦探之大三角计划	2012-07-23	52	TV		23682	
43118	緋色の欠片 第二章	绯色的欠片 第二章	2012-09-30	13	TV		29072	
43159	サカサマのパテマ Beginning of the Day	颠倒的帕特玛 初始之日	2012-02-25	4	WEB			29414
43180	The Legend of Korra Book 2: Spirits	科拉传奇 第二季：神灵	2013-09-13	14	TV		10599	88411
43383	我叫MT 第六季	我叫MT 第六季	2012-07-24	24	WEB		26803	176619,497030
43404	PERSONA3 THE MOVIE #1 Spring of Birth	女神异闻录3 剧场版 第一章 春生	2013-11-23	1				88731
43473	エルフを狩るモノたち II	妖精狩猎者II	1997-10-01	12	TV		25578	
43523	美少女戦士セーラームーンCrystal	美少女战士Crystal	2014-07-05	13	WEB			147686
43525	神様はじめました	元气少女缘结神	2012-10-01	13	TV			109724
43558	ジョジョの奇妙な冒険	JOJO的奇妙冒险	2012-10-05	26	TV			85631
43574	D.C.III ～ダ・カーポIII～	初音岛III	2013-01-05	13	TV		2688	
43581	劇場版 空の境界 未来福音	剧场版 空之境界 未来福音	2013-09-28	1	剧场版		3423	
43951	Fate/kaleid liner プリズマ☆イリヤ	Fate/kaleid liner 魔法少女☆伊莉雅	2013-07-12	10	TV			83402
43952	アキハバラ電脳組 2011年の夏休み	秋叶原电脑组 2011年的暑假	1999-08-14	1	剧场版		23467	
43972	第5回東方M-1ぐらんぷり	第五届东方M-1漫才大赛	2010-12-30	1	OVA		3830	29889
44120	十万个冷笑话 第一季	十万个冷笑话 第一季	2012-07-11	12	WEB			90175
44185	ウルトラニャン 星空から舞い降りたふしぎネコ	奥特猫 从天而降的不可思议猫咪	1997-04-12	1	剧场版			44186
44186	ウルトラニャン2 ハッピー大作戦	奥特猫2 快乐大作战	1998-03-14	1	剧场版		44185	
44461	纳米核心	纳米核心	2014-02-14	10	WEB			161941
44469	くりいむレモン パート4 POPCHASER	奶油柠檬 第四部分 PoP CHASER	1985-03-13	1	OVA	1	102001	102002
44472	新体操（仮） ～妖精達の輪舞曲～	新体操（假） ～妖精们的圆舞曲～	2002-10-25	4	OVA			69388
44636	ドラゴンボールZ 神と神	龙珠Z 神与神	2013-03-30	1	剧场版			108438
44675	马丁的早晨		2004-02-17	52	TV			240781
44676	大耳朵图图		2004-06-01	26	TV			431388
44679	神雕俠侶I：古墓奇緣	神雕侠侣I：古墓奇缘	2001-10-11	26	TV			117545
44680	メダロット	徽章战士	1999-07-02	52	TV			97149
44690	マルドゥック・スクランブル 燃焼	壳中少女 燃烧	2011-09-03	1	剧场版		4274	44691
44691	マルドゥック・スクランブル 排気	壳中少女 排气	2012-09-29	1	剧场版		44690	
44692	劇場版 魔法少女まどか☆マギカ [後編] 永遠の物語	剧场版 魔法少女小圆 [后篇] 永远的物语	2012-10-13	1	剧场版		25833	44693
44693	劇場版 魔法少女まどか☆マギカ [新編] 叛逆の物語	剧场版 魔法少女小圆 [新篇] 叛逆的物语	2013-10-26	1	剧场版		9717,44692	334105
44961	真救世主伝説 北斗の拳 ラオウ伝 殉愛の章	真救世主传说 北斗神拳 拉欧传 殉爱之章	2006-03-11	1	剧场版			118572
45048	蒼き流星SPTレイズナー OVA	苍之流星SPT雷兹纳 OVA	1986-08-21	3	OVA		5430	
45054	ルパン三世 ルパンVS複製人間	鲁邦三世 鲁邦VS克隆人	1978-12-16	1	剧场版		526159	
45213	たまゆら～もあぐれっしぶ～	玉响～more aggressive～	2013-07-03	12	TV		18605	109869
45240	ベルセルク 黄金時代篇II ドルドレイ攻略	剑风传奇 黄金时代篇II 多尔多雷攻略	2012-06-23	1	剧场版		10840	45241
45241	ベルセルク  黄金時代篇III 降臨	剑风传奇 黄金时代篇III 降临	2013-02-01	1	剧场版		45240	162040
45317	魔法少女アイ	魔法少女爱	2003-08-25	5	OVA	1		45318
45318	魔法少女アイ参 THE ANIME	魔法少女爱叁	2009-01-25	3	OVA	1	45317	
45336	Gravity Falls Season 1	怪诞小镇 第一季	2012-06-16	20	TV			110148
45337	バトルスピリッツ ソードアイズ	战斗之魂 Sword Eyes	2012-09-09	50	TV		20407	79659
45375	爆裂天使 ~インフィニティ~	爆裂天使INFINITY	2007-03-23	1	OVA		4471	
45393	ドラゴンボールZ 燃えつきろ!!熱戦・烈戦・超激戦	龙珠Z 燃烧吧！热战、烈战、超激战	1993-03-06	1	剧场版			45395
45395	ドラゴンボールZ 危険なふたり!超戦士はねむれない	龙珠Z 两人的危机	1994-03-12	1	剧场版		45393	48928
45414	リコーダーとランドセル OAD	竖笛与双肩书包 OAD	2012-07-17	2	OVA		37344	68757
45771	夢で逢えたら	如果在梦里遇见你	1998-11-30	16	TV		45772	
45772	夢で逢えたら〜OVAストーリーズ〜	如果在梦里遇见你 OVA	1998-04-21	3	OVA			45771
45810	Ice Age: Continental Drift	冰川时代4：大陆漂移	2012-06-27	1	剧场版		45812	161942
45812	Ice Age: Dawn of the Dinosaurs	冰川时代3：恐龙的黎明	2009-07-01	1	剧场版		40191	45810
45841	.hack//Versus タナトスレポート	.hack//Versus 塔那托斯报告	2012-06-28	1	OVA		30302	
45884	To LOVEる-とらぶる-ダークネス OAD	出包王女Darkness OAD	2012-08-17	9	OVA			210486
45904	逮捕しちゃうぞ	逮捕令 OVA	1994-09-24	4	OVA			2074
45916	Pixie Hollow Games	小叮当与精灵杯大赛	2011-11-19	1	TV		24620	24621
46011	僕は友達が少ないNEXT	我的朋友很少NEXT	2013-01-10	12	TV		17883	
46012	ヘタリア The Beautiful World	黑塔利亚 第5期	2013-01-25	20	WEB		8082	120369
46013	閃乱カグラ	闪乱神乐	2013-01-06	12	TV			221190
46014	神のみぞ知るセカイ 天理篇	只有神知道的世界 天理篇	2012-10-18	2	OVA		10739	56112
46036	ブラック・ジャック	怪医黑杰克	2004-10-11	61	TV			80918
46076	ちーすい丸	吸血丸	2010-02-06	41	TV			46078
46078	ちーすい丸 2ndシーズン	吸血丸 第二期	2011-01-15	34	TV		46076	
46112	Cars 2	汽车总动员2	2011-06-24	1	剧场版		36828	209908
46116	The Incredibles	超人总动员	2004-11-05	1	剧场版			237446
46126	Madagascar 3: Europe's Most Wanted	马达加斯加3	2012-06-06	1	剧场版		39089	
46131	Kung Fu Panda: Legends of Awesomeness Season 1	功夫熊猫：非凡传奇 第一季	2011-09-19	27	TV		35814	65242
46140	BUZZER BEATER	零秒出手	2005-02-05	13	TV			35991
46312	頭文字D Fifth Stage	头文字D Fifth Stage	2012-11-09	14	TV		3816	104569
46458	アイカツ!1年目	偶像活动 第一年	2012-10-08	50	TV			139317
46537	三国志 第一部・英雄たちの夜明け	三国志 第一部 英雄的黎明	1992-01-25	2	剧场版			46538
46538	三国志 第二部・長江燃ゆ!	三国志 第二部 长江的燃烧	1993-03-20	1	剧场版		46537	46539
46539	三国志 完結編・遥かなる大地	三国志 第三部 辽阔的大地	1994-04-09	1	剧场版		46538	
46742	The Penguins of Madagascar Season 1	马达加斯加企鹅 第一季	2008-11-28	48	TV			439841
46828	ゆゆ式	悠悠式	2013-04-09	12	TV			175533
46832	てーきゅう	网球并不可笑嘛	2012-10-07	12	TV			69943
46940	名探偵コナン 11人目のストライカー	名侦探柯南 第11位前锋	2012-04-14	1	剧场版		10308	54614
46953	バブルガム・クラッシュ!	泡泡糖撞车	1991-05-25	3	OVA		15176	
46955	ドミニオン	特搜战车队	1988-05-27	4	OVA			35799
47052	象の背中 -旅立つ日-	象之背 起程之日	2007-10-26	2	OVA			47054
47054	続・象の背中 -バトンタッチ-		2009-02-27	1	OVA		47052	
47144	麥兜故事	麦兜故事	2001-12-15	1	剧场版			47146
47146	麥兜菠蘿油王子	麦兜菠萝油王子	2004-06-24	1	剧场版		47144	2310
47147	麥兜噹噹伴我心	麦兜当当伴我心	2012-07-10	1	剧场版		2310	110885
47152	うる星やつら 完結篇	福星小子 完结篇	1988-02-06	1	剧场版		10388	47153
47153	うる星やつら いつだってマイ・ダーリン	福星小子 我亲爱的 直到永远	1991-11-02	1	剧场版		47152	
47155	燕尾蝶			1	剧场版		288787	
47170	はいたい七葉	你好七叶	2012-10-06	13	TV			66693
47276	乃木坂春香の秘密 ふぃな〜れ♪	乃木坂春香的秘密 Finale♪	2012-08-29	4	OVA		2608	
47464	探偵オペラ ミルキィホームズ Alternative ONE～小林オペラと5枚の絵画～	侦探歌剧 少女福尔摩斯 Alternative ONE	2012-08-25	1	TV			54728
47533	謎の彼女X OAD 謎の夏祭り	谜样女友X OAD 谜之夏日祭典	2012-08-23	1	OVA		29323	
47537	ラブリデイ～僕と彼女の七日間～		2012-03-23	1	OVA	1	35793	
47576	銀魂' 延長戦	银魂' 延长战	2012-10-04	13	TV		11834	120791
47629	The Woody Woodpecker Show	啄木鸟伍迪 电视版 第一季	1957-10-03	26	TV			668729
47644	スクライド オルタレイション QUAN	分身战士 ALTERATION QUAN	2012-03-10	1	剧场版		24592	
47669	ポータブル空港	可携式机场	2004-05-29	1	剧场版			47670
47670	Space Station No. 9	9号太空站		1	剧场版		47669	47672
47672	空飛ぶ都市計画	飞天都市计划	2005-09-10	1	剧场版		47670	
47685	みなみけ ただいま	南家三姐妹 我回来了	2013-01-05	13	TV		889	502928
47696	宝贝女儿好妈妈	宝贝女儿好妈妈		40	TV			90602
47721	The Transformers: The Movie	变形金刚大电影	1986-08-08	1	剧场版		1639,607652	607653
47725	トワノクオン 第二章 混沌の蘭舞	永远之久远 第二章 混沌的兰舞	2011-07-16	1	剧场版		13343	47726
47726	トワノクオン 第三章 夢幻の連座	永远之久远 第三章 梦幻的连座	2011-08-13	1	剧场版		47725	47727
47727	トワノクオン 第四章 紅蓮の焦心	永远之久远 第四章 红莲的焦躁	2011-09-10	1	剧场版		47726	47728
47728	トワノクオン 第五章 双絶の来復	永远之久远 第五章 双绝的来复	2011-11-05	1	剧场版		47727	47729
47729	トワノクオン 第六章 永久の久遠	永远之久远 第六章 永远之永恒	2011-11-26	1	剧场版		47728	
47730	宇宙戦艦ヤマト2199 第二章「太陽圏の死闘」	宇宙战舰大和号2199 第二章「死战太阳系」	2012-06-30	4	剧场版		37745	47731
47731	宇宙戦艦ヤマト2199 第三章「果てしなき航海」	宇宙战舰大和号2199 第三章「无尽的航海」	2012-10-13	4	剧场版		47730	51945
47759	爆走兄弟レッツ&ゴー!!WGP	四驱兄弟WGP	1997-01-06	51	TV		9567	
48031	GJ部	GJ部	2013-01-09	12	TV			90772
48037	うーさーのその日暮らし	兔宝的悲惨日常	2012-10-02	13	TV			81847
48055	百花繚乱 サムライブライド	百花缭乱 SAMURAI BRIDE	2013-04-05	12	TV		6933	109483
48065	ブラッドラッド	血意少年	2013-07-07	10	TV			80995
48086	まんが日本昔ばなし	漫画日本昔话 第一期	1975-01-07	24	TV			53802
48289	生徒会の一存 Lv.2	学生会的一己之见 Lv.2	2013-01-09	10	TV		2567	
48669	戦勇。	战勇。	2013-01-08	13	TV			69165
48670	遊☆戯☆王ZEXAL II	游戏王ZEXAL II	2012-10-07	73	TV		10760	
48700	ハイスクールD×D NEW	恶魔高校 D×D NEW	2013-07-07	12	TV		15910	106212
48745	攻殻機動隊 STAND ALONE COMPLEX the Laughing Man	攻壳机动队 STAND ALONE COMPLEX 笑面男	2005-10-23	1	OVA			48746
48746	攻殻機動隊 S.A.C. 2nd GIG Individual Eleven	攻壳机动队 S.A.C. 2nd GIG 个别的十一人	2006-01-27	1	OVA		48745	12885
48766	クロスファイト ビーダマンeS	弹珠人Cross Fight eS	2012-10-07	52	TV		20789	
48880	Wake Up, Girls!		2014-01-10	12	TV		87700	119985,201212
48928	ドラゴンボールZ 超戦士撃破!!勝つのはオレだ	龙珠Z 击败超战士	1994-07-09	1	剧场版		45395	
48991	ストラトス・フォー X シリーズ	星空防卫队 CODE：X	2004-05-28	2	OVA		10414	48992
48992	ストラトス・フォー アドヴァンス	星空防卫队 Advance	2005-03-25	6	OVA		48991	48994
48994	ストラトス・フォー アドヴァンス 完結編	星空防卫队 Advance 完结篇	2006-09-22	2	OVA		48992	
48998	火の鳥 OVA	火之鸟 OVA	1987-08-01	2	OVA		40935	
49000	ドラゴンボールZ・絶望への反抗!! 残された超戦士・悟飯とトランクス	龙珠Z・绝望的反抗!!残留的超战士・悟饭和特兰克斯	1993-02-24	1	TV		18505	
49119	シスター・プリンセス RePure	妹妹公主 RePure	2002-10-02	13	TV		3690	
49131	デート・ア・ライブ	约会大作战	2013-04-05	12	TV			76325
49189	バトルアスリーテス 大運動会 OVA	BATTLE ATHLETESS 大运动会 OVA	1997-05-25	6	OVA			309331
49266	メーテルレジェンド	梅德尔传奇	2000-12-13	2	OVA		68607,80823,127355	10392,49268
49267	銀河鉄道物語～忘れられた時の惑星～	银河铁道物语 被遗忘时间的惑星	2007-01-24	4	OVA		12784	12785
49268	宇宙交響詩メーテル ～銀河鉄道999外伝～	银河铁道999外传 宇宙交响诗	2004-08-06	13	TV		49266	10392
49270	バイオハザード ダムネーション	生化危机 诅咒	2012-10-27	1	剧场版		41888	148729
49278	境界の彼方	境界的彼方	2013-10-02	13	TV			118908
49282	がんばれ! ルルロロ	加油！露露落落	2013-01-17	26	TV			112841
49287	映画 あたしンち	电影 我们这一家	2003-12-06	1	剧场版			111231
49294	ラブライブ!	Love Live!	2013-01-06	13	TV			75989
49436	47都道府犬	47都道府犬	2011-04-07	47	TV			90899
49559	きらりん☆レボリューション	偶像宣言	2006-04-07	102	TV			49560
49560	きらりん☆レボリューション STAGE3	偶像宣言STAGE3	2008-04-04	51	TV		49559	
49570	SOL BIANCA	太阳之船	1990-03-21	2	OVA		18428	
49598	純情ロマンチカ2	纯情罗曼史2	2008-10-11	12	TV		1703	109541
49666	劇場版 空の境界 Remix -Gate of seaventh heaven-	剧场版 空之境界 Remix	2009-03-14	1	剧场版			3423
49693	ファイ・ブレイン 〜神のパズル 第3シリーズ	Phi-Brain～神之谜题3	2013-10-06	25	TV		31414	
49811	甜心格格 第二季	甜心格格 第二季	2012-09-28	52	TV		25587	208408
50017	Batman: The Dark Knight Returns, Part 1	蝙蝠侠：黑暗骑士归来（上）	2012-09-25	1	OVA			61275
50026	Teenage Mutant Ninja Turtles Season 1	忍者神龟2012 第一季	2012-09-29	26	TV			89743
50159	Family Guy (Season 11)	恶搞之家 第十一季	2012-09-30	11	TV		126511	126512
50160	ふくびき! トライアングル～美晴アフター～		2010-04-30	2	OVA	1		126183
50323	South Park Season 12	南方公园 第12季	2008-03-12	14	TV		10309	4849
50331	中二病でも恋がしたい！Lite	中二病也要谈恋爱！Lite	2012-09-27	6	WEB			91651
50513	ONE PIECE FILM Z	航海王：Z	2012-12-15	1	剧场版		20523	
50535	銀河機攻隊 マジェスティックプリンス	银河机攻队 庄严王子	2013-04-04	24	TV			175527
50598	ふたりエッチ 第1期	夫妻成长日记	2002-07-26	2	OVA			50599
50599	ふたりエッチ 2nd SEASON	夫妻成长日记 第二期	2003-11-27	2	OVA		50598	
50658	Wreck-It Ralph	无敌破坏王	2012-11-02	1	剧场版			216525
50665	BLUE DRAGON 天界の七竜	蓝龙 天界的七龙	2008-04-05	51	TV		27993	
50811	戦姫絶唱シンフォギアG	战姬绝唱SYMPHOGEAR G	2013-07-04	13	TV		25834	90512
50814	はたらく魔王さま!	打工吧！魔王大人	2013-04-04	13	TV			330057
50900	モーレツ宇宙海賊 ABYSS OF HYPERSPACE -亜空の深淵-	暴力宇宙海贼 剧场版 亚空的深渊	2014-02-22	1	剧场版		10462	
51498	Brickleberry (Season 1)	脆莓公园 第一季	2012-09-25	10	TV			54270
51518	黄金狗剩之史蒂芬前传	黄金狗剩之史蒂芬前传		1	短片			28546
51928	とある科学の超電磁砲S	某科学的超电磁炮S	2013-04-12	24	TV		2585	262940
51935	ロウきゅーぶ！SS	萝球社！SS	2013-07-05	12	TV		13485	
51945	宇宙戦艦ヤマト2199 第四章「銀河辺境の攻防」	宇宙战舰大和号2199 第四章「银河边境的攻防」	2013-01-12	4	剧场版		47731	66941
51947	わが青春のアルカディア 無限軌道SSX	我青春的世外桃源 无限轨道SSX	1982-10-13	22	TV		127779	
52129	Young Justice Season 2：Invasion	少年正义联盟 第二季	2012-04-28	20	TV		10941	197417
52392	South Park Season 10	南方公园 第10季	2006-03-26	14	TV		60608	10309
52586	ぷちます! -プチ・アイドルマスター-	迷你偶像	2013-01-01	64	WEB			84083
52606	咲-Saki- 全国編	天才麻将少女 全国篇	2014-01-05	13	TV		1444	
52764	GANTZ 〜the 2nd stage〜	杀戮都市 2nd Stage	2004-08-26	13	TV		2750	
52781	The Simpsons Movie	辛普森一家	2007-07-27	1	剧场版			590141
52783	ゴルゴ13	骷髅13 剧场版	1983-05-28	1	剧场版			54293
52787	ブラック・ジャック OVA	怪医黑杰克 OVA	1993-12-21	10	OVA			120067
52826	人魚の森	人鱼之森	1991-08-16	1	OVA			52827
52827	人魚の傷	人鱼之伤	1993-09-24	1	OVA		52826	
53687	天保異聞 妖奇士 奇士神曲	天保异闻妖奇士 奇士神曲	2007-08-22	5	OVA		10099	
53728	銀牙 -流れ星 銀-	银牙	1986-04-07	21	TV			53729
53729	銀牙伝説WEED	银牙传说WEED	2005-11-03	26	TV		53728	
53740	ハクション大魔王	喷嚏大魔怪	1969-10-05	50	TV			299687
53741	ゲゲゲの鬼太郎	鬼太郎第四季	1996-01-07	114	TV		211097	18176
53742	北斗の拳2	北斗神拳2	1987-03-12	43	TV		8386	67437
53744	若草物語ナンとジョー先生	小妇人物语 南与乔老师	1993-01-17	40	TV		68703	
53752	ジャングル大帝 進めレオ!	森林大帝2 前进！雷欧	1966-10-05	26	TV		11189	
53753	魔法使いサリー	魔法使莎莉	1966-12-05	109	TV			90874
53754	新・巨人の星	新巨人之星	1977-10-01	52	TV		41983	213787
53755	パーマン	小超人帕门	1983-04-04	50	TV		53804	
53758	エイトマン	8号超人	1963-11-07	56	TV			95013
53760	元祖天才バカボン	元祖天才傻鹏	1975-10-06	103	TV		107451	81579
53761	新オバケのQ太郎	新小鬼Q太郎	1971-09-01	50	TV		53805	489307
53762	もーれつア太郎	猛烈太郎	1969-04-04	50	TV			87782
53767	科学忍者隊ガッチャマン	科学小飞侠	1972-10-01	105	TV			53772
53770	怪物くん	怪物太郎	1968-04-21	49	TV			110775
53772	科学忍者隊ガッチャマンⅡ	科学小飞侠Ⅱ	1978-10-01	52	TV		53767	61601
53774	エースをねらえ!	网球甜心	1973-10-05	26	TV			75856
53785	ヤッターマン	小双侠	2008-01-14	60	TV			116034
53786	まんがはじめて物語	漫画 开始的故事	1978-05-06	305	TV			382230
53788	宇宙戦艦ヤマト2	宇宙战舰大和号2	1978-10-14	26	TV		10393	74531
53789	ゲゲゲの鬼太郎	鬼太郎第三季	1985-10-12	108	TV		133510	211097
53801	タイガーマスク	虎面人	1969-10-02	105	TV			70565,171366
53802	まんが日本昔ばなし	漫画日本昔话 第二期	1976-01-03	50	TV		48086	
53803	姉汁 THE ANIMATION～白川三姉妹におまかせ～	姐汁 ～交给白川三姐妹～	2006-12-22	2	OVA	1		25467
53804	パーマン	飞人	1967-04-02	108	TV			53755
53805	オバケのQ太郎	小鬼Q太郎	1965-08-29	96	TV			53761
53890	あいまいみー	漫研部	2013-01-03	13	TV			101195
53898	宇宙戦艦ヤマトIII	宇宙战舰大和号3	1980-10-11	25	TV		74532	74534
53925	シティーハンター2	城市猎人 第二季	1988-04-02	63	TV		10391	53926
53926	シティーハンター3	城市猎人 第三季	1989-10-15	13	TV		53925	53937
53932	シティーハンター ベイシティウォーズ	城市猎人 海滩城市之战	1990-08-25	1	剧场版			53933
53933	シティーハンター 百万ドルの陰謀	城市猎人 百万美金的阴谋	1990-08-25	1	剧场版		53932	
53936	超音戦士ボーグマン2 -新世紀2058-	超音战士Borgman2 -新世纪2058-	1993-10-01	3	OVA		37511	
53937	シティーハンター`91	城市猎人`91	1991-04-28	13	TV		53926	53940
53938	シティーハンタースペシャル 緊急生中継!?凶悪犯冴羽リョウの最期	城市猎人 紧急插播!?凶恶罪犯獠的死期	1999-04-23	1	TV		53939	
53939	シティーハンタースペシャル グッド・バイ・マイ・スイート・ハート	城市猎人 再见 我的爱人	1997-04-25	1	TV		53940	53938
53940	シティーハンタースペシャル ザ・シークレット・サービス	城市猎人 秘密任务	1996-01-05	1	TV		53937	53939
53950	HAPPY★LESSON	欢乐课程	2001-07-19	5	OVA			14653
53951	HAPPY★LESSON ADVANCE	欢乐课程 ADVANCE	2003-07-01	13	TV		14653	53952
53952	HAPPY★LESSON The Final	欢乐课程 The Final	2004-05-28	3	OVA		53951	
53954	OL改造講座	OL改造讲座	1990-11-01	1	剧场版		421834	
53984	よんでますよ、アザゼルさん。Z	恶魔阿萨谢尔在召唤你Z	2013-04-06	13	TV		10742	
54173	AKB0048 next stage		2013-01-05	13	TV		27317	
54234	My Little Pony Friendship is Magic Season 3	小马宝莉：友谊就是魔法 第三季	2012-11-10	13	TV		35858	89536
54256	天地無用! 魎皇鬼	天地无用! 魉皇鬼	1992-09-25	7	OVA			54257,56628
54257	天地無用! 魎皇鬼 第二期	天地无用! 魉皇鬼 第2期	1994-09-25	6	OVA		54256	54258
54258	天地無用! 魎皇鬼 第三期	天地无用! 魉皇鬼 第3期	2003-09-18	7	OVA		54257	157922
54270	Brickleberry (Season 2)	脆莓公园 第二季	2013-09-03	13	TV		51498	88412
54277	機動戦士ガンダムSEED DESTINY HDリマスター	机动战士高达SEED DESTINY HD重制版	2013-04-07	50	TV		27832	337586
54293	ゴルゴ13〜QUEEN BEE〜	骷髅13：女王蜂	1998-05-21	1	OVA		52783	
54297	はだしのゲン	赤脚阿元	1983-07-21	1	剧场版			137099
54433	やはり俺の青春ラブコメはまちがっている。	我的青春恋爱物语果然有问题	2013-04-04	12	TV			102134
54435	gdgd妖精s（ぐだぐだフェアリーーズ）	gdgd妖精s 第2季	2013-01-09	13	TV		25226	103276
54438	八犬伝 -東方八犬異聞-	八犬传-东方八犬异闻-	2013-01-05	13	TV			68935
54552	宇宙戦艦ヤマト2199	宇宙战舰大和号2199	2013-04-07	26	TV			246898
54579	魔法阿媽	魔法阿妈	1998-04-03	1	剧场版			515858
54603	神龙拯救队之元气星魂		2012-12-01	52	TV			387921
54614	名探偵コナン 絶海の探偵	名侦探柯南 绝海的侦探	2013-04-20	1	剧场版		46940	89279
54675	リトルウィッチアカデミア	小魔女学园	2013-03-02	1	剧场版			124646
54725	ヴァンドレッド 胎動篇	银河冒险战记 胎动篇	2001-10-14	1	TV			54726
54726	ヴァンドレッド 激闘篇	银河冒险战记 激斗篇	2002-09-14	1	TV		54725	
54728	探偵オペラ ミルキィホームズ Alternative TWO～小林オペラと虚空の大鴉～	侦探歌剧 少女福尔摩斯 Alternative TWO	2012-12-31	1	TV		47464	
54760	Mission-E		2008-07-07	12	TV		41705	
54863	強殖装甲ガイバー	强殖装甲凯普 OVA	1989-09-25	6	OVA			54864
54864	強殖装甲ガイバー ACT II	强殖装甲凯普II	1992-02-20	6	OVA		54863	
54942	DOG DAYS''	DOG DAYS''	2015-01-10	12	TV		23681	
55058	プロジェクトA子2 大徳寺財閥の陰謀	A子计划2 大德寺财团的阴谋	1987-05-21	1	OVA		8380	55059
55059	プロジェクトA子3 シンデレラ・ラプソディ	A子计划3 灰姑娘狂想曲	1988-06-21	1	OVA		55058	55060
55060	プロジェクトA子 完結篇	A子计划4 完结篇	1989-11-21	1	OVA		55059	
55100	ドキドキ!プリキュア	心跳！光之美少女	2013-02-03	49	TV		27332	88348
55113	たまこまーけっと	玉子市场	2013-01-09	12	TV			90880
55144	バトルスピリッツ 少年突破バシン	战斗之魂 少年突破马神	2008-09-07	50	TV			14766
55301	一撃殺虫!!ホイホイさんLEGACY	一击杀虫!! 小惠惠 LEGACY		1	OVA		6007	
55426	He-Man and the Masters of the Universe Season 1	宇宙的巨人希曼 第一季	1983-09-05	50	TV			269069
55467	映画ドラえもん のび太のひみつ道具博物館	哆啦A梦：大雄的秘密道具博物馆	2013-03-09	1	剧场版		24815	78282
55579	战斗王之飓风战魂	战斗王之飓风战魂	2012-08-23	52	TV			291651
55653	DAICON III OPENING ANIMATION	Daicon3 开幕动画	1981-08-22	1	短片			55654
55654	DAICON IV OPENING ANIMATION	Daicon4 开幕动画	1983-08-20	1	短片		55653	
55708	今日の5の2 放課後	今天的五年二班 放课后	2009-10-06	1	OVA		3413	
55770	進撃の巨人	进击的巨人	2013-04-06	25	TV			118335
55783	カードファイト!! ヴァンガード リンクジョーカー編	卡片战斗先导者 链环傀儡篇	2013-01-13	59	TV		35977	90632
56091	翠星のガルガンティア	翠星之加尔刚蒂亚	2013-04-07	13	TV			86870
56093	ダンガンロンパ 希望の学園と絶望の高校生 THE ANIMATION	弹丸论破 希望学园与绝望高中生	2013-07-04	13	TV		177092	158415
56112	神のみぞ知るセカイ 女神篇	只有神知道的世界 女神篇	2013-07-08	12	TV		46014	
56113	みにヴァン	迷你先导者	2013-04-06	37	TV			513462
56117	猫物語（黒）	猫物语（黑）	2012-12-31	4	TV		23161	68812
56239	South Park Season 2	南方公园 第2季	1998-04-01	18	TV		25442	56403
56403	South Park Season 3	南方公园 第3季	1999-04-07	17	TV		56239	60601
56626	天地無用! GXP	天地无用! GXP	2002-04-02	26	TV			412300
56627	天地無用! in LOVE2 遙かなる想い	天地无用! in LOVE 2:遥远的思念	1999-04-24	1	剧场版		36266	
56628	天地無用！真夏のイヴ	天地无用! 盛夏的夜晚	1997-08-02	1	剧场版		54256	
56726	新・キューティーハニー	新・甜心战士	1994-04-21	8	OVA		9302	
56757	The Adventures of Tintin Season 1	丁丁历险记第一季	1991-10-02	13	TV			56758
56758	The Adventures of Tintin Season 2	丁丁历险记第二季	1992-01-06	13	TV		56757	56759
56759	The Adventures of Tintin Season 3	丁丁历险记 第三季	1992-07-06	13	TV		56758	
56842	劇場版ポケットモンスター ベストウイッシュ 神速のゲノセクト ミュウツー覚醒	剧场版宝可梦 超级愿望: 神速的盖诺赛克特 超梦觉醒	2013-07-13	1	剧场版		28203,75899	90368
56951	革命機ヴァルヴレイヴ	革命机Valvrave	2013-04-11	12	TV			70131
56995	がんばれ!キッカーズ	加油！吉塔斯	1986-10-15	23	TV			310760
57201	戦乙女ヴァルキリーG ～戦乙女達の黄昏～		2012-07-20	2	OVA	1	70432	
57202	最終痴漢電車NEXT	最终痴汉电车NEXT	2012-07-27	2	OVA	1	65518	
57751	喜羊羊与灰太狼之竞技大联盟		2012-06-30	60	TV		37162	57754
57754	喜羊羊与灰太狼之开心日记		2012-12-08	60	TV		57751	90601
57755	喜羊羊与灰太狼之喜气羊羊过蛇年		2013-01-24	1	剧场版		37164	90349
57978	きんいろモザイク	黄金拼图	2013-07-06	12	TV			100405
58015	這いよれ! ニャル子さんW	潜行吧！奈亚子W	2013-04-07	12	TV		24508	111081
58245	純情ロマンチカ OAD	纯情罗曼史 OAD	2012-12-20	2	OVA		109541	
58345	Usavich Season 5	监狱兔 第五季	2012-12-13	13	TV		10553	
58709	ハヤテのごとく! Cuties	旋风管家 Cuties	2013-04-08	12	TV		22562	99810
58864	Usavich Season 2	监狱兔 第二季	2007-10-08	13	TV		1373	58865
58865	Usavich Season 3	监狱兔 第三季	2008-10-13	13	TV		58864	10553
58914	Chicken Run	小鸡快跑	2000-06-23	1	剧场版			441434
58915	Shrek	怪物史瑞克	2001-05-18	1	剧场版			58918
58918	Shrek 2	怪物史瑞克2	2004-05-19	1	剧场版		58915	58960
58948	映画 プリキュアオールスターズNewStage2 こころのともだち	电影 光之美少女 All Stars New Stage2 心之朋友	2013-03-16	1	剧场版		37855	88715
58957	コープスパーティー Tortured Souls -暴虐された魂の呪叫-	尸体派对 Tortured Souls	2013-07-24	4	OVA		40286	
58960	Shrek the Third	怪物史瑞克3	2007-05-18	1	剧场版		58918	58963
58963	Shrek Forever After	怪物史莱克4	2010-05-21	1	剧场版		58960	503237
58984	蒼天の拳	苍天之拳	2006-10-04	26	TV			228259
59160	インフェルノコップ	地狱刑事	2012-12-25	13	WEB			216788
59583	弱虫ペダル	飙速宅男	2013-10-07	38	TV			104468
59632	波打際のむろみさん	人鱼又上钩	2013-04-06	13	TV			81386
59664	銀の匙 Silver Spoon	银之匙 Silver Spoon	2013-07-11	11	TV			77480
60003	劇場版 K MISSING KINGS	K 失落之王	2014-07-12	1	剧场版		38069	115917
60011	DRIFTERS	漂流武士	2016-10-07	12	TV			203781
60188	冒険王ビィト	冒险王比特	2004-09-30	50	TV			195012
60199	B-伝説! バトルビーダマン	B传说！战斗弹珠人	2004-01-05	50	TV			60200
60200	B-伝説! バトルビーダマン 炎魂	B传说！战斗弹珠人 炎魂	2005-01-10	50	TV		60199	
60368	第7回東方M-1ぐらんぷり	第七届东方M-1漫才大赛	2012-12-30	1	OVA		29889	96643
60375	Bible Black 外伝	黑暗圣经 外传	2002-05-25	2	OVA	1		38432
60376	Drawn with Me: I Love You	和我一起来画吧：我爱你	2013-01-01	1	WEB		8333	
60533	Cinderella	灰姑娘	1950-02-15	1	剧场版			112884
60589	G-taste		1999-12-18	7	OVA	1		124752
60601	South Park Season 4	南方公园 第4季	2000-04-05	17	TV		56403	60604
60604	South Park Season 5	南方公园 第5季	2001-06-20	14	TV		60601	60605
60605	South Park Season 6	南方公园 第6季	2002-03-06	17	TV		60604	60606
60606	South Park Season 7	南方公园 第7季	2003-03-19	15	TV		60605	60607
60607	South Park Season 8	南方公园 第8季	2004-03-17	14	TV		60606	60608
60608	South Park Season 9	南方公园 第9季	2005-03-09	14	TV		60607	52392
60901	蒼穹のファフナー EXODUS	苍穹之法芙娜 EXODUS	2015-01-08	13	TV		363801	130230
61213	Hotel Transylvania	精灵旅社	2012-09-28	1	剧场版		596841	119034
61222	ガッ活! 第2シリーズ	学活！ 第二季	2013-04-03	25	WEB		37140	
61275	Batman: The Dark Knight Returns, Part 2	蝙蝠侠：黑暗骑士归来（下）	2013-01-29	1	OVA		50017	
61339	虹猫蓝兔七侠传		2006-09-05	108	TV			61340
61340	虹猫仗剑走天涯	虹猫仗剑走天涯	2008-06-25	108	TV		61339	61343
61343	虹猫蓝兔光明剑	虹猫蓝兔光明剑		79	TV		61340	61345
61345	虹猫蓝兔火凤凰	虹猫蓝兔火凤凰	2010-02-05	1	剧场版		61343	61346
61346	虹猫蓝兔勇者归来		2011-01-11	52	TV		61345	
61498	攻殻機動隊ARISE border:1 Ghost Pain	攻壳机动队ARISE border:1 Ghost Pain	2013-06-22	1	剧场版			77014
61533	パンダコパンダ 雨ふりサーカスの巻	熊猫家族 雨中的马戏团	1973-03-17	1	剧场版		28103	
61534	ジョジョの奇妙な冒険 ファントムブラッド	JOJO的奇妙冒险 幻影血脉	2007-02-17	1	剧场版			38326
61539	Tinker Bell:the Pirate Fairy	小叮当:海盗仙子	2014-02-14	1	剧场版		24621	127050
61566	CLUSTER EDGE Secret Episode	克拉斯特学院 OVA	2006-09-22	3	OVA		18502	
61601	科学忍者隊ガッチャマンF	科学小飞侠F	1979-10-07	48	TV		53772	
61730	Ultimate Spider-Man Season 2	终极蜘蛛侠 第二季	2013-01-21	26	TV		38212	106177
61821	啦啦啦德玛西亚 第二季	啦啦啦德玛西亚 第二季	2012-07-19	10	WEB		39743	66954
61955	アップルシード XIII 〜遺言〜	苹果核战记XIII 遗言	2011-06-13	1	剧场版			61956
61956	アップルシード XIII 〜預言〜	苹果核战记XIII 预言	2011-10-24	1	剧场版		61955	
62115	尸兄	尸兄	2013-01-11	41	WEB			131225
62244	flutter of birds ～鳥達の羽ばたき～		2002-05-24	2	OVA	1		68669
62250	人妻コスプレ喫茶	人妻cosplay喫茶	2004-03-25	2	OVA	1		62252
62252	人妻コスプレ喫茶2～人妻ラブラブ・コスプレOVA～	人妻cosplay喫茶2	2007-08-24	2	OVA	1	62250	
62258	御先祖賛江	御先祖赞江	1998-09-25	4	OVA	1		62260
62260	続・御先祖賛江		2000-10-25	4	OVA	1	62258	
62277	Ran→Sem～白濁デルモ妻のミイラ捕り～		2011-05-27	2	OVA	1		78176
62281	キングダム 第2シリーズ	王者天下 第二季	2013-06-08	39	TV		27568	294288
62285	プリティーリズム・レインボーライブ	美妙旋律 Rainbow Live	2013-04-06	51	TV		32816	99748
62422	マジンカイザー 死闘！暗黒大将軍	魔神凯撒 死斗！暗黑大将军	2003-07-25	1	OVA		14231	
62461	初犬 The Animation		2007-05-25	2	OVA	1		62462
62462	初犬2 The Animation ストレンジ・カインド オブ ウーマンズ～again～		2008-09-26	2	OVA	1	62461	
62463	感染 淫欲の連鎖		2009-10-30	2	OVA	1		62464
62464	姦染2 淫罪都市		2010-02-26	2	OVA	1	62463	62465
62465	姦染3 首都崩壊		2010-09-24	2	OVA	1	62464	
62482	RIN×SEN～白濁女教師と野郎ども～		2010-05-28	2	OVA	1		78176
62488	牝教師～淫辱の教室～		2009-06-25	3	OVA	1		152055
62498	大悪司	大恶司	2003-11-27	6	OVA	1	62500	
62500	大悪司～前戯のススメ～		2003-08-28	1	OVA	1		62498
62506	新・Bible Black	新・黑暗圣经	2004-04-25	6	OVA	1	38432	
62571	第3回東方M-1ぐらんぷり	第三届东方M-1漫才大赛	2008-12-29	1	OVA		88564,129233	3830
62835	Atlantis: The Lost Empire	亚特兰蒂斯：失落的帝国	2001-06-15	1	剧场版			113006
62893	グラップラー刃牙	刃牙	2001-01-08	48	TV			199373
62914	YAWARA!	以柔克刚	1989-10-16	124	TV			121819
62946	DD北斗の拳	DD北斗神拳	2013-04-02	13	TV			144414
62948	ふたりはミルキィホームズ	两个人是少女福尔摩斯	2013-07-13	12	TV		22287	113631
63024	脅迫 ～終わらない明日～ THE ANIMATION	胁迫 ～没有终结的明日～ THE ANIMATION	1999-12-17	3	OVA	1		63026
63025	脅迫Ⅱ～もうひとつの明日～ THE ANIMETION	胁迫Ⅱ ～另一个明日～ THE ANIMATION	2001-07-27	3	OVA	1		63026
63026	新・脅迫2 THE ANIMATION～傷に咲く花 鮮血の紅～	新・胁迫2 THE ANIMATION～在伤口上盛开的花 鲜血的红～	2006-05-26	2	OVA	1	63024,63025	
63032	家庭教師のおねえさん2 THE ANIMATION～Hの偏差値あげちゃいます～	家庭教师大姐姐2 ～帮你提升色情学分喔～	2010-10-22	2	OVA	1	9841	
63033	DISCIPLINE	欲望学院	2003-04-11	6	OVA	1	63035	
63035	DISCIPLINE 零	欲望学院 零	2010-01-29	2	OVA	1		63033
63078	BUDDHA2 手塚治虫のブッダ -終わりなき旅-	手冢治虫的佛陀～永无止境之旅～	2014-02-08	1	剧场版		10335	
63130	コードギアス 亡国のアキト 第2章「引き裂かれし翼竜」	Code Geass 亡国的阿基德 第二章「翼龙折翅」	2013-09-14	1	剧场版		24593	86773
63131	黒子のバスケ DVD FAN DISC ～終わらない夏～	黑子的篮球 FAN DISC ～未结束的夏日～	2012-12-21	1	OVA			208456
63277	Miffy and Friends	米菲和它的朋友们		50	TV			208465
63332	THE八犬伝	THE八犬传	1990-10-25	6	OVA			63333
63333	THE 八犬伝 〜新章〜	THE 八犬传 -新章-	1993-11-25	7	OVA		63332	
63895	秘湯めぐり 隠れ湯 舞桜編	秘汤巡游 隐汤 舞樱篇	2013-02-02	2	OVA	1	73238	79207
63933	ギブリーズ episode2	吉卜力工作室特别短片2	2002-07-20	1	剧场版		104254	
64086	Fantasia	幻想曲	1940-11-13	1	剧场版			66244
64088	Saludos Amigos	致候吾友	1943-02-06	1	剧场版			64089
64089	The Three Caballeros	三骑士	1945-02-03	1	剧场版		64088	
64094	Peter Pan	小飞侠	1953-02-05	1	剧场版			112883
64095	Lady and the Tramp	小姐与流浪汉	1955-06-22	1	剧场版			112363
64098	The Jungle Book	森林王子	1967-10-18	1	剧场版			112890
64140	ログ・ホライズン	记录的地平线	2013-10-05	25	TV			100517
64172	THE IDOLM@STER MOVIE 輝きの向こう側へ！	偶像大师 剧场版 向着光辉的彼岸！	2014-01-25	1	剧场版		11577	
64496	愛姉妹～二人の果実～	爱姐妹～二人的果实～	2001-04-27	3	OVA	1		72183
64988	劇場版FAIRY TAIL 序章「はじまりの朝」	妖精的尾巴 剧场版序章 开始的早晨	2013-02-15	1	OVA			30361
64993	DIABOLIK LOVERS	魔鬼恋人	2013-09-16	12	TV			124778
65183	阿狸梦之岛·我的云	阿狸梦之岛·我的云	2013-02-14	1	WEB			165069
65242	Kung Fu Panda: Legends of Awesomeness Season 2	功夫熊猫：非凡传奇 第二季	2012-08-06	25	TV		46131	115617
65286	キャプテン	青少棒扬威记	1983-01-10	26	TV			113899
65339	陽あたり良好！	阳光普照！	1987-03-29	49	TV			65340
65340	陽あたり良好！ KA・SU・MI 夢の中に君がいた	阳光普照！ 霞的梦中有你在	1988-10-01	1	剧场版		65339	
65376	Kanon 風花	Kanon 风花	2003-05-03	1	OVA		1077	
65517	最終痴漢電車	最终痴汉电车	2002-09-25	3	OVA	1		65518
65518	新・最終痴漢電車	新·最终痴汉电车	2004-08-25	3	OVA	1	65517	57202
65731	绿林大冒险	绿林大冒险	2013-01-22	1	剧场版			137518
65883	らんま1/2 熱闘編	乱马1/2 热斗篇	1989-10-20	143	TV		2789	
65923	Batman: Under the Red Hood	蝙蝠侠：红头罩之下	2010-07-27	1	OVA			311693
66202	劇場版 TIGER & BUNNY -The Rising-	剧场版 TIGER & BUNNY -The Rising-	2014-02-08	1	剧场版		10385	279321
66236	The Rescuers	救难小英雄	1977-06-22	1	剧场版			66241
66237	The Fox and the Hound	狐狸与猎狗	1981-07-10	1	剧场版			113083
66241	The Rescuers Down Under	救难小英雄澳洲历险记	1990-11-16	1	剧场版		66236	
66242	Pocahontas	风中奇缘	1995-06-23	1	剧场版			112354
66243	The Hunchback of Notre Dame	钟楼怪人	1996-06-21	1	剧场版			112885
66244	Fantasia 2000	幻想曲2000	1999-12-17	1	剧场版		64086	
66246	The Emperor's New Groove	变身国王	2000-12-15	1	剧场版			113077
66249	Brother Bear	熊的传说	2003-11-01	1	剧场版			113082
66260	猪猪侠Ⅰ：魔幻环保	猪猪侠之魔幻猪猡纪		20	TV			187084
66303	シュンマオ物語 タオタオ	熊猫的故事	1981-12-28	1	剧场版			220079
66395	ダーティペア FLASH	银河女警花 FLASH	1994-01-21	6	OVA			66396
66396	ダーティペア FLASH2	银河女警花 FLASH2	1995-06-01	5	OVA		66395	66397
66397	ダーティペア FLASH3	银河女警花 FLASH3	1995-12-21	5	OVA		66396	
66405	ダンボール戦機ウォーズ	纸箱战机Wars	2013-04-03	37	TV		30526	
66409	探検ドリランド -1000年の真宝-	探险托里兰托 1000年的真宝	2013-04-06	51	TV		39808	
66491	血液型くん！	血型君	2013-04-07	13	TV			116651
66600	悪の女幹部	恶之女干部	2011-11-18	2	OVA	1		66601
66601	悪の女幹部 フルムーンナイト	恶之女干部 满月之夜	2012-12-21	1	OVA	1	66600	317963
66604	聖ヤリマン学園援交日記	圣黑木耳学园援交日记	2013-02-22	1	OVA	1		104349
66605	フォルト!!S ～新たなる恋敵～	一发失误!!S ～新的情敌～	2013-02-22	1	OVA	1	18042	
66655	君のいる町	小镇有你	2013-07-13	12	TV		26806	
66693	はいたい七葉 第2期	你好七叶 第二季	2013-04-06	13	TV		47170	
66941	宇宙戦艦ヤマト2199 第五章「望郷の銀河間空間」	宇宙战舰大和号2199 第五章「望乡的银河间空间」	2013-04-13	4	剧场版		51945	70322
66954	啦啦啦德玛西亚 第三季	啦啦啦德玛西亚 第三季	2013-03-08	10	WEB		39743,61821	
67224	ジュエルペット ハッピネス	宝石宠物 Happiness	2013-04-06	52	TV		37136	96775
67371	星に願いを COLD BODY + WARM HEART	向星星许愿 COLD BODY + WARM HEART	2009-06-01	1	WEB			67832
67376	グリザイアの果実	灰色的果实	2014-10-05	13	TV			121187
67420	魔界天使ジブリール	魔界天使 第一季	2004-11-26	4	OVA	1		67424
67424	魔界天使ジブリール episode2	魔界天使 第二季	2007-05-25	4	OVA	1	67420	67425
67425	魔界天使ジブリール3	魔界天使 第三季	2009-09-25	2	OVA	1	67424	
67437	新・北斗の拳	新北斗神拳	2003-07-24	3	OVA		53742	
67731	兔侠之青黎传说	兔侠之青黎传说	2015-02-21	1	剧场版		20032	
67746	レアガルフォース	银河女战士 地球篇	1989-03-21	1	OVA		214510	214562
67748	テニスの王子様 ANOTHER STORY 〜過去と未来のメッセージ	网球王子 过去和未来的信息	2009-05-26	4	OVA			67749
67749	テニスの王子様 ANOTHER STORY II～アノトキノボクラ	网球王子 那时的我们	2011-08-26	4	OVA		67748	
67751	SPACE ADVENTURE コブラ	哥普拉 剧场版	1982-07-03	1	剧场版			67756
67753	あしたのジョー2	明日之丈2	1980-10-13	47	TV		10404,67754	
67754	あしたのジョー	明日之丈 剧场版	1980-03-08	1	剧场版			67753,67755
67755	あしたのジョー2	剧场版 明日之丈2	1981-07-04	1	剧场版		67754	
67756	スペースコブラ	哥普拉	1982-10-07	31	TV		67751	3827,279354
67758	ルパン三世 バビロンの黄金伝説	鲁邦三世 巴比伦的黄金传说	1985-07-13	1	剧场版		314	
67801	Happy Feet Two	快乐的大脚2	2011-11-18	1	剧场版		36067	
67807	Rio 2	里约大冒险2	2014-04-11	1	剧场版		16437	
67809	Despicable Me 2	神偷奶爸2	2013-07-03	1	剧场版		11909	111361
67826	ストライク・ザ・ブラッド	噬血狂袭	2013-10-04	24	TV			182239
67832	星に願いを -Fantastic Cat-	向星星许愿 -Fantastic Cat-	2009-08-31	1	WEB		67371	
67958	DREAM HUNTER 麗夢	梦猎人丽梦	1985-06-10	4	OVA			67959
67959	NEW DREAM HUNTER 麗夢	新梦猎人丽梦	1990-12-16	2	OVA		67958	
67990	マーメイドメロディー ぴちぴちピッチ ピュア	人鱼的旋律 第二季	2004-04-03	39	TV		30515	
68022	IS〈インフィニット・ストラトス〉2	IS〈无限斯特拉托斯〉第二季	2013-10-03	12	TV		9800	
68035	有頂天家族	有顶天家族	2013-07-07	13	TV			193042
68059	蒼きウル	苍之URU			剧场版		2046	
68237	Justice League Season 1	正义联盟 第一季	2001-11-17	26	TV		114888	101718,101717,101719,101720
68269	ポケットモンスター ベストウイッシュ シーズン2 デコロラアドベンチャー!	宝可梦 超级愿望 第2季 德科罗拉大冒险	2013-04-25	20	TV		40081	78799
68284	魔法少女リリカルなのは Reflection	魔法少女奈叶 Reflection	2017-07-22	1	剧场版		35679	220403
68607	ハーロック・サーガ ニーベルングの指環	宇宙海盗哈洛克 尼伯龙根的指环-莱茵河的黄金	1999-01-25	6	OVA			49266
68669	flutter of birds II ～天使たちの翼～	flutter of birds II ～天使たちの翼～	2003-05-23	2	OVA	1	62244	
68674	それでも妻を愛してる		2011-10-21	3	OVA	1		257271
68703	愛の若草物語	爱的小妇人物语	1987-01-11	48	TV			53744
68715	LEGO：Legends of Chima Season 1	乐高：气功传奇第一季	2013-01-16	20	TV			559847
68738	グリム名作劇場	格林童话剧场	1987-10-21	24	TV			81531
68757	リコーダーとランドセル ミ☆	竖笛与双肩书包 3☆	2013-07-08	12	TV		45414	
68807	けんぷファー für die Liebe	肯普法 为了爱	2011-04-07	2	TV		2129	
68812	〈物語〉シリーズ セカンドシーズン	物语系列 第二季	2013-07-06	26	TV		56117	82322
68935	八犬伝 -東方八犬異聞-  二期	八犬传-东方八犬异闻- 第二季	2013-07-07	13	TV		54438	
68953	.hack//G.U. Returner	.hack//G.U.回归者	2007-01-18	1	OVA		40932	
68961	ドラミ&ドラえもんズ ロボット学校七不思議!?	哆啦美&哆啦A梦七小子：机器人学校七大怪谈	1996-03-02	1	剧场版			68963
68963	ザ☆ドラえもんズ 怪盗ドラパン謎の挑戦状!	哆啦A梦七小子：怪盗哆啦邦谜样的挑战书	1997-03-08	1	剧场版		68961	68964
68964	ザ☆ドラえもんズ ムシムシぴょんぴょん大作戦!	哆啦A梦七小子：虫虫大作战	1998-03-07	1	剧场版		68963	68966
68966	ザ☆ドラえもんズ おかしなお菓子なオカシナナ?	哆啦A梦七小子：奇异的点心娜娜王国	1999-03-06	1	剧场版		68964	68967
68967	ザ☆ドラえもんズ ドキドキ機関車大爆走!	哆啦A梦七小子：心跳加速的火车大暴走!	2000-03-11	1	剧场版		68966	89712
68970	メロエッタのキラキラリサイタル	美洛耶塔的闪亮音乐会	2012-07-14	1	剧场版		90616	
69081	电击小子		2009-02-12	26	TV			462879
69165	戦勇。第2期	战勇。第二季	2013-07-02	13	TV		48669	
69295	Kim Possible	麻辣女孩	2002-06-07	21	TV			525953
69381	Code Lyoko Saison 2	至NET奇兵 第二季	2005-08-31	26	TV		38711	69383
69383	Code Lyoko Saison 3	至NET奇兵 第三季	2006-09-09	13	TV		69381	69384
69384	Code Lyoko Saison 4	至NET奇兵 第四季	2007-08-13	30	TV		69383	
69385	Code Lyoko Prequel	至NET奇兵 前传	2006-10-21	2	TV			38711
69388	新体操（真）		2005-06-24	2	OVA	1	44472	
69425	Pia♥キャロットへようこそ!!	欢迎来到Pia♥卡罗特	1997-10-24	3	OVA	1		69426
69426	Pia♥キャロットへようこそ!!2	欢迎来到Pia♥卡罗特2	1998-10-23	3	OVA	1	69425	103454
69429	幻夢館～愛欲と凌辱の淫罪～	梦幻馆	2003-03-21	2	OVA	1		72353
69435	臭作 ～Replay～	臭作 Replay	2000-07-28	4	OVA	1		11936
69436	鬼作		2002-01-25	6	OVA			69437
69437	鬼作 魂		2004-05-28	3	OVA	1	69436	
69439	遺作 ～Respect～	遗作 ～Respect～	2001-02-23	3	OVA	1	9517	
69466	金猴降妖	金猴降妖		1	剧场版		69467	
69467	人参果	人参果		1	剧场版		1962	69466
69484	リトルバスターズ! 〜Refrain〜	Little Busters! 〜Refrain〜	2013-10-05	13	TV		38040	
69494	ガッチャマン クラウズ	科学小飞侠Crowds	2013-07-12	12	TV			86721
69596	デュエル・マスターズ ビクトリーV3	决斗大师 Victory V3	2013-04-06	51	TV		293620	
69943	てーきゅう 2期	网球并不可笑嘛 2期	2013-07-07	12	TV		46832	82079
70131	革命機ヴァルヴレイヴ 2ndシーズン	革命机Valvrave 第二季	2013-10-10	12	TV		56951	
70263	催眠術 2nd		2008-10-25	2	OVA	1	74773	
70264	放課後～濡れた制服～	放课后～濡湿的制服～	2005-01-25	3	OVA			72286
70281	陰陽師～妖艶絵巻～		2003-09-25	2	OVA	1		70290
70283	淫妖蟲 蝕 〜凌触島退魔録〜	淫妖虫 蚀 凌触岛退魔录	2008-04-25	2	OVA	1		219484
70290	陰陽師 妖かしの女神～淫乱呪縛～		2009-11-25	2	OVA	1	70281	
70294	レイZERO		2010-07-02	2	OVA			70300
70295	対魔忍アサギ	对魔忍阿莎姬	2007-03-02	4	OVA	1		148229
70300	特務捜査官レイ＆風子		2006-10-27	4	OVA	1	70294	
70322	宇宙戦艦ヤマト2199 第六章「到達!大マゼラン」	宇宙战舰大和号2199 第六章「到达！大麦哲伦」	2013-06-15	4	剧场版		66941	70323
70323	宇宙戦艦ヤマト2199 第七章「そして艦は行く」	宇宙战舰大和号2199 第七章「战舰继续前进」	2013-08-24	4	剧场版		70322	176025
70359	爆乳母娘		2004-06-11	2	OVA	1		70417
70417	MILK・ジャンキー 姉妹編		2005-03-25	4	OVA	1	70359	
70432	戦乙女ヴァルキリー2		2008-09-26	3	OVA	1	74529,74530	57201
70565	タイガーマスク二世	虎面人二世	1981-04-20	33	TV		53801	
70585	ドラゴンナイト4	龙骑士4	1998-11-27	4	OVA	1	109750	
71259	ルパン三世VS名探偵コナン THE MOVIE	鲁邦三世VS名侦探柯南 剧场版	2013-12-07	1	剧场版		26295	
71594	The Croods	疯狂原始人	2013-03-22	1	剧场版			226193
71734	劇場版 薄桜鬼 第一章 京都乱舞	薄樱鬼 第一章 京都乱舞	2013-08-24	1	剧场版		35715	81846
71802	げんしけん 二代目	现视研 二代目	2013-07-06	13	TV		91252	
71926	巴啦啦小魔仙之奇迹舞步		2013-04-19	52	TV		18753	121596
71955	夜桜四重奏 〜ハナノウタ〜	夜樱四重奏 花之歌	2013-10-06	13	TV			85561
72109	Free!		2013-07-03	12	TV		129246	95010
72183	愛姉妹2～二人の果実～	爱姐妹2	2003-02-28	2	OVA	1	64496	
72266	ガールズ＆パンツァー 劇場版	少女与战车 剧场版	2015-11-21	1	剧场版		40310,96130,292449	191302
72286	放課後2 THE ANIMATION		2007-08-31	1	OVA	1	70264	
72297	憨八龟的故事之我来自他星			50	TV			438747
72335	夜勤病棟・弐		2004-07-30	5	OVA	1	37994	74398
72341	リヨン伝説 フレア	莉安传说	1986-07-14	2	OVA	1		107597
72353	真章 幻夢館 Epilogue	真章 梦幻馆 Epilogue	2010-04-15	4	OVA	1	69429	
72360	新・エースをねらえ!	新・网球甜心	1978-10-14	25	TV			75856
72651	イナズマイレブンGO ギャラクシー	闪电十一人GO 银河	2013-05-08	43	TV		38758	
72739	Bravest Warriors Season 1	无畏战士	2012-11-08	11	WEB			86837
72942	中二病でも恋がしたい！戀	中二病也要谈恋爱！恋	2014-01-08	13	TV		29648	215425
72946	マケン姫っ! 通	魔具少女！通	2014-01-15	10	TV		21580	
72968	The Avengers: Earth's Mightiest Heroes Season 2	复仇者：世上最强英雄组合 第二季	2012-04-01	26	TV		20056	
72993	Teen Titans Go! (Season 1)	少年泰坦出击 第一季	2013-04-23	52	TV			105590
73010	おとぎストーリー 天使のしっぽ	天使的尾巴	2001-10-04	13	TV			94955
73083	ダイヤのA	钻石王牌	2013-10-06	75	TV			129844
73238	秘湯めぐり 隠れ湯	秘汤巡游 隐汤	2010-12-03	2	OVA	1		63895
73259	円盤皇女ワるきゅーレ 時と夢と銀河の宴	圆盘皇女 时空与梦想的银河之宴	2006-08-25	2	OVA		18613	
73712	そーどあーと・おふらいん	掉线神域	2012-10-24	10	OVA			185771
73756	SAMURAI SPIRITS 〜破天降魔の章〜	侍魂：破天降魔之章	1994-09-18	1	TV			2062
73928	魔法のプリンセス ミンキーモモ	魔法公主明琪桃子	1982-03-18	63	TV			81582
74116	暴走漫画	暴走漫画	2013-02-02	9	WEB			80378
74199	クラッシャージョウ	宇宙先锋	1983-03-12	1	剧场版			74218
74218	クラッシャージョウ OVA	宇宙先锋 OVA	1989-02-05	2	OVA		74199	
74243	Marvel's Avengers Assemble Season 1	复仇者集结 第一季	2013-05-23	26	TV			115007
74297	うしろの正面だあれ	猜猜我是谁	1991-03-09	1	剧场版			84587
74300	神州魑魅変	神州魑魅变	1988-12-10	4	OVA			78080
74395	夜勤病棟 Kranke 児玉ひかる		2005-05-27	1	OVA	1		74396
74396	夜勤病棟 Kranke 児玉あい		2005-08-26	1	OVA		74395	
74398	夜勤病棟・参		2005-07-29	3	OVA	1	72335	
74403	エンジェルブレイド	天使之刃	2001-12-14	3	OVA	1		112246
74420	懲らしめ	惩戒	2001-06-15	2	OVA	1		389647
74442	特別授業		2001-05-11	2	OVA	1		81851
74443	透明人間		2006-02-10	2	OVA	1		74444
74444	透明人間R		2010-03-12	2	OVA	1	74443	
74445	相姦遊戯	相奸游戏	2007-08-10	2	OVA	1		74446
74446	相関遊戯 2	相关游戏2	2009-09-11	2	OVA	1	74445	
74449	義妹×2	义妹×2	2006-09-08	1	OVA	1	106734	
74480	恋姫	恋姬	2000-09-22	2	OVA	1		74488
74483	同級生 夏の終わりに	同级生 夏天结束时	1994-07-08	4	OVA			96675
74484	同級生2	同级生2	1996-03-22	12	OVA		96675	
74488	続・恋姫		2001-11-22	2	OVA		74480	
74517	ジェネレーション オブ カオス3 〜時の封印〜	混沌时代3 时之封印	2003-05-21	2	OVA		475818	
74519	RIKI-OH 等括地獄	力王 等括地狱	1989-06-25	1	OVA			74520
74520	Riki-Oh 2 滅びの子	力王 2 毁灭之子	1990-08-24	1	OVA		74519	
74529	戦乙女ヴァルキリー あなたに全てを捧げます		2004-12-24	2	OVA	1		70432
74530	戦乙女ヴァルキリー 真章		2006-02-24	2	OVA	1		70432
74531	宇宙戦艦ヤマト 新たなる旅立ち	宇宙战舰大和号 新的旅程	1979-07-31	1	TV		53788,74535	74532
74532	ヤマトよ永遠に	永远的大和号	1980-08-02	1	剧场版		74531	53898
74533	さらば宇宙戦艦ヤマト 愛の戦士たち	再见宇宙战舰大和号 爱的战士们	1978-08-05	1	剧场版		74535	
74534	宇宙戦艦ヤマト 完結編	宇宙战舰大和号 完结篇	1983-03-19	1	剧场版		53898	3483
74535	宇宙戦艦ヤマト	宇宙战舰大和号 剧场版	1977-08-06	1	剧场版			74533
74625	幻想万華鏡 紅霧異変の章 ～『東方紅魔郷』より～	幻想万华镜 红雾异变之章	2013-05-26	3	OVA		21942	134543
74628	ニセコイ	伪恋	2014-01-11	20	TV			114758
74652	スペクトラルフォース	鬼魂力量	1998-11-25	2	OVA			225655
74663	蒼き鋼のアルペジオ -アルス・ノヴァ-	苍蓝钢铁的琶音	2013-10-07	12	TV			107099
74755	LOVE STAGE!!		2014-07-09	10	TV			103813
74773	催眠術ZERO		2013-05-17	2	OVA			70263
74900	昆塔：盒子总动员	昆塔	2013-08-02	1	剧场版			139015
74901	魁拔Ⅲ 战神崛起	魁拔Ⅲ 战神崛起	2014-10-01	1	剧场版		24837	136605
74930	ヴァイス・サヴァイヴR	Weiss Survive R	2009-12-04	12	TV		74932	
74932	ヴァイス・サヴァイヴ	Weiss Survive	2009-06-06	16	TV			74930
75015	Star Trek: The Animated Series Season 1	星际旅行：动画版 第一季	1973-09-08	16	TV			268430
75055	RWBY	红白黑黄	2013-07-18	16	WEB			95445
75440	茗记四 尘封追忆	茗记四 尘封追忆	2014-08-02	1	WEB		9416	
75520	リングにかけろ1 -日米決戦編-	拳王创世纪1 日美决战篇	2006-04-06	12	TV		209557	4314
75521	小鳥遊六花・改 ～劇場版 中二病でも恋がしたい！～	中二病也要谈恋爱！剧场版 小鸟游六花・改	2013-09-14	1	剧场版			72942
75534	快乐东西1	快乐东西1		52	TV			119969
75568	Ernest et Célestine	艾特熊和赛娜鼠	2012-12-12	1	剧场版			417975
75689	無人島物語X	无人岛物语X	1998-07-24	4	OVA	1		81865
75856	エースをねらえ!2	网球甜心2	1988-07-25	13	OVA		53774,72360	75858
75858	エースをねらえ!ファイナルステージ	网球甜心 Final Stage	1989-10-25	12	OVA		75856	
75867	河原崎家の一族 THE ANIMATION	河原崎家的一族	1996-11-29	2	OVA	1		75869
75869	河原崎家の一族2	河原崎家的一族2	2004-01-23	4	OVA	1	75867	
75899	ミュウツー ~覚醒への序章[プロローグ]～	超梦 觉醒之路的序章	2013-07-11	1	TV			56842
75989	ラブライブ! 第2期	Love Live! 第二季	2014-04-06	13	TV		49294	107199
76190	Archer (Season 1)	间谍亚契 第一季	2009-09-17	10	TV			126624
76194	未来日記リダイヤル	未来日记Redial	2013-07-26	1	OVA		16235	
76319	South Park Season 17	南方公园 第17季	2013-09-25	10	TV		33491	114161
76325	デート・ア・ライブII	约会大作战 第二季	2014-04-11	10	TV		49131	228254
76800	GS美神	GS美神	1993-04-11	45	TV			76805
76805	GS美神 極楽大作戦!!	GS美神极乐大作战 剧场版	1994-08-20	1	剧场版		76800	
77014	攻殻機動隊ARISE border:2 Ghost Whispers	攻壳机动队ARISE border:2 Ghost Whispers	2013-11-30	1	剧场版		61498	89486
77048	マジでオタクなイングリッシュ!りぼんちゃん the TV	御宅英文！魔法少女小缎带 the TV	2013-07-05	10	TV		42869	
77050	IZUMO	出云战记	2003-01-25	5	OVA	1		20026
77084	Bad Days Season 1		2012-07-12	12	WEB			77085
77085	Bad Days Season 2		2013-03-18	12	WEB		77084	138699
77139	G.I. Joe: The Pyramid of Darkness	特种部队 第一季	1985-09-16	55	TV		77221	77140
77140	G.I. Joe: Arise, Serpentor, Arise!	特种部队 第二季	1986-09-15	30	TV		77139	288914
77171	ガンダムビルドファイターズ	高达创战者	2013-10-07	25	TV			105875
77188	鬼灯の冷徹	鬼灯的冷彻	2014-01-09	13	TV			211035
77218	トランスフォーマー ザ☆ヘッドマスターズ	变形金刚：头领战士	1987-07-03	35	TV		442367	77219
77219	トランスフォーマー 超神マスターフォース	变形金刚：隐者战士	1988-04-12	47	TV		77218	285379
77220	G.I. Joe: A Real American Hero	特种部队：美国英雄	1983-09-12	5	TV			77221
77221	G.I. Joe: The Revenge of Cobra	特种部队：眼镜蛇的复仇	1984-09-10	5	TV		77220	77139
77476	シドニアの騎士	希德尼娅的骑士	2014-04-10	12	TV			105255
77480	銀の匙 Silver Spoon 第2期	银之匙 Silver Spoon 第二季	2014-01-09	11	TV		59664	
77484	Pixar Short Films Collection, Volume 1	皮克斯动画短片集	2007-11-06	13	OVA			111251
77551	にゅるにゅる!!KAKUSENくん	黏黏糊糊!!角质君	2013-07-08	25	TV			127172
77552	Fate/ゼロカフェ	Fate/Zero cafe	2013-07-13	1	剧场版			336523
77591	Robot Chicken Season 1	机器鸡 第一季	2005-02-20	20	TV			129942
77599	天上編 宇宙皇子	宇宙皇子天界行	1990-10-24	13	OVA		77616	
77616	宇宙皇子（地上編）	宇宙皇子 地上篇	1989-03-11	1	剧场版			77599,77619
77619	天上編 宇宙皇子	天上篇 宇宙皇子	1990-09-22	1	剧场版		77616	
77625	PSYCHO-PASS サイコパス 2	心理测量者2	2014-10-09	11	TV		37685,103906	83067
77646	マギ The kingdom of magic	天方魔谭MAGI 第二季	2013-10-06	25	TV		42786	
77647	Monsters University	怪兽大学	2013-06-05	1	剧场版			25076
77706	黒子のバスケ 第2期	黑子的篮球 第二季	2013-10-05	25	TV		23684	104949
77760	Justice League: The Flashpoint Paradox	正义联盟：闪点悖论	2013-07-30	1	OVA			95506
77901	レディレディ!!	新小甜甜	1987-10-21	21	TV			201040
78032	Go!Go!家電男子	GO！GO！家电男子	2013-07-02	78	WEB			102554
78059	変幻退魔夜行 カルラ舞う! 奈良怨霊絵巻	变幻退魔夜行 奈良怨灵绘卷	1989-04-08	1	剧场版			7369
78060	ジオブリーダーズ 魍魎遊撃隊 File-X ちびねこ奪還	Geobreeders 魍魉游击队 File-X 小猫夺还	1998-05-21	3	OVA			78062
78062	ジオブリーダーズ2 魍魎遊撃隊 File-XX 乱戦突破	Geobreeders2 魍魉游击队 File-XX 乱战突破	2000-07-26	4	OVA		78060	
78080	寒月一凍悪霊斬り	寒月一冻恶灵斩	1989-10-05	2	OVA		74300	
78176	RIN×SEN＋Ran→Sem Cross Mix		2013-06-28	2	OVA	1	62277,62482	
78282	映画ドラえもん 新・のび太の大魔境 〜ペコと5人の探検隊〜	哆啦A梦：新·大雄的大魔境~贝可与5人探险队~	2014-03-08	1	剧场版		55467	108093
78319	闇芝居	暗芝居	2013-07-14	13	TV			95824
78404	フリージング ヴァイヴレーション	零度战姬Vibration	2013-10-04	12	TV		10040	
78405	のんのんびより	悠哉日常大王	2013-10-07	12	TV			101442
78525	魔物ハンター妖子	魔物猎人妖子	1990-12-01	1	剧场版			688640
78597	偷星九月天之童年故事	偷星九月天之童年故事	2009-12-31	26	WEB			126421
78796	新劇場版 頭文字D Legend1 -覚醒-	头文字D Legend1 -觉醒-	2014-08-23	1	剧场版			111760
78798	はじめの一歩 Rising	第一神拳 Rising	2013-10-05	25	TV		3641	
78799	ポケットモンスターXY	宝可梦XY	2013-10-17	92	TV		68269	146408
78804	下級生2〜季花詞集 Anthology〜	下级生2～季花词集～	2006-03-24	2	OVA	1		78805
78805	下級生2〜Sketchbook〜	下级生2～Sketchbook～	2007-05-25	2	OVA	1	78804	
78967	开心超人	开心超人	2013-06-28	1	剧场版			320435
79093	Ben 10 Season 1	少年骇客 第一季	2005-12-27	13	TV			277168
79199	本当にあった人妻不倫告白 本村陶子の場合	真实存在的人妻不伦告白 本村陶子的情况	2013-08-02	1	OVA	1		103971
79207	真・秘湯めぐり	真・秘汤巡游	2013-08-30	2	OVA	1	63895	
79227	ノーゲーム・ノーライフ	游戏人生	2014-04-09	12	TV		187276	
79350	ロボットガールズZ	机器人少女Z	2014-01-04	12	TV			121002
79419	世界一初恋〜横澤隆史の場合〜	世界第一初恋〜横泽隆史的场合〜	2014-03-15	1	剧场版		20813	
79656	銀河英雄伝説 新たなる戦いの序曲	银河英雄传说 新战争的序曲	1993-12-18	1	剧场版		79661	
79658	銀河英雄伝説外伝 白銀の谷	银河英雄传说外传 白银之谷	1998-02-09	4	OVA		79678	79682
79659	最強銀河 究極ゼロ ～バトルスピリッツ～	最强银河究极ZERO 战斗之魂	2013-09-22	49	TV		45337	122567
79660	銀河英雄伝説外伝 朝の夢、夜の歌	银河英雄传说外传 朝之梦，夜之歌	1998-02-10	4	OVA		79686	79662
79661	銀河英雄伝説外伝 汚名	银河英雄传说外传 污名	1998-02-12	4	OVA		39531	79656
79662	銀河英雄伝説外伝 千僟の星、千僟の光	银河英雄传说外传 千亿的星辰、千亿的光芒	1998-09-26	12	OVA		79660	79689
79678	銀河英雄伝説外伝 螺旋迷宮	银河英雄传说外传 螺旋迷宫	1999-12-24	14	OVA			79658
79682	銀河英雄伝説外伝 叛乱者	银河英雄传说外传 叛乱者	2000-04-07	4	OVA		79658	79685
79685	銀河英雄伝説外伝 決闘者	银河英雄传说外传 决斗者	2000-05-26	4	OVA		79682	39532
79686	銀河英雄伝説外伝 奪還者	银河英雄传说外传 夺还者	2000-06-23	4	OVA		39532	79660
79689	銀河英雄伝説外伝 第三次ティアマト会戦	银河英雄传说外传 第三次提亚马特会战	2000-07-21	2	OVA		79662	39531
79790	ユニコ 魔法の島へ	小小独角兽之魔法岛	1983-07-16	1	剧场版		32489	
79922	ANGEL	安琪儿	1990-10-25	1	OVA	1		113361
79951	バイオレンス劇画 堕靡泥の星	暴力剧画 堕靡泥之星	1989-12-05	4	OVA	1		193459
79966	男樹	男树	1990-04-14	3	OVA			98869
79968	ツインビーPARADISE	兵蜂PARADISE	1999-02-25	3	OVA		466854	
79973	Mickey Mouse Season 1	米老鼠2013 第一季	2013-06-28	18	TV			106051
80378	暴走漫画 第二季	暴走漫画 第二季	2013-08-01	10	WEB		74116	126700
80442	てさぐれ！部活もの	摸索吧！部活剧	2013-10-05	12	TV			91987
80545	トランスフォーマー ギャラクシーフォース	变形金刚 银河之力	2005-01-08	52	TV		189383	
80599	My Little Pony Equestria Girls	小马宝莉之小马国女孩	2013-06-15	1	剧场版			114612
80723	Scooby-Doo! Mystery Incorporated Season1	史酷比：神秘公司 第一季	2010-04-05	26	TV			80724
80724	Scooby-Doo! Mystery Incorporated Season2	史酷比：神秘公司 第二季	2012-07-30	26	TV		80723	
80778	ミス・モノクローム -The Animation-	黑白小姐	2013-10-01	13	TV			129105
80823	1000年女王	千年女王	1982-03-13	1	剧场版			49266
80864	スペース☆ダンディ	太空丹迪	2014-01-05	13	TV			100501
80913	凹凸世界	凹凸世界	2015-11-13	32	WEB			207866
80918	ブラック・ジャック21	怪医黑杰克21	2006-04-10	17	TV		46036	
80931	ベイウィールズ	战斗飞轮：机械陀螺	2012-08-11	13	TV			94406
80995	ブラッドラッド OAD	血意少年 OAD	2013-12-04	1	OVA		48065	
81034	クレヨンしんちゃん バカうまっ!B級グルメサバイバル!!	蜡笔小新：超级美味！B级美食大逃亡！！	2013-04-20	1	剧场版		27555	92412
81109	熊出没	熊出没	2012-01-22	104	TV			107529
81166	神秘の世界エルハザード	神秘的世界	1995-05-26	7	OVA			81172
81172	神秘の世界エルハザード2	神秘的世界2	1997-03-21	4	OVA		81166	81173
81173	異次元の世界エルハザード	异次元的世界	1998-01-07	13	TV		81172	
81179	果宝特攻		2010-04-01	52	TV		187162	187101
81386	波打際のむろみさん OAD	人鱼又上钩 OAD	2013-08-16	1	OVA		59632	
81531	新グリム名作劇場	新格林名作剧场	1988-10-02	23	TV		68738	
81569	ビックリマン	仙魔大战	1987-10-11	52	TV			81574
81574	新ビックリマン	新仙魔大战	1989-04-09	52	TV		81569	134971
81576	ビリ犬なんでも商会	比利犬商会	1989-04-10	22	TV		188851	
81579	平成天才バカボン	平成天才傻鹏	1990-01-06	46	TV		53760	258391
81582	魔法のプリンセス ミンキーモモ 夢を抱きしめて	魔法公主明琪桃子 拥抱梦想	1991-10-02	62	TV		73928	93047,93049
81585	カリメロ	卡里麦罗	1992-10-15	52	TV			113658
81717	ランジェリー戦士 パピヨンローゼ	内衣战士玫瑰蝴蝶	2003-04-25	1	OVA	1		7852
81846	劇場版 薄桜鬼 第二章 士魂蒼穹	薄樱鬼 第二章 士魂苍穹	2014-03-08	1	剧场版		71734	
81847	うーさーのその日暮らし 覚醒編	兔宝的悲惨日常 觉醒篇	2014-01-07	12	TV		48037	121003
81851	特別授業2		2003-06-13	2	OVA	1	74442	90790
81855	淫獣学園 La☆BlueGirl 復活篇	淫兽学园 复活篇	2001-05-25	4	OVA	1	84582	
81858	淫夢2	淫梦2	2000-04-28	2	OVA	1	92911	
81865	無人島物語XX	无人岛物语XX	1999-12-10	4	OVA	1	75689	
82046	倒不了的塔	倒不了的塔	2013-08-20	11	WEB			115205
82079	てーきゅう 3期	网球并不可笑嘛 3期	2013-10-06	12	TV		69943	91322
82122	殻の中の小鳥		1998-09-24	5	OVA	1		170674
82133	自慰倒錯Ⅱ 〜破滅への快楽〜	自慰倒错Ⅱ ～走向破灭的快乐～	2004-04-16	1	OVA	1	130039	
82207	てにおはっ！～女の子だってホントはえっちだよ？～	女孩子真的也很色喔	2013-11-22	2	OVA	1		280038
82214	真・恋姫†無双 〜乙女大乱〜 †あわわっDVD第七巻はOVAすぺしゃるです〜†	真・恋姬无双～少女大乱～ OVA	2011-02-02	1	OVA		7183	
82233	ひだまりスケッチ 沙英・ヒロ 卒業編	向阳素描 沙英・寻 毕业篇	2013-11-27	2	OVA		37819	
82290	東方奇闘剧1	东方奇斗剧1	2004-01-01	1				82291
82291	東方奇闘剧2	东方奇斗剧2	2006-01-01	1			82290	82292,82293
82292	東方奇闘剧·外伝	东方奇斗剧·外传	2008-01-01				82293	173930
82293	東方奇闘剧3	东方奇斗剧3	2009-01-01				82291	82292
82322	花物語	花物语	2014-08-16	5	TV		68812	115932
82490	湘南爆走族	湘南爆走族	1986-09-10	12	OVA			161775
82510	ちみキャラ劇場 とんでけ！訓練兵団	进击的巨人 Q版剧场 飞起来！训练兵团	2013-07-17	25	OVA			285061
82524	め組の大吾 火事場のバカヤロー	消防员的故事	1999-07-27	1	剧场版			411106
82572	ノラガミ	野良神	2014-01-05	12	TV			129988
82717	Mulan II	花木兰2	2004-11-03	1	剧场版		40188	
82995	あそぼう!! ハローキティ		1994-04-06	26	TV		41909	
83067	劇場版 PSYCHO-PASS サイコパス	剧场版 心理测量者	2015-07-15	1	剧场版		77625	239923
83124	妖怪ウォッチ	妖怪手表	2014-01-08	214	TV			279472
83250	爆丸 バトルブローラーズ ニューヴェストロイア	爆丸2 大爆破	2009-04-12	52	TV		38429	83252
83252	爆丸 バトルブローラーズ ガンダリアンインベーダーズ	爆丸3 狩猎保卫者	2010-05-23	39	TV		83250	83253
83253	爆丸 バトルブローラーズ メクタニウムサージ	爆丸4 机械波涛	2011-02-13	46	TV		83252	279468
83332	COMPILER	电脑情人	1994-03-05	2	OVA			83346
83346	COMPILER FESTA	电脑情人2	1995-12-21	1	OVA		83332	
83402	Fate/kaleid liner プリズマ☆イリヤ ツヴァイ!	Fate/kaleid liner 魔法少女☆伊莉雅 2wei!	2014-07-09	10	TV		43951	113134
83545	長靴をはいた猫 80日間世界一周	长靴猫环游世界八十天	1976-03-20	1	剧场版		83546	
83546	ながぐつ三銃士	长靴猫西部剑客	1972-03-18	1	剧场版		28021	83545
83868	ばらかもん	元气囝仔	2014-07-05	12	TV		167980	
83920	大怪獣ラッシュ ウルトラフロンティア	大怪兽RUSH	2013-09-18	13	TV			107724,696364
84048	えいがでとーじょー! たまごっち ドキドキ! うちゅーのまいごっち!?		2007-12-15	1	剧场版			84049
84049	映画! たまごっち うちゅーいちハッピーな物語!?		2008-12-20	1	剧场版		84048	
84052	さぁイコー! たまごっち	最高! 拓麻歌子	2007-12-01	12	TV			3644
84055	たまごっち! ゆめキラドリーム	拓麻歌子！ Yume Kira Dream	2012-09-10	49	TV		3644	84056
84056	たまごっち! みらくるフレンズ	拓麻歌子！ Miracle Friends	2013-09-05	29	TV		84055	102561
84083	ぷちます!!‐プチプチ・アイドルマスター‐	迷你偶像 2期	2014-04-01	74	WEB		52586	
84171	ハイキュー!!	排球少年	2014-04-06	25	TV			120236
84386	艦隊これくしょん -艦これ-	舰队Collection	2015-01-07	12	TV			143093
84493	みんな集まれ! ファルコム学園	大家集合！Falcom学园	2014-01-05	13	TV			110961
84547	花右京メイド隊 La Verite	花右京女仆队 第二季	2004-04-04	12	TV		19538	
84582	淫獣学園EX	淫兽学园EX	1996-07-26	4	OVA	1	84590	81855
84585	淫獣学園 La☆BlueGirl	淫兽学园 La☆BlueGirl	1992-06-26	4	OVA	1		84590
84587	あした元気にな～れ!～半分のさつまいも～	明天也要精神百倍！～一半的甘薯～	2005-06-30	1	剧场版		74297	
84590	真・淫獣学園 La☆BlueGirl		1994-01-28	2	OVA	1	84585	84582
84627	おしりかじり虫 第2シリーズ	咬屁屁虫 第二季	2013-09-30	32	TV		39759	115050
84687	KIDDY GRADE -IGNITION-（覚醒編）	天使特警 剧场版 觉醒篇	2007-04-07	1	剧场版			84688
84688	KIDDY GRADE -MAELSTROM-（氾濫篇）	天使特警 剧场版 泛滥篇	2007-06-23	1	剧场版		84687	84689
84689	KIDDY GRADE -TRUTH DAWN-（黎明篇）	天使特警 剧场版 黎明篇	2007-09-01	1	剧场版		84688	
84701	宇宙戦艦ヤマト2199 星巡る方舟	宇宙战舰大和号2199 星巡的方舟	2014-12-06	1	剧场版			
84728	グレパラ 〜グレンラガン パラレルワークス〜	天元突破 Parallel Works	2008-06-16	8	OVA			84758
84756	Futurama (Season 4)	飞出个未来 第4季	2002-02-10	18	TV		31836	219986
84758	グレンラガン パラレルワークス2	天元突破 Parallel Works 2	2010-05-26	7	OVA		84728	
84864	ノラガミ OAD	野良神 OAD	2014-02-13	2	OVA			147364
84872	魔法科高校の劣等生	魔法科高校的劣等生	2014-04-05	26	TV			172494
85031	鬼父2 -REVENGE-	鬼父2 -复仇-	2013-11-29	2	OVA	1	33506	121046
85032	鬼父 Rebuild		2013-12-27	3	OVA	1	29213	139719
85204	生徒会役員共*	妄想学生会＊	2014-01-04	13	TV		5649	200887
85303	棺姫のチャイカ	棺姬嘉依卡	2014-04-09	12	TV			104219
85316	Adventure Time season 5	探险活宝 第五季	2012-11-12	52	TV		106656	104521
85339	ストライクウィッチーズ Operation Victory Arrow	强袭魔女 胜利之箭行动	2014-12-12	3	OVA		5651	18016
85438	フォーチュン・クエストL	寻宝探险记L	1997-10-18	26	TV		94919	
85558	フューチャーカード バディファイト	未来卡 搭档对战	2014-01-04	64	TV			127138
85561	夜桜四重奏 〜ツキニナク〜	夜樱四重奏 月之泣	2013-10-09	3	OVA		71955	
85631	ジョジョの奇妙な冒険 スターダストクルセイダース	JOJO的奇妙冒险 星尘斗士	2014-04-04	24	TV		43558	113292
85771	OH!スーパーミルクチャン	哦! 超级小奶糖	2000-01-27	12	TV		85772	238312
85772	スーパーミルクちゃん	超级小奶糖	1998-06-18	14	TV			85771
86073	秦时明月之君临天下	秦时明月之君临天下	2014-12-25	75	WEB		17045	231210
86445	そらのおとしものFinal 永遠の私の鳥籠	天降之物Final 永远的我的鸟笼	2014-04-26	1	剧场版		12576	
86670	ヤマノススメ セカンドシーズン	向山进发 第二季	2014-07-09	24	TV		41658	216310
86721	ガッチャマン クラウズ インサイト	科学小飞侠Crowds insight	2015-07-05	13	TV		69494	
86773	コードギアス 亡国のアキト 第3章「輝くもの天より堕つ」	Code Geass 亡国的阿基德 第三章「辉芒陨落」	2015-05-02	1	剧场版		63130	113887
86804	ストレンジ・プラス	STRANGE+	2014-01-09	12	TV			100986
86837	Bravest Warriors Season 2		2013-10-17	12	WEB		72739	207700
86870	翠星のガルガンティア 〜めぐる航路、遥か〜	翠星之加尔刚蒂亚～遥远的巡回航路～	2014-11-21	2	OVA		56091	
86895	のんのんびより 沖縄へ行くことになった	悠哉日常大王 OAD	2014-07-23	1	OVA			215618
86977	宇宙海賊ミトの大冒険	宇宙海盗大冒险	1999-01-04	13	TV			87897
87217	The Simpsons Season 2	辛普森一家 第二季	1990-10-11	22	TV		19889	87218
87218	The Simpsons Season 3	辛普森一家 第三季	1991-09-19	24	TV		87217	87220
87220	The Simpsons Season 4	辛普森一家 第四季	1992-09-24	22	TV		87218	87221
87221	The Simpsons Season 5	辛普森一家 第五季	1993-09-30	22	TV		87220	87222
87222	The Simpsons Season 6	辛普森一家 第六季	1994-09-04	25	TV		87221	87223
87223	The Simpsons Season 7	辛普森一家 第七季	1995-09-17	25	TV		87222	87224
87224	The Simpsons Season 8	辛普森一家 第八季	1996-10-17	25	TV		87223	87225
87225	The Simpsons Season 9	辛普森一家 第九季	1997-09-21	25	TV		87224	87226
87226	The Simpsons Season 10	辛普森一家 第十季	1998-08-23	23	TV		87225	87227
87227	The Simpsons Season 11	辛普森一家 第十一季	1999-09-26	22	TV		87226	87233
87233	The Simpsons Season 12	辛普森一家 第十二季	2000-11-01	21	TV		87227	87234
87234	The Simpsons Season 13	辛普森一家 第十三季	2001-11-06	22	TV		87233	87235
87235	The Simpsons Season 14	辛普森一家 第十四季	2002-11-03	22	TV		87234	87236
87236	The Simpsons Season 15	辛普森一家 第十五季	2003-11-02	22	TV		87235	87237
87237	The Simpsons Season 16	辛普森一家 第十六季	2004-11-07	21	TV		87236	87238
87238	The Simpsons Season 17	辛普森一家 第十七季	2005-09-11	22	TV		87237	87239
87239	The Simpsons Season 18	辛普森一家 第十八季	2006-09-10	22	TV		87238	87245
87245	The Simpsons Season 19	辛普森一家 第十九季	2007-09-23	20	TV		87239	87246
87246	The Simpsons Season 20	辛普森一家 第二十季	2008-09-28	21	TV		87245	87247
87247	The Simpsons Season 21	辛普森一家 第二十一季	2009-09-27	23	TV		87246	87248
87248	The Simpsons Season 22	辛普森一家 第二十二季	2010-09-26	22	TV		87247	87249
87249	The Simpsons Season 23	辛普森一家 第二十三季	2011-09-25	22	TV		87248	87250
87250	The Simpsons Season 24	辛普森一家 第二十四季	2012-09-30	22	TV		87249	87251
87251	The Simpsons Season 25	辛普森一家 第二十五季	2013-09-29	22	TV		87250	114954
87390	明治東亰恋伽 ～弦月の小夜曲～	明治东京恋伽～弦月的小夜曲～	2015-07-18	1	剧场版			172950
87700	Wake Up, Girls! 七人のアイドル	Wake Up, Girls! 七人的偶像	2014-01-10	1	剧场版			48880
87717	ベイビーステップ	网球优等生	2014-04-06	25	TV			113906
87718	ハマトラ	滨虎	2014-01-07	12	TV			101322
87720	ピュンピュン丸	PiuPiu丸	1967-07-03	26	TV			88953
87782	もーれつア太郎	猛烈太郎	1990-04-21	34	TV		53762	
87864	撸时代	撸时代	2013-10-11	14	WEB			118066
87897	宇宙海賊ミトの大冒険 2人の女王様	宇宙海盗大冒险 两个女王	1999-07-12	13	TV		86977	
88029	Samurai Jack (Season 1)	杰克武士 第一季	2001-08-10	13	TV			212038
88287	ご注文はうさぎですか？	请问您今天要来点兔子吗？	2014-04-10	12	TV			123568
88318	Barbapapa (Season 1)	巴巴爸爸	1974-10-02	45	TV			127124
88348	ハピネスチャージプリキュア!	Happiness Charge 光之美少女！	2014-02-02	49	TV		55100	119279
88411	The Legend of Korra Book 3: Change	科拉传奇 第三季：易	2014-06-27	13	TV		43180	114184
88412	Brickleberry (Season 3)	脆莓公园 第三季	2014-09-16	13	TV		54270	
88473	蟲師 特別篇 日蝕む翳	虫师 特別篇 蚀日之翳	2014-01-04	1	TV		340	
88562	第1回東方M-1ぐらんぷり	第一届东方M-1漫才大赛	2007-05-20	1	OVA			88564
88564	第2回東方M-1ぐらんぷり	第二届东方M-1漫才大赛	2007-12-31	1	OVA		88562	62571
88715	映画 プリキュアオールスターズNewStage3 永遠のともだち	电影 光之美少女 All Stars New Stage3 永远的朋友	2014-03-15	1	剧场版		58948	118336
88731	PERSONA3 THE MOVIE #2 Midsummer Knight's Dream	女神异闻录3 剧场版 第二章 仲夏骑士之梦	2014-06-07	1	剧场版		43404	117151
88741	牙狼〈GARO〉-炎の刻印-	牙狼 炎之刻印	2014-10-03	25	TV			156731
88953	花のずんだ丸	花之枝豆丸	2013-10-22	8	WEB		87720	
89279	名探偵コナン 異次元の狙撃手	名侦探柯南 异次元的狙击手	2014-04-19	1	剧场版		54614	119187
89486	攻殻機動隊ARISE border:3 Ghost Tears	攻壳机动队ARISE border:3 Ghost Tears	2014-06-18	1	剧场版		77014	107543
89488	うたの☆プリンスさまっ♪ マジLOVEレボリューションズ	歌之王子殿下 真爱REVOLUTIONS	2015-04-04	13	TV		31416	138754
89511	バディ・コンプレックス	BUDDY COMPLEX	2014-01-05	13	TV			105214
89536	My Little Pony Friendship is Magic Season 4	小马宝莉：友谊就是魔法 第四季	2013-11-23	26	TV		54234	129224
89712	ドラミ&ドラえもんズ 宇宙ランド危機イッパツ!	哆啦美&哆啦A梦七小子：宇宙乐园之千钧一发！	2001-03-10	1	剧场版		68967	121746
89743	Teenage Mutant Ninja Turtles Season 2	忍者神龟2012 第二季	2013-10-12	26	TV		50026	115048
89875	Robotech	太空堡垒	1985-03-04	85	TV			89879,89880
89879	Robotech II: The Sentinels	太空堡垒II：哨兵		1	OVA		89875	
89880	Robotech: The Shadow Chronicles	太空堡垒：暗影编年	2007-01-05	1	剧场版		89875	
89942	戦国無双SP 真田の章	战国无双SP 真田之章	2014-03-21	1	TV			117029
90012	ぼくたちピチューブラザーズ・風船騒動の巻	我们是皮丘兄弟·气球骚动之卷	2000-12-22	1	OVA			233788
90013	ピカチュウのふゆやすみ	皮卡丘的寒假	1998-12-22	2	OVA		27759	27773
90014	ピカチュウのふゆやすみ2000	皮卡丘的寒假2000	1999-12-22	2	OVA		27773	27778
90015	ピチューとピカチュウのふゆやすみ2001	皮卡丘的寒假2001	2000-12-22	2	OVA		27778	27779
90052	聖獣伝 ツインドールズ	圣兽传 Twin Dolls	1994-07-22	2	OVA	1		103742
90128	同窓会 Yesterday Once More	同窗会 Yesterday Once More	1997-12-19	4	OVA			90139
90139	同窓会again	同窗会again	2002-07-25	2	OVA	1	90128	
90175	十万个冷笑话 第二季	十万个冷笑话 第二季	2013-12-31	13	WEB		44120	92290,139081
90188	Geronimo Stilton	老鼠记者 第一季	2009-09-15	26	TV			90189
90189	Geronimo Stilton (Season 2)	老鼠记者 第二季	2011-10-24	26	TV		90188	
90349	喜羊羊与灰太狼之飞马奇遇记		2014-01-16	1	剧场版		57755	124630
90368	ポケモン・ザ・ムービーXY 破壊の繭とディアンシー	剧场版宝可梦XY: 破坏之茧与蒂安希	2014-07-19	1	剧场版		56842	108820
90502	宇宙兄弟#0	宇宙兄弟#0	2014-08-09	1	剧场版			28533
90512	戦姫絶唱シンフォギアGX	战姬绝唱SYMPHOGEAR GX	2015-07-03	13	TV		50811	163711
90600	喜羊羊与灰太狼之懒羊羊当大厨		2013-12-20	52	TV		90601	208077
90601	喜羊羊与灰太狼之开心方程式		2013-07-26	60	TV		57754	90600
90602	宝贝女儿好妈妈之快乐的家庭			52	TV		47696	
90610	ピカチュウのなつまつり	皮卡丘的夏日祭典	2004-08-01	1	OVA		27781	103707
90616	うたえメロエッタ リンカのみをさがせ	唱歌吧美洛耶塔 找寻梨花果	2012-07-03	1	OVA			68970
90632	カードファイト!! ヴァンガード レギオンメイト編	卡片战斗先导者 双斗盟友篇	2014-03-09	33	TV		55783	115204
90667	おにくだいすき！ ゼウシくん	无肉不欢的宙牛君	2014-01-06	12	TV			119033
90772	GJ部@	GJ部@	2014-05-05	1	TV		48031	
90790	特別授業3SLG THE ANIMATION		2014-01-03	2	OVA	1	81851	
90874	魔法使いサリー	魔法使莎莉 第二季	1989-10-09	52	TV		53753	
90880	たまこラブストーリー	玉子爱情故事	2014-04-26	1	剧场版		55113	
90899	47都道府犬R	47都道府犬R	2014-01-11	36	TV		49436	
90931	死灵编码 世界操纵者		2013-12-19	13	WEB			110776
91205	ハイスコアガール	高分少女	2018-07-13	12	TV			262277
91210	瞳裸		2000-02-28	4	OVA	1		107920,141595
91252	げんしけん 二代目の六	现视研 二代目 OAD	2013-12-20	1	OVA		1219	71802
91322	てーきゅう 4期	网球并不可笑嘛 4期	2015-04-06	12	TV		82079	130452
91350	OVAの中に1人、妹がいる!	三人行必有我妹 OVA	2013-03-27	1	OVA		41028	
91433	Dead Space:Downfall	死亡空间：坍塌	2008-01-01	1	剧场版			100032
91612	馒头日记	馒头日记	2013-12-25	10	WEB			312581
91651	中二病でも恋がしたい！戀 Lite	中二病也要谈恋爱！恋 Lite	2013-12-26	6	WEB		50331	
91946	FAIRY TAIL 第2期	妖精的尾巴 第二季	2014-04-05	102	TV		2609	174186
91986	神撃のバハムート GENESIS	巴哈姆特之怒 GENESIS	2014-10-06	12	TV			132981,209956
91987	てさぐれ!部活もの あんこーる	摸索吧！部活剧 再来一个	2014-01-11	12	TV		80442	112838
92110	神奇阿呦		2013-12-28	52	TV			459708
92290	十万个冷笑话	十万个冷笑话电影版	2014-12-31	1	剧场版		90175	217624
92382	ソードアート・オンラインII	刀剑神域 第二季	2014-07-05	24	TV		23686	148099
92412	クレヨンしんちゃん ガチンコ!逆襲のロボとーちゃん	蜡笔小新：决一胜负！逆袭的机器人爸爸	2014-04-19	1	剧场版		81034	122890
92435	巨乳×限界×絵巻	巨乳x限界x绘卷	2013-12-31	1		1		269061
92704	Wakfu	沃土	2008-10-30	26	TV		141617	96894
92705	蟲師 続章	虫师 续章	2014-04-04	10	TV		340	106207
92874	有神么		2013-12-20	10	WEB			181112
92904	コートの中の天使達	排球场上的天使	2000-10-27	2	OVA	1		92931
92911	淫夢～生贄の宴～		2000-01-21	2	OVA	1		81858
92914	真版女神探偵 VINUS FILE		2004-02-27	2	OVA	1	239907	
92922	Regular Show (season 1)	天兵公园 第一季	2010-09-06	12	TV		144634	93328
92931	帰ってきたコートの中の天使達	归来的排球场上的天使	2001-10-26	2	OVA	1	92904	
92948	超幕末少年世紀タカマル	超幕末少年世纪	1991-11-01	2	OVA			92949
92949	新・超幕末少年世紀タカマル	新超幕末少年世纪	1992-11-20	6	OVA		92948	
93044	Frozen	冰雪奇缘	2013-11-27	1	剧场版			128131
93047	MINKY MOMO IN 夢にかける橋	魔法公主明琪桃子 通往梦想之桥	1993-05-21	1	OVA		81582	
93049	MINKY MOMO IN 旅だちの駅	魔法公主明琪桃子 旅程中的车站	1994-06-22	1	OVA		81582	
93259	チャンネル5.5	5.5频道	2014-01-28	5	WEB			238441
93328	Regular Show (season 2)	天兵公园 第二季	2010-11-29	28	TV		92922	121864
93377	Rick and Morty Season 1	瑞克和莫蒂 第一季	2013-12-02	11	TV			141530
93714	東京喰種トーキョーグール	东京喰种	2014-07-03	12	TV			115292
94236	普通の女子校生が【ろこどる】やってみた。	普通女高中生要做当地偶像	2014-07-03	12	TV			137062
94335	Son of Batman	蝙蝠侠之子	2014-04-22	1	OVA			130165
94406	ベイレイダーズ	霸旋勇士 袭击者	2014-01-03	13	TV		80931	
94429	超神学院	超神学院	2013-12-06	10	WEB			110919
94919	フォーチュン・クエスト 世にも幸せな冒険者たち	寻宝探险记 OVA	1993-10-09	4	OVA			85438
94955	天使のしっぽ Chu!	天使的尾巴 第二季	2003-03-06	11	TV		73010	
95010	Free!-Eternal Summer-		2014-07-02	13	TV		72109	228820
95013	エイトマンAFTER	8号超人After	1993-08-21	4	OVA		53758	
95095	selector infected WIXOSS	选择感染者WIXOSS	2014-04-03	12	TV			106314
95225	Fate/stay night [Unlimited Blade Works]	Fate/stay night [Unlimited Blade Works]	2014-10-04	13	TV		10639	109386
95419	Candy☆Boy	糖果男孩	2007-11-22	1	WEB			2829
95445	RWBY Volume 2	红白黑黄 第二季	2014-07-24	12	WEB		75055	138180
95506	Justice League: War	正义联盟：战争	2014-01-21	1	OVA		77760	119389
95679	毎度!浦安鉄筋家族	每度！浦安铁筋家族	2014-07-06	24	TV		26079	
95779	The Nut Job	抢劫坚果店	2014-01-17	1	剧场版			217077
95780	熊出没之夺宝熊兵		2014-01-17	1	剧场版			117149
95781	Minuscule : La Vallée des fourmis perdues	昆虫总动员	2014-01-29	1	剧场版			289593
95784	The Lego Movie	乐高大电影	2014-02-07	1	剧场版			270083
95790	劇場版しまじろうのわお! しまじろうとくじらのうた	巧虎与小白鲸之歌	2014-03-14	1	剧场版		120238	120237
95796	How to Train Your Dragon 2	驯龙高手2	2014-05-16	1	剧场版		13295	215916
95798	Planes: Fire & Rescue	飞机总动员2 火线救援	2014-07-18	1	剧场版		101185	
95800	STAND BY ME ドラえもん	哆啦A梦：伴我同行	2014-08-08	1	剧场版			296287
95801	摩尔庄园大电影3：魔幻列车大冒险		2015-02-05	1	剧场版		463619	
95810	龙之谷：破晓奇兵		2014-07-31	1	剧场版			137527,187019
95824	闇芝居 第2期	暗芝居 第二季	2014-07-06	13	TV		78319	152567
95948	マッハGoGoGo	马赫5号	1967-04-02	52	TV			95949
95949	マッハGoGoGo	马赫5号	1997-01-09	34	TV		95948	
96047	まっすぐにいこう。	狗狗向前冲	2003-08-18	4	TV			211556
96130	ガールズ＆パンツァー これが本当のアンツィオ戦です!	少女与战车 这次是真正的安齐奥战！	2014-07-25	1	OVA			72266
96380	Steven Universe Season 1	史蒂文的宇宙 第一季	2013-11-04	52	TV			145951
96643	第8回東方M-1ぐらんぷり	第八届东方M-1漫才大赛	2013-12-30	1	OVA		60368	125025
96645	第1回東方M-1ぐらんぷりR	第一届东方M-1漫才大赛 重制版	2013-08-12	1	OVA			129233
96675	同級生クライマックス	同级生档案篇	1995-12-22	2	OVA		74483	74484
96756	Batman Beyond Season 1	未来蝙蝠侠 第一季	1999-01-10	13	TV		127957	96757
96757	Batman Beyond Season 2	未来蝙蝠侠 第二季	1999-09-18	26	TV		96756	96758
96758	Batman Beyond Season 3	未来蝙蝠侠 第三季	2000-09-16	13	TV		96757	
96775	レディ ジュエルペット	Lady 宝石宠物	2014-04-05	52	TV		67224	129823
96787	テラフォーマーズ	火星异种	2014-09-26	13	TV		96788	143558
96788	テラフォーマーズ バグズ2号編	火星异种 Bugs2号编	2014-08-20	2	OVA			96787
96861	金田一少年の事件簿R	金田一少年事件簿R	2014-04-05	25	TV		9588	139950
96863	モンスターファーム～円盤石の秘密～	怪物农场 ～圆盘石的秘密～	1999-04-17	48	TV			96865
96865	モンスターファーム ～伝説への道～	怪物农场～通向传说的道路～	2000-04-01	25	TV		96863	
96894	Wakfu Season 2	沃土 第二季	2011-02-26	26	TV		92704	141613
96918	アルドノア・ゼロ	ALDNOAH.ZERO	2014-07-05	12	TV			107835
96972	小花仙	小花仙	2014-02-14	52	TV			228576
96977	トリニティセブン	七人魔法使	2014-10-07	12	TV			186570
97045	ドラゴンボール改 魔人ブウ編	龙珠改 魔人布欧篇	2014-04-06	61	TV		2103	132220
97149	メダロット魂	徽章战士魂	2000-07-07	39	TV		44680	
97387	Lauras Stern	劳拉的星星	2004-09-19	1	剧场版			97388
97388	Lauras Stern und der geheimnisvolle Drache Nian	劳拉的星星在中国	2009-09-20	1	剧场版		97387	97392
97392	Lauras Stern und die Traummonst	劳拉的星星和梦中的怪物	2011-10-13	1	剧场版		97388	
97447	Cloudy with a Chance of Meatballs 2	天降美食2	2013-09-27	1	剧场版		18656	
97543	わしも-wasimo-		2014-03-10	10	TV			183496
98284	王ドロボウJING in Seventh Heaven	盗贼王JING之七重天	2004-01-21	3	OVA		10275	
98367	中国惊奇先生	中国惊奇先生	2014-02-28	63	WEB			389052
98514	火聖旅団 ダナサイト999.9	火圣旅团999.9	1998-12-18	1	OVA			10392,23307
98517	デ・ジ・キャラット劇場 ぴよこにおまかせぴょ!	Di Gi Charat剧场 就交给初子吧！	2003-03-21	6	OVA		205300	
98869	新・男樹	新·男树	1998-05-16	2	OVA		79966	
99092	ふうせんいぬティニー	气球狗迪尼	2014-09-26	26	TV			132770
99255	ポケモン不思議のダンジョン 出動ポケモン救助隊ガンバルズ	宝可梦 不可思议的迷宫: 救助队出动！	2006-09-08	1	OVA			99953
99457	あしたの雪之丞	明日的雪之丞	2002-09-27	4	OVA	1		99459
99459	MASARU あしたの雪之丞2	明日的雪之丞2	2003-07-25	2	OVA	1	99457	
99748	プリパラ	美妙天堂	2014-07-05	38	TV		62285	120186
99796	ゆるゆり なちゅやちゅみ!	摇曳百合 夏日时光！	2015-02-18	1	OVA		28900	136311
99806	少年ハリウッド -HOLLY STAGE FOR 49-	少年好莱坞	2014-07-05	13	TV			114488
99810	ハヤテのごとく! OAD	旋风管家 OAD	2014-06-18	3	OVA		58709	
99889	ポケットモンスターXY特別編 最強メガシンカ	宝可梦XY特别篇 最强超级进化	2014-04-03	4	TV			146408
99906	史上最強の弟子ケンイチ ～闇の襲撃～	史上最强弟子兼一 暗之袭击	2014-04-08	11	TV		10704	
99925	聖痕のクェイサーOAD 女帝の肖像	圣痕炼金士OAD 女帝的肖像	2010-10-20	1	OVA			10565
99926	コードギアス 反逆のルルーシュ SPECIAL EDITION BLACK REBELLION	Code Geass 反叛的鲁路修 暗黑的背叛	2008-02-22	1	OVA			99952
99941	デュラララ!!×2 承	无头骑士异闻录×2 承	2015-01-10	12	TV		2463	114967
99952	コードギアス 反逆のルルーシュR2 SPECIAL EDITION ZERO REQUIEM	Code Geass 反叛的鲁路修R2 零之镇魂曲	2009-07-24	1	OVA		99926	
99953	ポケモン不思議のダンジョン 時の探検隊・闇の探検隊	宝可梦 不可思议的迷宫: 时之探险队・暗之探险队	2007-09-09	1	OVA		99255	99955
99955	ポケモン不思議のダンジョン 空の探検隊 時と闇をめぐる最後の冒険	宝可梦 不可思议的迷宫: 空之探险队 围绕时与暗 最后的冒险	2009-04-12	1	OVA		99953	
99957	ハートカクテルアゲイン	心情鸡尾酒 Again	2003-10-22	1	OVA		164980	
99962	戦国BASARA Judge End	战国BASARA Judge End	2014-07-05	12	TV		1750	
100022	巨乳家族催眠		2014-04-18	1	OVA	1		208323
100032	Dead Space: Aftermath	死亡空间:余波	2011-02-01	1	剧场版		91433	
100040	天体のメソッド	天体的秩序	2014-10-05	13	TV			270081
100205	新妹魔王の契約者	新妹魔王的契约者	2015-01-07	12	TV			128885
100403	冴えない彼女の育てかた	路人女主的养成方法	2015-01-08	13	TV			132734
100405	ハロー!!きんいろモザイク	HELLO!! 黄金拼图	2015-04-05	12	TV		57978	175532
100434	ピカイア！パイロット版	皮卡虫！试播集	2014-03-29	1	TV			135809
100437	LUPIN THE IIIRD 次元大介の墓標	鲁邦三世 次元大介的墓标	2014-06-21	2	剧场版			192442
100501	スペース☆ダンディ シーズン2	太空丹迪 第二季	2014-07-06	13	TV		80864	
100511	黒執事 Book of Murder	黑执事 幽鬼城杀人事件篇	2015-01-28	2	OVA		100526	148389
100517	ログ・ホライズン 第2シリーズ	记录的地平线 第二季	2014-10-04	25	TV		64140	298698
100526	黒執事 Book of Circus	黑执事 马戏团篇	2014-07-10	10	TV		883	100511
100562	功夫兔系列1：少林兔与武当狗	少林兔与武当狗		1	WEB			100563
100563	功夫兔系列2：兔子哪里跑	兔子哪里跑		1	WEB		100562	100564
100564	功夫兔系列3：菜包狗大反击	菜包狗大反击		1	WEB		100563	
100565	功夫兔与菜包狗 第一季	功夫兔与菜包狗	2014-03-20	12	WEB			298695
100568	一騎当千 Extravaganza Epoch	一骑当千 Extravaganza Epoch	2014-12-21	2	OVA		4281	262276
100654	スパイダーライダーズ ～オラクルの勇者たち～	蜘蛛骑士	2006-04-05	26	TV			106290
100858	マクロスΔ	超时空要塞Δ	2016-04-03	26	TV			261807
100986	真 ストレンジ・プラス	STRANGE+ 第二季	2014-07-03	12	TV		86804	
101185	Planes	飞机总动员	2013-08-09	1	OVA			95798
101195	あいまいみー～妄想カタストロフ～	漫研部～妄想突变～	2014-07-08	12	TV		53890	196188
101266	劇場版 進撃の巨人 前編〜紅蓮の弓矢〜	剧场版 进击的巨人 前篇～红莲的弓矢～	2014-11-22	1	剧场版			101267
101267	劇場版 進撃の巨人 後編〜自由の翼〜	剧场版 进击的巨人 后篇～自由之翼～	2015-06-27	1	剧场版		101266	228407
101268	12歳。	12岁。	2014-04-03	8	OVA			139786
101269	猫のダヤン	猫咪达洋	2014-04-26	52	TV			258329
101322	Re:␣ ハマトラ	REPLY 滨虎	2014-07-07	12	TV		87718	
101399	アイドルマスター シンデレラガールズ	偶像大师 灰姑娘女孩	2015-01-09	13	TV			130231
101442	のんのんびより  りぴーと	悠哉日常大王 Repeat	2015-07-06	12	TV		78405	215618
101717	Justice League Season 2	正义联盟 第二季	2003-07-05	26	TV		68237	101718,101719,101720
101718	Justice League Unlimited Season 1	正义联盟 无限 第一季	2004-07-31	13	TV		114888,68237,101717	101719,101720
101719	Justice League Unlimited Season 2	正义联盟 无限 第二季	2005-02-05	13	TV		68237,101717,101718	101720
101720	Justice League Unlimited Season 3	正义联盟 无限 第三季	2005-09-17	13	TV		68237,101717,101718,101719	
101799	The Tom and Jerry Show Season 1	新猫和老鼠 第一季	2014-04-09	26	TV		278573	169850
101820	七つの大罪	七大罪	2014-10-05	24	TV			175603
101962	新世紀くりいむレモン	新世纪奶油柠檬	2001-07-27	2	OVA	1	102012	
101999	くりいむレモン パート1 媚・妹・Baby	奶油柠檬 第一部分 媚・妹・Baby	1984-08-11	1	OVA	1		102000
102000	くりいむレモン パート2 エスカレーション 〜今夜はハードコア〜	奶油柠檬 第二部分 冲突升级 今晚重口味	1984-09-10	1	OVA	1	101999	102001
102001	くりいむレモン パート3 SF・超次元伝説ラル	奶油柠檬 第三部分 SF·超次元传说拉鲁	1984-12-03	1	OVA	1	102000	44469
102002	くりいむレモン パート5 亜美・AGAIN	奶油柠檬 第五部分 亚美·AGAIN	1985-04-10	1	OVA	1	44469	102003
102003	くりいむレモン パート6 エスカレーション2 〜禁断のソナタ〜	奶油柠檬 第六部分 冲突升级2 禁断奏鸣曲	1985-05-25	1	OVA	1	102002	102004
102004	くりいむレモン いけないマコちゃん MAKO・セクシーシンフォニー	奶油柠檬 不对劲的小茉 MAKO·性感交响乐	1985-07-12	2	OVA	1	102003,102008	102009,102005
102005	くりいむレモン パート8 スーパーバージン	奶油柠檬 第八部分 超级处女	1985-09-10	1	OVA	1	102004	102006
102006	くりいむレモン パート9 ハプニング・サマー	奶油柠檬 第九部分 有事之夏	1985-10-20	1	OVA	1	102005	102007
102007	くりいむレモン パート10 STAR TRAP	奶油柠檬 第十部分 STAR TRAP	1985-12-25	1	OVA	1	102006	102008
102008	くりいむレモン パート11 黒猫館	奶油柠檬 第十一部分 黑猫馆	1986-01-25	1	OVA	1	102007	102004
102009	くりいむレモン パート13 亜美Ⅲ	奶油柠檬 第十三部分 亚美3	1986-05-25	1	OVA	1	102004	102010
102010	くりいむレモン パート14 なりすスクランブル	奶油柠檬 第十四部分	1986-08-05	1	OVA	1	102009	102011
102011	くりいむレモン パート15 超次元伝説ラルII	奶油柠檬 第十五部分 超次元传说拉鲁二	1986-12-05	1	OVA	1	102010	102012
102012	くりいむレモン パート16 エスカレーション3 〜天使たちのエピローグ〜	奶油柠檬 第十六部分 冲突升级3 天使们的终章	1987-02-21	1	OVA	1	102011	101962
102134	やはり俺の青春ラブコメはまちがっている。続	我的青春恋爱物语果然有问题 续	2015-04-02	13	TV		54433	277954
102523	Dungeons & Dragons Season 1	归乡历险记第一季	1983-09-17	27	TV			274394
102551	宇宙戦艦ヤマト2199 追憶の航海	宇宙战舰大和号2199 追忆的航海	2014-10-11	1	剧场版			84701
102554	Go!Go!家電男子 シーズン2	GO！GO！家电男子2	2014-04-29	23	WEB		78032	
102561	GO-GO たまごっち!	GO-GO 拓麻歌子！	2014-04-03	50	TV		84056	
102600	Marriage ～結婚～	结婚	1996-03-23	2	OVA		37458	
102694	まじもじるるも	修业魔女璐璐萌	2014-07-09	12	TV			261493
103075	円卓の騎士物語 燃えろアーサー	圆桌骑士物语	1979-09-09	30	TV			436940
103161	东方神娃	东方神娃	2005-12-30	52	TV			103162
103162	东方神娃第二部	东方神娃第二部	2008-06-01	52	TV		103161	
103276	劇場版 gdgd妖精s っていう映画はどうかな…?	剧场版 gdgd妖精s	2014-09-27	1	剧场版		54435	
103453	Pia♥キャロットへようこそ!!2 DX	快餐厅之恋	1999-12-18	6	OVA			103454
103454	Pia♥キャロットへようこそ!! -さやかの恋物語-	欢迎来到Pia♥Carrot!! -沙耶香的恋爱故事-	2002-10-19	1	剧场版		69426,103453	
103707	ポケモン3Dアドベンチャー ミュウを探せ!	宝可梦3D大冒险 寻找梦幻！	2005-03-18	1	剧场版		90610	27880
103708	ポケモン3Dアドベンチャー2 ピカチュウの海底大冒険	精灵宝可梦 3D冒险2 皮卡丘的海底大冒险	2007-05-20	1	剧场版		103707	
103742	淫獣聖戦 ツインエンジェル	淫兽圣战 Twin Angel	1995-05-12	4	OVA	1	90052	103743
103743	淫獣聖戦XX	淫兽圣战XX	1997-06-13	4	OVA	1	103742	
103809	新テニスの王子様 OVA vs Genius10	新网球王子 OVA 对战Genius10	2014-10-29	10	OVA		22679	352336
103813	LOVE STAGE!! OAD		2014-11-26	1	OVA		74755	
103906	PSYCHO-PASS サイコパス 新編集版	心理测量者 新编集版	2014-07-10	11	TV			77625
103971	本当にあった 女子○生 いけない秘密のアルバイト 明日香	真的存在 女○中生 不能去做的秘密兼职 明日香	2014-05-02	1	OVA	1	79199	
104006	ろくでなしBLUES 1993	铁拳之道 1993	1993-07-24	1	剧场版		442956	
104139	AppleSeed Alpha	苹果核战记α	2014-07-15	1	剧场版			472
104219	棺姫のチャイカ AVENGING BATTLE	棺姬嘉依卡 复仇之战	2014-10-08	10	TV		85303	
104254	ギブリーズ	吉卜力工作室特别短片	2000-04-08	1	TV			63933
104349	新・聖ヤリマン学園援交日記 THE ANIMATION	新·圣黑木耳学园援交日记	2014-06-27	1	OVA	1	66604	
104468	弱虫ペダル GRANDE ROAD	飙速宅男 GRANDE ROAD	2014-10-06	24	TV		59583	148181
104521	Adventure Time season 6	探险活宝 第六季	2014-04-21	43	TV		85316	152691
104529	おねがいマイメロディ	奇幻魔法Melody	2005-04-03	52	TV			192006
104569	頭文字D Final Stage	头文字D Final Stage	2014-05-16	4	TV		46312	364252
104906	ワールドトリガー	境界触发者	2014-10-05	73	TV			296875
104949	黒子のバスケ 第3期	黑子的篮球 第三季	2015-01-10	25	TV		77706	147147
105075	血界戦線	血界战线	2015-04-04	12	TV			199392
105214	バディ・コンプレックス 完結編 -あの空に還る未来で-	BUDDY COMPLEX 完结篇 -回到那片天空的未来-	2014-09-29	2	TV		89511	
105255	シドニアの騎士 第九惑星戦役	希德尼娅的骑士 第九惑星战役	2015-04-10	12	TV		77476	217285
105426	旦那が何を言っているかわからない件	关于完全听不懂老公在说什么的事	2014-10-02	13	TV			121108
105590	Teen Titans Go! (Season 2)	少年泰坦出击 第二季	2014-06-13	52	TV		72993	143149
105739	ก้านกล้วย	小战象	2006-01-01	1	剧场版			105740
105740	ก้านกล้วย 2	小战象2	2009-01-01	1	剧场版		105739	
105875	ガンダムビルドファイターズトライ	高达创战者TRY	2014-10-08	25	TV		77171	
106051	Mickey Mouse Season 2	米老鼠2013 第二季	2014-04-11	19	TV		79973	168748
106177	Ultimate Spider-Man: Web-Warriors	终极蜘蛛侠 第三季：蛛网勇士	2014-07-06	26	TV		61730	135974
106207	蟲師 続章 第2クール	虫师 续章 第2部分	2014-10-18	10	TV		92705	120700
106212	ハイスクールD×D BorN	恶魔高校 D×D BorN	2015-04-04	12	TV		48700	195845
106264	The Powerpuff Girls (2016 TV series)	飞天小女警2016	2016-04-04	39	TV			279232
106290	スパイダーライダーズ 〜よみがえる太陽〜	蜘蛛骑士第2季	2007-04-14	26	TV		100654	
106297	砂沙美☆魔法少女クラブ	砂沙美魔法少女俱乐部	2006-04-13	13	TV			116036
106314	selector spread WIXOSS	选择扩散者WIXOSS	2014-10-03	12	TV		95095	179097
106322	格闘美神 武龍 REBIRTH	格斗美神 武龙 REBIRTH	2006-04-01	25	TV		3357	
106653	Adventure Time season 1	探险活宝 第一季	2010-04-05	26	TV		200550	106654
106654	Adventure Time season 2	探险活宝 第二季	2010-10-11	26	TV		106653	106655
106655	Adventure Time season 3	探险活宝 第三季	2011-07-11	26	TV		106654	106656
106656	Adventure Time season 4	探险活宝 第四季	2012-04-02	26	TV		106655	85316
106691	超人ロック	超人洛克	1984-03-11	1	剧场版			106694
106694	超人ロック～ロードレオン～	超人洛克 Lord Leon	1989-10-25	3	OVA		106691	106695
106695	超人ロック～新世界戦隊～	超人洛克 新世界战队	1991-10-24	2	OVA		106694	106696
106696	超人ロック～ミラーリング～	超人洛克 镜之戒	2000-12-22	1	OVA		106695	
106734	義妹	义妹	2006-04-14	1	OVA	1		74449
106818	暗殺教室	暗杀教室	2015-01-09	22	TV			131891
106854	Axe Cop	斧子警察	2013-07-21	12	TV			707311
107070	Pacific Rim: The Black	环太平洋：黑色禁区	2021-03-04	7	WEB			376215
107099	劇場版 蒼き鋼のアルペジオ -アルス・ノヴァ- DC	苍蓝钢铁的琶音 DC	2015-01-31	1	剧场版		74663	107100
107100	劇場版 蒼き鋼のアルペジオ -アルス・ノヴァ- Cadenza	苍蓝钢铁的琶音 Cadenza	2015-10-03	1	剧场版		107099	
107186	怪盗ジョーカー	怪盗Joker	2014-10-06	13	TV			122864
107199	ラブライブ! The School Idol Movie	Love Live! 学园偶像 电影	2015-06-13	1	剧场版		75989	
107440	昆虫物語 新みなしごハッチ	新小蜜蜂寻亲记	1974-04-05	26	TV		11191	
107451	天才バカボン	天才傻鹏	1971-09-25	40	TV			53760
107474	暁のヨナ	晨曦公主	2014-10-07	24	TV			616413
107476	境界の彼方 -I'LL BE HERE- 過去篇	境界的彼方 -I'LL BE HERE- 过去篇	2015-03-14	1	剧场版			118908
107529	熊出没之环球大冒险		2012-06-01	105	TV		81109	107535
107535	熊出没之丛林总动员		2013-07-13	104	TV		107529	367470
107543	攻殻機動隊ARISE border:4 Ghost Stands Alone	攻壳机动队ARISE border:4 Ghost Stands Alone	2014-09-06	1	剧场版		89486	
107597	新リヨン伝説	新莉安传说	1996-09-27	2	OVA	1	72341	
107724	大怪獣ラッシュ ウルトラフロンティア 2ndシーズン	大怪兽RUSH第2季	2014-06-24	9	TV		83920,696364	
107835	アルドノア・ゼロ 第2期	ALDNOAH.ZERO 第二季	2015-01-10	12	TV		96918	514031
107920	黒瞳皇	黑瞳皇	2000-11-28	5	OVA	1	91210	141595
107986	あらしのよるに 〜ひみつのともだち〜 シアターセレクション 〜出会い編〜		2012-11-10	1	剧场版			107987
107987	あらしのよるに 〜ひみつのともだち〜 シアターセレクション 〜きずな編〜		2013-02-02	1	剧场版		107986	
108093	映画ドラえもん のび太の宇宙英雄記	哆啦A梦：大雄的宇宙英雄记	2015-03-07	1	剧场版		78282	139670
108328	ガルフォース THE REVOLUTION	银河女战士 THE REVOLUTION	1996-12-21	4	OVA		214609	
108334	聖ミカエラ学園漂流記	圣未加江罗学院漂流记	1990-06-22	2	OVA	1		192581
108417	学校のコワイうわさ 新・花子さんがきた!! シーズン2	校园恐怖传说 - 新·花子来了！！第二季	2014-07-12	20	TV		34458	
108438	ドラゴンボールZ 復活のF	龙珠Z 复活的F	2015-04-18	1	剧场版		44636	
108820	ポケモン・ザ・ムービーXY 光輪の超魔神 フーパ	剧场版宝可梦XY: 光环的超魔神 胡帕	2015-07-18	1	剧场版		90368,139400	140307
108938	魔法の天使クリィミーマミ ロング・グッドバイ	我是小甜甜 漫长的告别	1985-06-15	1	OVA		108939	
108939	魔法の天使クリィミーマミ 永遠のワンスモア	我是小甜甜 永远的再一次	1984-10-28	1	OVA		10560	108938
108940	魔法の天使クリィミーマミ ラブリーセレナーデ	我是小甜甜 可爱的小夜曲	1985-03-28	1	OVA			315271
109053	THE LAST -NARUTO THE MOVIE-	火影忍者 剧场版 终章	2014-12-06	1	剧场版			120191,202661
109271	オーディーン 光子帆船スターライト	光子帆船星光号：奥丁	1985-08-10	1	剧场版			10393
109328	結城友奈は勇者である	结城友奈是勇者	2014-10-16	12	TV		207168	195937
109375	劇場版 Fate/stay night [Heaven's Feel] I.presage flower	剧场版 Fate/stay night [Heaven's Feel] I.presage flower	2017-10-14	1	剧场版		10639	175599
109386	Fate/stay night [Unlimited Blade Works] 2ndシーズン	Fate/stay night [Unlimited Blade Works] 第二季	2015-04-04	13	TV		95225	
109403	Moon Animate, Make-Up!		2014-07-20	1				188725
109483	百花繚乱 サムライアフター	百花缭乱 SAMURAI AFTER	2015-01-23	2	OVA		48055	
109541	純情ロマンチカ3	纯情罗曼史3	2015-07-08	12	TV		49598	58245
109677	画江湖之不良人	画江湖之不良人	2014-07-31	54	WEB			183747
109724	神様はじめました◎	元气少女缘结神◎	2015-01-05	12	TV		43525	147365
109739	デジモンアドベンチャー tri. 第1章「再会」	数码宝贝大冒险 tri. 第一章「再会」	2015-11-21	4	剧场版		3128,3129	156734
109750	ドラゴンナイト	龙骑士	1991-10-25	1	OVA			70585
109858	云彩面包	云彩面包	2012-01-21	78	TV			585938
109869	たまゆら～卒業写真～	玉响～毕业写真～	2015-05-08	4	OVA		45213	
110062	弱虫ペダル Re:RIDE	飙速宅男 Re:RIDE	2014-09-19	1	剧场版			134232
110148	Gravity Falls Season 2	怪诞小镇 第二季	2014-08-01	20	TV		45336	
110358	Pucca Season 1	中国娃娃 第一季	2006-09-08	26	TV			110359
110359	Pucca Season 2	中国娃娃 第二季	2008-03-26	13	TV		110358	
110467	SHIROBAKO	白箱	2014-10-09	24	TV			244761
110526	ONE PIECE “3D2Y” エースの死を越えて! ルフィ仲間との誓い	航海王：跨越艾斯之死！路飞与伙伴的誓约	2014-08-30	1	TV			518519,518603
110648	WORKING!!!	迷糊餐厅 第三季	2015-07-04	13	TV		20547	
110775	怪物くん（カラー版）	怪物太郎（彩色版）	1980-09-02	94	TV		53770	
110776	死灵编码2				WEB		90931	
110783	SpongeBob SquarePants (Season 2)	海绵宝宝 第二季	2000-11-02	20	TV		7777	126615
110867	魔法少女リリカルなのはViVid	魔法少女奈叶ViVid	2015-04-03	12	TV		1264	186939
110885	麥兜·我和我媽媽	麦兜·我和我妈妈	2014-10-01	1	剧场版		47147	192832
110919	超神学院 第二季 巨峡号	超神学院 第二季 巨峡号	2014-06-06	10	WEB		94429	130344
110922	サイボーグ009	人造人009 剧场版	1966-07-21	1	剧场版			110923
110923	サイボーグ009 怪獣戦争	人造人009 怪兽战争	1967-03-19	1	剧场版		110922	
110961	みんな集まれ! ファルコム学園 SC	大家集合！Falcom学园 2期	2015-01-04	13	TV		84493	
111081	這いよれ! ニャル子さんF	潜行吧！奈亚子F	2015-06-19	1	OVA		58015	
111097	Big Hero 6	超能陆战队	2014-10-23	1	剧场版			171364
111231	劇場版3D あたしンち -情熱の超ちょ?能力?母大暴走！-	剧场版3D 我们这一家 -热情的超能力- 母亲大暴走！	2010-11-13	1	剧场版		49287	
111247	Mater's Tall Tales Season 1	拖线狂想曲第一季	2008-10-27	3	TV			111248
111248	Mater's Tall Tales Season 2	拖线狂想曲第二季	2009-11-20	6	TV		111247	111249
111249	Mater's Tall Tales Season 3	拖线狂想曲第三季	2011-11-01	2	TV		111248	
111251	Pixar Short Films Collection, Volume 2	皮克斯动画短片集2	2012-11-13	12	OVA		77484	
111271	Open Season	丛林大反攻	2006-09-29	1	剧场版			111272
111272	Open Season 2	丛林大反攻2	2008-09-24	1	剧场版		111271	111274
111274	Open Season 3	丛林大反攻3	2010-10-21	1	剧场版		111272	491193
111339	Pa-Pa-Pa ザ★ムービー パーマン タコDEポン!アシHAポン!	Pa-Pa-Pa 电影小超人帕门：章鱼DE，砰，八条腿，砰！	2004-03-06	1	剧场版		111340	
111340	Pa-Pa-Pa ザ★ムービー パーマン	Pa-Pa-Pa 电影小超人帕门	2003-03-08	1	剧场版			111339
111359	Minions	小黄人大眼萌	2015-07-10	1	剧场版			378297
111361	Despicable Me 3	神偷奶爸3	2017-06-30	1	剧场版		67809	390677
111760	新劇場版 頭文字D Legend2 -闘走-	头文字D Legend2 -斗走-	2015-05-23	1	剧场版		78796	111761
111761	新劇場版 頭文字D Legend3 -夢現-	头文字D Legend3 -梦现-	2016-02-06	1	剧场版		111760	
111793	Tarzan	丛林之王	2014-08-21	1	剧场版		113070	
112146	オーバーロード	OVERLORD	2015-07-07	13	TV			211027
112147	あぐかる	农业天使茨城酱	2010-09-17	5	WEB			238437
112148	リカちゃんの日曜日	丽佳娃娃的星期天	1992-07-21	1	OVA		112466	112801
112151	終わりのセラフ	终结的炽天使	2015-04-04	12	TV			120705
112246	エンジェルブレイド パニッシュ!	天使之刃：惩罚	2004-12-29	3	OVA	1	74403	
112334	The Brave Little Toaster	电器小英雄	1987-07-10	1	剧场版			112507,112510
112338	Aladdin: The Return of Jafar	贾方复仇记	1994-05-20	1	OVA		36225	
112342	Aladdin and the King of Thieves	阿拉丁和大盗之王	1996-08-13	1	OVA		36225	
112354	Pocahontas II: Journey to a New World	风中奇缘2	1998-08-04	1	OVA		66242	
112360	The Little Mermaid II: Return to the Sea	小美人鱼2：重返大海	2000-08-31	1	剧场版		36151,113260	
112363	Lady and the Tramp II: Scamp's Adventure	小姐与流浪汉2：狗儿逃家记	2001-02-27	1	剧场版		64095	
112466	リカちゃん ふしぎな魔法のリング	丽佳娃娃和不可思议的魔法戒指	1991-08-30	2	OVA		139358	112148
112507	The Brave Little Toaster Goes to Mars	电器小英雄之火星历险记	1998-05-19	1	剧场版		112334	
112508	Hercules: Zero to Hero	大力士：从零到英雄	1999-08-17	1	OVA		36698	
112510	The Brave Little Toaster to the Rescue	电器小英雄之上学记	1997-01-01	1	剧场版		112334	
112542	マリンとヤマト 不思議な日曜日		2000-12-02	1	OVA			112782,114188
112650	臀撃おしおき娘 ゴータマンR 愛と悲しみのファイナル・バトル	正义使者臀娘R	1994-10-24	1	OVA		112651	
112651	臀撃おしおき娘 ゴータマン ゴータマン誕生編	正义使者臀娘	1994-05-24	1	OVA			112650
112654	銀河の魚~URSA minor BLUE~	银河之鱼	1993-05-21	1	OVA			28101
112699	Kirikou and the Sorceress	叽哩咕历险记	1998-12-09	1	剧场版			636604
112703	Mickey's Once Upon a Christmas	米老鼠温馨圣诞	1999-12-07	1	OVA			113012
112770	攻殻機動隊 新劇場版	攻壳机动队 新剧场版	2015-06-20	1	剧场版		125807	
112782	千年の約束			1	OVA		112542,114188	
112801	リカちゃんとヤマネコ 星の旅	丽佳娃娃不可思议的星之旅	1997-09-12	1	OVA		112148	
112838	てさぐれ！部活もの すぴんおふ プルプルんシャルムと遊ぼう	摸索吧！部活剧 Spinoff 和噗噜噗噜夏露姆游玩吧	2015-04-04	12	TV		91987	
112841	がんばれ!ルルロロ 第2シリーズ	加油！露露落落 第2期	2014-09-25	26	TV		49282	162799
112883	Return to Never Land	梦不落帝国	2002-03-28	1	剧场版		64094	
112884	Cinderella II: Dreams Come True	仙履奇缘2：美梦成真	2002-02-26	1	剧场版		60533	113084
112885	The Hunchback of Notre Dame II	钟楼怪人2：老实钟的秘密	2002-02-13	1	剧场版		66243	
112889	101 Dalmatians II: Patch's London Adventure	101忠狗续集：伦敦大冒险	2003-01-21	1	OVA		40122	
112890	The Jungle Book 2	森林王子2	2003-04-05	1	剧场版		64098	
112905	SHOW BY ROCK!!	SHOW BY ROCK!!	2015-04-05	12	TV			154073
112914	これがUFOだ！ 空飛ぶ円盤	这就是UFO啊！飞翔的圆盘	1975-03-21	1	剧场版			114748
112944	フリフレ THE ANIMATION ～制服堕天使の课外授业～	Free Friend ～制服堕天使的课外授业～	2014-09-26	1	OVA	1		237340
113006	Atlantis: Milo's Return	亚特兰蒂斯2：神秘的水晶	2003-05-13	1	OVA		62835	
113007	Kim Possible: A Sitch in Time	麻辣女孩：时间危机	2003-11-28	1	剧场版		689382	689381
113012	Mickey's Twice Upon a Christmas	米奇节日嘉年华	2004-11-09	1	剧场版		112703	
113014	Pooh's Heffalump Movie	小熊维尼之长鼻怪大冒险	2005-02-11	1	剧场版			113071
113016	Kim Possible: So the Drama	麻辣女孩：超级任务	2005-04-08	1	剧场版		689381	
113070	Tarzan II	泰山2	2005-06-14	1	OVA			40189
113071	Pooh's Heffalump Halloween Movie	小熊维尼:长鼻怪万圣节	2005-09-13	1	OVA		113014	
113072	ぐらP＆ろで夫	GranP&Rodeo夫	2014-10-19	62	TV			182342
113077	Kronk's New Groove	变身国王2:高刚外传	2005-11-29	1	剧场版		66246	
113080	Bambi II	小鹿斑比2	2006-01-26	1	剧场版		36759	
113082	Brother Bear 2	熊的传说2	2006-08-17	1	剧场版		66249	
113083	The Fox and the Hound 2	狐狸与猎狗2：永远的朋友	2006-12-12	1	剧场版		66237	
113084	Cinderella III: A Twist in Time	仙履奇缘3： 时间魔法	2007-02-06	1	剧场版		112884	
113087	Heavy Metal	宇宙奇趣录	1981-07-29	1	剧场版			321081
113088	Astérix et Cléopâtre	高卢勇士之女王任务	1968-12-19	1	剧场版		261197	261198
113089	Batman: Mask of the Phantasm	蝙蝠侠大战幻影人	1993-12-25	1	剧场版			223280
113134	Fate/kaleid liner プリズマ☆イリヤ ツヴァイヘルツ!	Fate/kaleid liner 魔法少女☆伊莉雅 2wei Herz!	2015-07-24	10	TV		83402	147466
113151	チェーンソー・メイド	电锯女仆	2007-12-08	1	WEB			485525
113260	The Little Mermaid: Ariel's Beginning	小美人鱼3：爱丽儿的起源	2008-08-26	1	剧场版			36151,112360
113262	The Land Before Time	小脚板走天涯	1988-11-18	1	剧场版			363948
113292	ジョジョの奇妙な冒険 スターダストクルセイダース エジプト編	JOJO的奇妙冒险 星尘斗士 埃及篇	2015-01-09	24	TV		85631	150490
113324	Gnomeo and Juliet	吉诺密欧与朱丽叶	2011-02-11	1	剧场版			265144
113328	Surf's Up	冲浪企鹅	2007-06-08	1	剧场版			491494
113361	新・エンジェル	新安琪儿	1994-10-21	5	OVA	1	79922	
113375	ワルプルギスナイトフィーバー		2010-01-01	1	WEB			113376
113376	ワルプルギスナイトフィーバー		2010-05-01	11	WEB		113375	
113436	いけいけ！ももんちゃん		2012-11-28	15	WEB			113438,238306
113438	いけいけ！ももんちゃん 戯		2013-01-31	3	WEB		113436	
113443	ギャグマンガ日和 ジャンプフェスタ2002版	搞笑漫画日和 Jump Festa 2002版	2005-07-22	1	OVA			2461
113631	探偵歌劇 ミルキィホームズ TD	侦探歌剧 少女福尔摩斯 TD	2015-01-03	12	TV		62948	
113656	なりヒロwww	成为英雄www	2014-10-06	12	TV		120086	
113658	カリメロ	卡里麦罗	2014-10-07	52	TV		81585	
113724	のらくろ伍長	下士小黑	1934-03-09	1	剧场版		198585	198588
113877	こまねこのクリスマス ～迷子になったプレゼント～	可玛猫的圣诞	2009-11-07	1	剧场版		212176	521194
113887	コードギアス 亡国のアキト 第4章「憎しみの記憶から」	Code Geass 亡国的阿基德 第四章「憎恨记忆」	2015-07-04	1	剧场版		86773	132580
113899	プレイボール	棒球物语	2005-07-04	13	TV		65286	113902
113902	プレイボール 2nd	棒球物语 第2期	2006-01-09	13	TV		113899	
113906	ベイビーステップ 第2シリーズ	网球优等生 第二季	2015-04-05	25	TV		87717	
114105	さよなら絶望先生 Blu-ray BOX化記念 完全新作話	再见绝望先生 Blu-ray BOX化纪念话	2012-01-31	2	OVA		3805	
114161	South Park Season 18	南方公园 第18季	2014-09-24	10	TV		76319	146923
114184	The Legend of Korra Book 4: Balance	科拉传奇 第四季：平衡	2014-10-03	13	TV		88411	538631
114188	ご案内しますアナザーワールドへ			1	OVA		112542	112782
114394	美男高校地球防衛部LOVE！	美男高校地球防卫部LOVE！	2015-01-06	12	TV			143099
114488	少年ハリウッド -HOLLY STAGE FOR 50-	少年好莱坞 第二季	2015-01-10	13	TV		99806	
114612	My Little Pony Equestria Girls: Rainbow Rocks	小马宝莉：彩虹摇滚	2014-09-27	1	剧场版		80599	140075
114706	ソードガイ The Animation	SWORD GAI 装刀凯	2018-03-23	12	WEB			241865
114736	81号农场之疯狂的麦咭		2014-10-01	1	剧场版		114738	
114738	81号农场之保卫麦咭		2013-09-28	1	剧场版			114736
114740	闯堂兔		2011-10-01	1	剧场版			114742
114742	闯堂兔2疯狂马戏团		2015-01-01	1	剧场版		114740	163463
114743	神秘世界历险记		2012-08-10	1	剧场版			114744
114744	神秘世界历险记2		2014-08-08	1	剧场版		114743	258101
114748	宇宙円盤大戦争	宇宙圆盘大战争	1975-07-26	1	剧场版		112914	
114758	ニセコイ:	伪恋：	2015-04-10	12	TV		74628	
114808	ピューと吹く!ジャガー	搞怪吹笛手	2007-11-19	3	OVA			471726
114835	Dick Figures Season 2	猥琐传说 第二季	2010-11-17	10	TV		30330	114836
114836	Dick Figures Season 3	猥琐传说 第三季	2011-09-22	10	TV		114835	114837
114837	Dick Figures Season 4	猥琐传说 第四季	2012-04-05	10	TV		114836	114838
114838	Dick Figures Season 5	猥琐传说 第五季		11	TV		114837	
114888	The Batman/Superman Movie: World's Finest	蝙蝠侠超人大电影：最佳搭档	1997-10-04	3	TV			68237,101718
114954	The Simpsons Season 26	辛普森一家 第二十六季	2014-09-28	22	TV		87251	148046
114967	デュラララ!!×2 転	无头骑士异闻录×2 转	2015-07-04	12	TV		99941	114968
114968	デュラララ!!×2 結	无头骑士异闻录×2 结	2016-01-09	12	TV		114967	
115007	Marvel's Avengers Assemble Season 2	复仇者集结 第二季	2014-09-28	26	TV		74243	208572
115048	Teenage Mutant Ninja Turtles Season 3	忍者神龟2012 第三季	2014-10-03	26	TV		89743	159355
115050	おしりかじり虫 第3シリーズ	咬屁屁虫 第三季	2014-10-06	8	TV		84627	209653
115204	カードファイト!! ヴァンガードG	卡片战斗先导者G	2014-10-26	48	TV		90632	146404
115205	倒不了的塔 第二季	倒不了的塔 第二季	2014-04-29	15	WEB		82046	
115292	東京喰種トーキョーグール √A	东京喰种√A	2015-01-08	12	TV		93714	148481
115339	浦和の調ちゃん	浦和小调	2015-04-09	12	TV			192976
115615	Kung Fu Panda 3	功夫熊猫3	2016-01-29	1	剧场版		18580	395881
115617	Kung Fu Panda: Legends of Awesomeness Season 3	功夫熊猫：非凡传奇 第三季	2013-06-24	15	TV		65242	
115661	ルパン三世	鲁邦三世	2015-10-01	24	TV		36360	219164
115756	雷速登闪电冲线	雷速登闪电冲线		26	TV			115757
115757	雷速登闪电冲线2	雷速登闪电冲线2		40	TV		115756	115758
115758	雷速登闪电冲线3	雷速登闪电冲线3		40	TV		115757	
115760	新大头儿子和小头爸爸		2013-11-28	52	TV			566080
115763	恐龙宝贝之龙神勇士Ⅱ	恐龙宝贝之龙神勇士Ⅱ	2010-01-13	52	TV		30179	115764
115764	恐龙宝贝之龙神勇士3	恐龙宝贝之龙神勇士3		52	TV		115763	544475
115908	響け！ユーフォニアム	吹响吧！上低音号	2015-04-07	13	TV			152091,211089
115917	K RETURN OF KINGS	K 诸王归来	2015-10-02	13	TV		60003	
115932	憑物語	凭物语	2014-12-31	4	TV		82322	138829
115985	トンデラハウスの大冒険	亲子剧场之大冒险	1982-04-05	52	TV		380722	381165
116034	夜ノヤッターマン	夜之小双侠	2015-01-11	12	TV		16807,53785	
116036	砂沙美☆魔法少女クラブ シーズン2	砂沙美魔法少女俱乐部 第二季	2006-10-03	13	TV		106297	
116045	妖怪名单		2014-12-12	18	WEB			146181
116137	Tintin et le temple du solei	丁丁和太阳神庙	1969-12-13	1	剧场版			116138
116138	Tintin et le lac aux requins	丁丁在鲨鱼湖	1972-12-13	1	剧场版		116137	
116140	莫麟传奇		2011-01-24	26	TV			544459
116142	快乐星猫			26	TV			417286
116145	哈皮父子		2007-08-01	52	TV			438162
116148	夺宝幸运星			52	TV			116149
116149	夺宝幸运星2			52	TV		116148	205221
116161	Barbie In A Mermaid Tale	芭比之美人鱼历险记	2010-03-02	1	剧场版			116163
116163	Barbie In A Mermaid Tale 2	芭比之美人鱼历险记 2	2012-03-06	1	剧场版		116161	
116169	Barbie Mariposa and Her Butterfly Friends	芭比之蝴蝶仙子	2008-02-26	1	剧场版			116172
116172	Barbie Mariposa and the fairy princess	芭比之蝴蝶仙子2	2013-08-27	1	剧场版		116169	
116287	ダンジョンに出会いを求めるのは間違っているだろうか	在地下城寻求邂逅是否搞错了什么	2015-04-03	13	TV			238004
116461	食戟のソーマ	食戟之灵	2015-04-03	24	TV			160124
116651	血液型くん！2	血型君2	2015-01-07	12	TV		66491	145667
116747	FASTENING DAYS	拉链超人组	2014-10-30	1	WEB			198230
116871	アルスラーン戦記	亚尔斯兰战记	2015-04-05	25	TV			148436
117029	戦国無双	战国无双	2015-01-11	12	TV		89942	
117148	Toy Story 4	玩具总动员4	2019-06-11	1	剧场版		6651	441800
117149	熊出没之雪岭熊风		2015-01-30	1	剧场版		95780	161058
117151	PERSONA3 THE MOVIE #3 Falling Down	女神异闻录3 剧场版 第三章 秋降	2015-04-04	1			88731	139046
117213	Astérix et le coup du menhir	高卢勇士之大战罗马	1989-10-04	1	剧场版		261318	261319
117282	ツキウタ。 THE ANIMATION	月歌	2016-07-06	13	TV			266349
117468	Oggy et les Cafards season 1	肥猫大战三小强 第一季	1998-09-06	78	TV			133396
117480	Pink Panther	顽皮豹		52	TV		132399	
117489	Mr. Bean: The Animated Series Season 1	憨豆先生动画版 第一季	2002-01-25	47	TV			261535
117545	神雕俠侶II：襄陽風雲	神雕侠侣II：襄阳风云	2004-11-13	26	TV		44679	117555
117555	神雕俠侶III：十六年之約	神雕侠侣III：十六年之约	2007-12-12	26	TV		117545	
117558	えとたま	干支魂	2015-04-09	12	TV			237992
117592	Ugly Americans（Season 1）	丑陋的美国人 第一季	2010-03-17	14	TV			117593
117593	Ugly Americans（Season 2）	丑陋的美国人 第二季	2011-06-30	17	TV		117592	
117640	キュートランスフォーマー 帰ってきたコンボイの謎	Q版变形金刚 归来的擎天柱之谜	2015-01-06	13	TV			135992
117731	境界のRINNE	境界的轮回	2015-04-04	25	TV			146503
117798	マスター・オブ・トルク	扭矩大师	2014-03-20	4	WEB			176576
117808	トップをねらえ! 科学講座	飞跃巅峰！科学讲座	1988-10-07	6	OVA			559221
117898	機動戦士ガンダムSEED スペシャルエディション	机动战士高达SEED Special Edition	2004-03-22	3	OVA			117899
117899	機動戦士ガンダムSEED DESTINY スペシャルエディション	机动战士高达SEED DESTINY Special Edition	2006-05-26	4	OVA		117898	
118066	撸时代 第二季	撸时代 第二季	2014-11-26	13	WEB		87864	
118262	Over the Garden Wall	花园墙外	2014-11-03	10	TV		235690	
118335	進撃の巨人 Season 2	进击的巨人 第二季	2017-04-01	12	TV		55770	217300
118336	映画 プリキュアオールスターズ 春のカーニバル♪	电影 光之美少女 All Stars 春之嘉年华♪	2015-03-14	1	剧场版		88715	159824
118473	Sofia the First (Season 1)	小公主苏菲亚 第一季	2013-01-11	24	TV		136125	118474
118474	Sofia the First (Season 2)	小公主苏菲亚 第二季	2014-03-07	29	TV		118473	149647
118572	真救世主伝説 北斗の拳 ユリア伝	真救世主传说 北斗神拳 尤莉娅传	2007-02-23	1	OVA		44961	118573
118573	真救世主伝説 北斗の拳 ラオウ伝 激闘の章	真救世主传说 北斗神拳 拉奥传 激斗之章	2007-04-28	1	剧场版		118572	118574
118574	真救世主伝説 北斗の拳 トキ伝	真救世主传说 北斗神拳 托奇传	2008-03-26	1	OVA		118573	118575
118575	真救世主伝説 北斗の拳ZERO ケンシロウ伝	真救世主传说 北斗神拳ZERO 拳四郎传	2008-10-04	1	剧场版		118574	
118781	甲鉄城のカバネリ	甲铁城的卡巴内利	2016-04-07	12	TV			202270
118908	境界の彼方 -I'LL BE HERE- 未来篇	境界的彼方 -I'LL BE HERE- 未来篇	2015-04-25	1	剧场版		49278,107476	
119033	おにくだいすき！ ゼウシくん 2期	无肉不欢的宙牛君 2期	2014-11-29	6	WEB		90667	168898
119034	Hotel Transylvania 2	精灵旅社2	2015-09-25	1	剧场版		61213	178606
119035	Inside Out	头脑特工队	2015-06-19	1	剧场版			400730
119187	名探偵コナン 業火の向日葵	名侦探柯南 业火的向日葵	2015-04-18	1	剧场版		89279	131427
119279	Go! プリンセスプリキュア	Go! Princess 光之美少女	2015-02-01	50	TV		88348	159826
119389	Justice League: Throne of Atlantis	正义联盟：亚特兰蒂斯王座	2015-01-13	1	OVA		95506	130165
119394	昭和元禄落語心中	昭和元禄落语心中	2016-01-08	13	TV			176615
119678	Batman & Mr. Freeze: SubZero	蝙蝠侠：冰点危机	1998-03-17	1	OVA			223280
119846	Bob's Burgers Season 1	开心汉堡店 第一季	2011-01-16	13	TV			128500
119849	Niko - Lentäjän poika	极地大冒险	2008-10-10	1	剧场版			130762
119889	おくさまが生徒会長!	我老婆是学生会长	2015-07-01	12	TV			167348
119969	快乐东西2	快乐东西2		52	TV		75534	119970
119970	快乐东西3	快乐东西3		52	TV		119969	119971
119971	快乐东西4	快乐东西4		52	TV		119970	564778
119985	Wake Up, Girls! 青春の影	Wake Up, Girls! 青春之影	2015-09-25	1	剧场版		48880	128801
120067	ブラック・ジャック OVA FINAL	怪医黑杰克 完结篇	2011-12-16	2	OVA		52787	
120086	こんな私たちがなりゆきでヒロインになった結果www		2014-09-27	1	剧场版			113656
120186	プリパラ 2nd season	美妙天堂 第二期	2015-04-04	51	TV		99748	162802
120187	干物妹! うまるちゃん	干物妹！小埋	2015-07-08	12	TV			212775
120191	BORUTO -NARUTO THE MOVIE-	火影忍者 剧场版 博人传	2015-08-07	1	剧场版		109053	
120236	ハイキュー!! セカンドシーズン	排球少年 第二季	2015-10-03	25	TV		84171	173849
120237	劇場版しまじろうのわお! しまじろうとおおきなき	巧虎与大大的树	2015-03-13	1	剧场版		95790	162782
120238	劇場版しまじろうのわお! しまじろうとフフのだいぼうけん 〜すくえ!七色の花〜	巧虎与芙芙的大冒险～拯救！七色之花～	2013-03-15	1	剧场版			95790
120369	ヘタリア The World Twinkle	黑塔利亚 第6期	2015-07-03	15	WEB		46012	317615
120445	GATE 自衛隊 彼の地にて、斯く戦えり	GATE 奇幻自卫队	2015-07-03	12	TV			147036
120700	蟲師 特別編「鈴の雫」	虫师 特别篇 铃之雫	2015-05-16	1	剧场版		106207	
120701	雨色ココア	雨色可可	2015-04-05	12	TV			138834
120705	終わりのセラフ 名古屋決戦編	终结的炽天使 名古屋决战篇	2015-10-10	12	TV		112151	
120763	To LOVEる -とらぶる- ダークネス 2nd	出包王女Darkness 第二季	2015-07-06	14	TV		37694	
120791	銀魂°	银魂°	2015-04-08	51	TV		47576	193298
120902	受胎島	受胎岛	2014-12-19	2	OVA	1		237108
121002	ロボットガールズZ+	机器人少女Z+	2015-05-20	6	WEB		79350	241092
121003	うーさーのその日暮らし 夢幻編	兔宝的悲惨日常 梦幻篇	2015-07-03	13	TV		81847	
121038	イケナイコト THE ANIMATION	不能做的事情	2015-01-02	1	OVA	1		126180
121046	鬼父2 -harvest-「天然巨乳のハメ鬱日和」	鬼父2 -收获-	2015-01-30	1	OVA	1	85031	
121108	旦那が何を言っているかわからない件 2スレ目	关于完全听不懂老公在说什么的事 第二季	2015-04-02	13	TV		105426	
121187	グリザイアの迷宮	灰色的迷宫	2015-04-12	1	TV		67376	130234
121286	PAPUWA	巴布华	2003-09-30	26	TV		121287	
121287	南国少年パプワくん	南国少年巴布华	1992-10-10	42	TV			121286
121596	巴啦啦小魔仙之梦幻旋律		2015-01-26	52	TV		71926	
121745	2112年 ドラえもん誕生	2112年 哆啦A梦诞生	1995-03-04	1	剧场版			37460
121746	ザ☆ドラえもんズ ゴール!ゴール!ゴール!!	哆啦A梦七小子GOAL!GOAL!GOAL!!	2002-03-09	1	剧场版		89712	
121785	缇可春季篇			52	TV		40814	121786,382836
121786	缇可夏季篇			52	TV		40814,121785	382836
121817	ワールド フールニュース		2013-04-01	6	WEB			121818
121818	ワールドフールニュース		2014-04-24	12	TV		121817	205845
121819	YAWARA! Special ずっと君のことが…。	以柔克刚！特别篇 一直对你…。	1996-07-19	1	TV		62914	
121864	Regular Show (season 3)	天兵公园 第三季	2011-09-19	40	TV		93328	121865
121865	Regular Show (season 4)	天兵公园 第四季	2012-10-01	40	TV		121864	121866
121866	Regular Show (season 5)	天兵公园 第五季	2013-09-02	40	TV		121865	121867
121867	Regular Show (season 6)	天兵公园 第六季	2014-10-09	31	TV		121866	144632
122019	梦幻西游	梦幻西游之天命之路	2014-12-26	13	WEB			189936
122567	バトルスピリッツ 烈火魂	战斗之魂 烈火灵魂	2015-04-01	51	TV		79659	170044
122864	怪盗ジョーカー シーズン2	怪盗Joker2	2015-04-06	13	TV		107186	147085
122890	クレヨンしんちゃん オラの引越し物語 サボテン大襲撃	蜡笔小新：我的搬家物语 仙人掌大袭击	2015-04-18	1	剧场版		92412	159335
123136	劇場版 ハイキュー!! 終わりと始まり	排球少年剧场版 结束与开始	2015-07-03	1	剧场版			128952
123270	シンドバッド 空とぶ姫と秘密の島	辛巴达 飞翔公主与秘密之岛	2015-07-04	1	剧场版			148100
123281	西游记之大圣归来		2015-07-10	1	剧场版		151100	
123308	否否正能量			10	短片			143387
123335	Star vs. the Forces of Evil (Season 1)	星蝶公主 第一季	2015-01-18	13	TV			187225
123444	Wander Over Yonder	星际漫步	2013-08-16	39	TV			143400
123568	ご注文はうさぎですか？？	请问您今天要来点兔子吗？？	2015-10-10	12	TV		88287	181995
123735	Family Guy (Season 1)	恶搞之家 第一季	1999-01-31	7	TV			126503
124185	うしおととら	潮与虎	2015-07-03	26	TV			143740
124331	SUPERFLAT FIRST LOVE	超扁平之初恋	2009-04-28	1	WEB		28102	
124341	ARIA The AVVENIRE	水星领航员 The AVVENIRE	2015-12-24	3	OVA		1270	304087
124630	喜羊羊与灰太狼之羊年喜羊羊		2015-01-31	1	剧场版		90349	208080
124646	リトルウィッチアカデミア 魔法仕掛けのパレード	小魔女学园 魔法游行	2015-10-09	1	剧场版		54675	
124649	Bojack Horseman	马男波杰克	2014-08-22	12	TV			144087
124752	G-Best G-taste ベストセレクション		2010-11-22	1	OVA	1	60589	
124778	DIABOLIK LOVERS MORE,BLOOD	魔鬼恋人 第二季	2015-09-23	12	TV		64993	
125025	第9回東方M-1ぐらんぷり	第九届东方M-1漫才大赛	2014-12-29	1	OVA		96643	163169
125064	HAND MAID マイ	袖珍女侍小舞	2003-02-18	1	OVA		38965	
125807	攻殻機動隊ARISE ALTERNATIVE ARCHITECTURE	攻壳机动队ARISE ALTERNATIVE ARCHITECTURE	2015-04-05	10	TV			112770
125899	那年那兔那些事儿		2015-03-05	12	WEB			147920
126024	アクエリオンロゴス	创圣的大天使LOGOS	2015-07-02	26	TV		12620	425355
126034	赤髪の白雪姫	赤发白雪姬	2015-07-06	12	TV			145407
126173	ReLIFE		2016-07-01	13	TV			213816
126176	ボクの弥生さん		2015-02-27	2	OVA	1		302728
126177	ナンバカ	黑白来看守所	2016-10-04	13	TV			198714
126180	イエナイコト THE ANIMATION	不能说的事情	2015-03-06	1	OVA	1	121038	179792
126183	ふくびき!トライアングル～双葉はあたふた～♥～		2015-03-27	1	OVA	1	50160	
126421	偷星九月天之侦探学院	偷星九月天之侦探学院	2014-11-14	52	WEB		78597	
126503	Family Guy (Season 2)	恶搞之家 第二季	1999-09-23	21	TV		123735	126504
126504	Family Guy (Season 3)	恶搞之家 第三季	2001-07-12	22	TV		126503	126505
126505	Family Guy (Season 4)	恶搞之家 第四季	2005-05-02	30	TV		126504	126506
126506	Family Guy (Season 5)	恶搞之家 第五季	2006-09-11	18	TV		126505	126507
126507	Family Guy (Season 6)	恶搞之家 第六季	2007-09-24	12	TV		126506	126508
126508	Family Guy (Season 7)	恶搞之家 第七季	2008-09-29	16	TV		126507	126509
126509	Family Guy (Season 8)	恶搞之家 第八季	2009-09-28	21	TV		126508	126510
126510	Family Guy (Season 9)	恶搞之家 第九季	2010-09-27	18	TV		126509	126511
126511	Family Guy (Season 10)	恶搞之家 第十季	2011-09-26	23	TV		126510	50159
126512	Family Guy (Season 12)	恶搞之家 第十二季	2013-09-30	21	TV		50159	126513
126513	Family Guy (Season 13)	恶搞之家 第十三季	2014-09-29	18	TV		126512	406266
126611	Back to the Future (Season 1)	回到未来 第一季	1991-09-14	13	TV			126612
126612	Back to the Future (Season 2)	回到未来 第二季	1992-09-19	13	TV		126611	
126613	Angry Birds Stella (Season 1)	愤怒的小鸟：史黛拉 第一季	2014-11-01	13	TV			537991
126615	SpongeBob SquarePants (Season 3)	海绵宝宝 第三季	2001-10-05	20	TV		110783	126616
126616	SpongeBob SquarePants (Season 4)	海绵宝宝 第四季	2005-05-06	20	TV		126615	126617
126617	SpongeBob SquarePants (Season 5)	海绵宝宝 第五季	2007-02-19	20	TV		126616	126618
126618	SpongeBob SquarePants (Season 6)	海绵宝宝 第六季	2008-03-03	26	TV		126617	126619
126619	SpongeBob SquarePants (Season 7)	海绵宝宝 第七季	2009-06-01	26	TV		126618	126620
126620	SpongeBob SquarePants (Season 8)	海绵宝宝 第八季	2010-07-08	26	TV		126619	126621
126621	SpongeBob SquarePants (Season 9)	海绵宝宝 第九季	2011-04-03	26	TV		126620	126622
126622	SpongeBob SquarePants (Season 10)	海绵宝宝 第十季	2016-10-15	11	TV		126621	237614
126624	Archer (Season 2)	间谍亚契 第二季	2011-01-28	13	TV		76190	126625
126625	Archer (Season 3)	间谍亚契 第三季	2012-01-20	10	TV		126624	126626
126626	Archer (Season 4)	间谍亚契 第四季	2013-01-18	13	TV		126625	126627
126627	Archer (Season 5)	间谍亚契 第五季	2014-01-14	13	TV		126626	126628
126628	Archer (Season 6)	间谍亚契 第六季	2015-01-09	13	TV		126627	399179
126636	King of the Hill (Season 1)	一家之主 第一季	1997-01-12	12	TV			126637
126637	King of the Hill (Season 2)	一家之主 第二季	1997-09-21	23	TV		126636	126638
126638	King of the Hill (Season 3)	一家之主 第三季	1998-09-15	25	TV		126637	126639
126639	King of the Hill (Season 4)	一家之主 第四季	1999-09-26	24	TV		126638	126640
126640	King of the Hill (Season 5)	一家之主 第五季	2000-10-01	20	TV		126639	126641
126641	King of the Hill (Season 6)	一家之主 第六季	2001-11-11	22	TV		126640	126642
126642	King of the Hill (Season 7)	一家之主 第七季	2002-11-03	23	TV		126641	126643
126643	King of the Hill (Season 8)	一家之主 第八季	2003-11-02	22	TV		126642	126644
126644	King of the Hill (Season 9)	一家之主 第九季	2004-11-07	15	TV		126643	126645
126645	King of the Hill (Season 10)	一家之主 第十季	2005-09-18	15	TV		126644	126647
126647	King of the Hill (Season 11)	一家之主 第十一季	2007-01-28	12	TV		126645	126649
126649	King of the Hill (Season 12)	一家之主 第十二季	2007-09-23	22	TV		126647	126650
126650	King of the Hill (Season 13)	一家之主 第十三季	2008-09-28	20	TV		126649	561715
126700	暴走漫画 第三季	暴走漫画 第三季	2014-03-12	10	WEB		80378	
126705	American Dad! (Season 1)	特工老爹 第一季	2005-02-06	7	TV			126706
126706	American Dad! (Season 2)	特工老爹 第二季	2005-09-11	16	TV		126705	126707
126707	American Dad! (Season 3)	特工老爹 第三季	2006-09-10	19	TV		126706	126708
126708	American Dad! (Season 4)	特工老爹 第四季	2007-09-30	16	TV		126707	126709
126709	American Dad! (Season 5)	特工老爹 第五季	2008-09-28	20	TV		126708	126710
126710	American Dad! (Season 6)	特工老爹 第六季	2009-09-27	18	TV		126709	126711
126711	American Dad! (Season 7)	特工老爹 第七季	2010-10-03	19	TV		126710	126712
126712	American Dad! (Season 8)	特工老爹 第八季	2011-11-06	20	TV		126711	126713
126713	American Dad! (Season 9)	特工老爹 第九季	2012-09-30	19	TV		126712	126714
126714	American Dad! (Season 10)	特工老爹 第十季	2013-09-29	20	TV		126713	126715
126715	American Dad! (Season 11)	特工老爹 第十一季	2014-09-14	3	TV		126714	126716
126716	American Dad! (Season 12)	特工老爹 第十二季	2014-10-20	10	TV		126715	463370
126722	My Little Pony (Season 1)	彩虹小马 第一季	1986-09-15	50	TV		126725	126723
126723	My Little Pony (Season 2)	彩虹小马 第二季	1987-09-07	15	TV		126722	
126725	My Little Pony: The Movie	彩虹小马 电影版	1986-06-20	1	剧场版		645278	126722
126728	My Little Pony: A Very Minty Christmas	我的小马驹：非常薄荷味的圣诞	2005-10-25	1	OVA		645261	126729
126729	My Little Pony: The Princess Promenade	我的小马：公主大道	2006-02-07	1	OVA		126728	126730
126730	My Little Pony Crystal Princess: The Runaway Rainbow	我的小马之水晶公主：消失的彩虹	2006-09-12	1	OVA		126729	126731
126731	My Little Pony: A Very Pony Place	我的小马驹：一个非常小马的地方	2007-02-06	1	OVA		126730	645268
126732	My Little Pony: Twinkle Wish Adventure	我的小马：星星许愿冒险	2009-10-13	1	OVA		645270	
127050	Tinker Bell and the Legend of the NeverBeast	小叮当：永无兽传奇	2014-12-19	1	剧场版		61539	
127124	Barbapapa (Season 2)	巴巴爸爸 第二季	1977-04-04	52	TV		88318	127125
127125	Barbapapa (Season 3)	巴巴爸爸 第三季	1978-10-02	50	TV		127124	
127131	秘密結社 鷹の爪 THE MOVIE ~総統は二度死ぬ~		2007-03-15	1	剧场版		35962	
127138	フューチャーカード バディファイト100	未来卡 搭档对战 100	2015-04-11	50	TV		85558	169990
127166	黑白无双	黑白无双	2015-07-09	12	WEB			193171
127172	にゅるにゅる!!KAKUSENくん 第2期	黏黏糊糊!!角质君 第2期	2015-04-06	13	TV		77551	
127355	新竹取物語 1000年女王	新竹取物语 1000年女王	1981-04-16	42	TV			49266
127448	天行九歌	天行九歌	2016-03-10	60	WEB			281240
127563	ワンパンマン	一拳超人	2015-10-04	12	TV			193619
127573	ゆるゆり さん☆ハイ！	摇曳百合 3☆High!	2015-10-05	12	TV		136311	243787
127779	わが青春のアルカディア	我青春的世外桃源	1982-07-28	1	剧场版			51947
127957	The New Batman Adventures	蝙蝠侠新冒险	1997-09-13	25	TV		12083	96756
127960	Batman: The Brave and the Bold Season 1	蝙蝠侠：英勇无畏 第一季	2008-11-14	26	TV			127961
127961	Batman: The Brave and the Bold Season 2	蝙蝠侠：英勇无畏 第二季	2009-11-20	26	TV		127960	127962
127962	Batman: The Brave and the Bold Season 3	蝙蝠侠：英勇无畏 第三季	2011-03-25	26	TV		127961	
127979	モンスター娘のいる日常	魔物娘的同居日常	2015-07-07	12	TV			169148
128131	Frozen II	冰雪奇缘2	2019-11-22	1	剧场版		93044	479825
128245	あなたをずっとあいしてる	永远永远爱你	2015-06-06	1	剧场版		13014	
128500	Bob's Burgers Season 2	开心汉堡店 第二季	2012-03-11	9	TV		119846	128501
128501	Bob's Burgers Season 3	开心汉堡店 第三季	2012-09-30	23	TV		128500	128502
128502	Bob's Burgers Season 4	开心汉堡店 第四季	2013-09-29	22	TV		128501	128504
128504	Bob's Burgers Season 5	开心汉堡店 第五季	2014-10-05	21	TV		128502	181400
128801	Wake Up, Girls! Beyond the Bottom	Wake Up, Girls! 超越深限	2015-12-11	1	剧场版		119985	201212
128885	新妹魔王の契約者 BURST	新妹魔王的契约者 BURST	2015-10-09	10	TV		100205	228625
128952	劇場版 ハイキュー!! 勝者と敗者	排球少年剧场版 胜者与败者	2015-09-18	1	剧场版		123136	211522
129007	スタミュ	高校星歌剧	2015-10-05	12	TV			175547
129105	ミス・モノクローム -The Animation- 2	黑白小姐 第二季	2015-07-03	13	TV		80778	145775
129222	劇場版 弱虫ペダル	飙速宅男 剧场版	2015-08-28	1	剧场版		134232	
129224	My Little Pony Friendship is Magic Season 5	小马宝莉：友谊就是魔法 第五季	2015-04-04	26	TV		89536	170415
129233	第2回東方M-1ぐらんぷりR	第二届东方M-1漫才大赛 重制版	2014-08-16	1	OVA		96645	62571
129246	映画 ハイ☆スピード！－Free! Starting Days－	电影 High☆Speed! -Free! Starting Days-	2015-12-05	1	剧场版			72109,211616
129805	CHAOS;CHILD	混沌子	2017-01-11	12	TV			212221
129807	シュタインズ・ゲート ゼロ	命运石之门 0	2018-04-11	23	TV		10380	
129823	ジュエルペット マジカルチェンジ	宝石宠物 Magical Change	2015-04-04	39	TV		96775	
129844	ダイヤのA -SECOND SEASON-	钻石王牌 第二季	2015-04-06	51	TV		73083	267615
129927	The Amazing World of Gumball Season 1	阿甘妙世界 第一季	2011-05-03	36	TV			129928
129928	The Amazing World of Gumball Season 2	阿甘妙世界 第二季	2012-08-07	40	TV		129927	129929
129929	The Amazing World of Gumball Season 3	阿甘妙世界 第三季	2014-06-05	40	TV		129928	155120
129942	Robot chicken Season 2	机器鸡 第二季	2006-04-02	20	TV		77591	129943
129943	Robot chicken Season 3	机器鸡 第三季	2007-08-12	20	TV		129942	129948
129948	Robot chicken Season 4	机器鸡 第四季	2008-12-07	20	TV		129943	129949
129949	Robot Chicken Season 5	机器鸡 第五季	2010-12-12	20	TV		129948	129950
129950	Robot Chicken Season 6	机器鸡 第六季	2012-09-16	20	TV		129949	129951
129951	Robot Chicken Season 7	机器鸡 第七季	2014-04-13	19	TV		129950	213760
129953	Robot Chicken: Star Wars	机器鸡：星战特辑	2007-06-17	1	TV			129954
129954	Robot Chicken: Star Wars Episode II	机器鸡：星战特辑第二辑	2008-11-16	1	TV		129953	129955
129955	Robot Chicken: Star Wars Episode III	机器鸡：星战特辑3	2010-12-19	1	TV		129954	
129988	ノラガミ ARAGOTO	野良神 ARAGOTO	2015-10-02	13	TV		82572	
130039	自慰倒錯 〜好奇心〜	自慰倒错 ～好奇心～	2002-07-19	1	OVA	1		82133
130059	X-Men Season 1	X战警 第一季	1992-10-31	76	TV			585199
130098	Moana	海洋奇缘	2016-11-23	1	剧场版			479822
130113	Fantastic Four (Season 1)	神奇四侠	1994-09-24	13	TV			130114
130114	Fantastic Four (Season 2)		1995-09-23	13	TV		130113	
130129	Spider-Man Season 1 (1967)	蜘蛛人 第一季	1967-09-09	20	TV			287123
130131	Spider-Man Season 1	蜘蛛侠 第一季	1994-11-19	13	TV			287125
130133	X-Men: Evolution Season 1	X战警：进化 第一季	2000-11-04	52	TV			585210
130165	Batman vs. Robin	蝙蝠侠大战罗宾	2015-04-07	1	OVA		94335,119389	140656
130230	蒼穹のファフナー EXODUS 第2クール	苍穹之法芙娜 EXODUS 第2部分	2015-10-02	13	TV		60901	204623
130231	アイドルマスター シンデレラガールズ 2ndシーズン	偶像大师 灰姑娘女孩 第二季	2015-07-17	12	TV		101399	
130234	グリザイアの楽園	灰色的乐园	2015-04-19	10	TV		121187	
130250	学戦都市アスタリスク	学战都市 六芒星	2015-10-03	12	TV			147613
130294	あい☆きゃん～はめドル・レイナ〜囁く憎棒に拒み潤う媚肉♥～	我☆能行 蕾娜篇	2015-04-24	1	OVA	1	35937	
130344	超神学院 第三季 神与神	超神学院 第三季 神与神	2015-01-30	10	WEB		110919	165589
130364	勇者大冒险	勇者大冒险	2015-03-31	26	WEB			167386
130400	デュエル・マスターズ VSR	决斗大师VSR	2015-04-05	51	TV		175430	175433
130452	てーきゅう 5期	网球并不可笑嘛 5期	2015-07-06	12	TV		91322	143751
130745	阿里巴巴：大盗奇兵		2015-05-23	1	剧场版			178596
130750	Le Voyage extraordinaire de Samy	萨米大冒险	2010-08-04	1	剧场版			130756
130756	Sammy's avonturen 2	萨米大冒险2	2012-08-15	1	剧场版		130750	
130758	Alpha and Omega	丛林有情狼	2010-09-17	1	剧场版			130765
130762	Niko 2: Lentäjäveljekset	极地大冒险2	2012-10-12	1	剧场版		119849	
130765	Alpha and Omega 2: A Howl-iday Adventure	丛林有情狼2	2013-10-08	1	剧场版		130758	
130787	Space Chimps	太空黑猩猩	2008-07-17	1	剧场版			130789
130789	Space Chimps 2: Zartog Strikes Back	太空黑猩猩2	2010-05-28	1	剧场版		130787	
130790	辛巴达历险记2013		2013-05-31	1	剧场版			130890
130795	生肖传奇之十二生肖总动员	生肖传奇之十二生肖总动员	2010-08-02	52	TV		333304	
130809	潜艇总动员		2008-05-30	1	剧场版			130810
130810	潜艇总动员2		2012-06-01	1	剧场版		130809	130812
130812	潜艇总动员3：彩虹宝藏		2013-05-31	1	剧场版		130810	130946
130813	太空熊猫历险记		2013-12-28	1	剧场版			130892
130890	辛巴达历险记2		2014-05-30	1	剧场版		130790	
130892	太空熊猫总动员		2014-05-31	1	剧场版		130813	164073
130946	潜艇总动员4：章鱼奇遇记		2014-05-30	1	剧场版		130812	134423
130953	赛尔号大电影：寻找凤凰神兽		2011-07-28	1	剧场版			134469
131172	戦国魔神ゴーショーグン 時の異邦人	战国魔神豪将军 时之异邦人	1985-04-27	1	剧场版		37256	
131225	我叫白小飞	我叫白小飞	2015-04-16	39	WEB		62115	
131427	名探偵コナン 純黒の悪夢	名侦探柯南 纯黑的恶梦	2016-04-16	1	剧场版		119187	198962
131626	UFO学園の秘密	UFO学园的秘密	2015-10-10	1	剧场版			264127
131717	新あたしんち	新我们这一家	2015-10-06	26	TV		40388	
131779	Finding Dory	海底总动员2：多莉去哪儿	2016-06-17	1	剧场版		25075	
131891	暗殺教室 第2期	暗杀教室 第二季	2016-01-07	25	TV		106818	
132149	Intolerance II: The Invasion	不可容忍：入侵	2001-10-25				132151	132198
132151	Intolerance	不容异说	2000-10-01					132149
132166	白雪公主之神秘爸爸		2015-08-14	1	剧场版		218209	
132197	Shaun the Sheep Movie	小羊肖恩	2015-02-06	1	剧场版			306381
132198	Intolerance III: The Final Solution	不容异说3：最终的解决方案	2004-06-14				132149	
132212	SUPER LOVERS	超级恋人	2016-04-06	10	TV			184727
132220	ドラゴンボール超	龙珠超	2015-07-05	131	TV		9005	240287,623233
132368	The Yankee Doodle Mouse	扬基都德鼠	1943-06-26	1	剧场版		262698	262699
132370	Mouse Trouble	老鼠的麻烦	1944-11-23	1	剧场版		262703	275358
132372	Quiet Please!	请安静！	1945-12-22	1	剧场版		262828	262830
132373	The Cat Concerto	猫的协奏曲	1947-04-26	1	剧场版		262837	243244
132376	The Little Orphan	小孤儿	1949-04-30	1	剧场版		275351	243268
132380	The Two Mouseketeers	两个火枪鼠	1952-03-15	1	剧场版		634589	634613
132382	Johann Mouse	老鼠约翰	1953-02-17	1	剧场版		634631	634633
132399	The Pink Phink	粉红豹	1964-12-18	1	剧场版			117480
132403	Winnie the Pooh and the Blustery Day	小熊维尼与大风吹	1968-12-20	1	剧场版		316285	243341
132422	Wallace & Gromit: The Wrong Trousers	超级无敌掌门狗：引鹅入室	1993-12-03	1	剧场版		1040	132427,531593
132427	Wallace & Gromit: A Close Shave	超级无敌掌门狗：剃刀边缘	1995-12-24	1	剧场版		132422	1039,530007
132580	コードギアス 亡国のアキト 最終章「愛シキモノタチヘ」	Code Geass 亡国的阿基德 最终章「致我所爱」	2016-02-06	1	剧场版		113887	
132725	Usavich ZERO	监狱兔 前传	2015-04-10	13	TV			1373
132734	冴えない彼女の育てかた ♭	路人女主的养成方法 ♭	2017-04-06	12	TV		100403	231497
132736	ファインダーの隻翼	探索者的羽翼	2015-08-28	1	OVA		36264	
132770	ふうせんいぬティニー 第2シリーズ	气球狗迪尼 第二期	2015-09-25	26	TV		99092	
132817	ケンガンアシュラ	拳愿阿修罗	2019-07-31	12	WEB			289031
132981	神撃のバハムート VIRGIN SOUL	巴哈姆特之怒 VIRGIN SOUL	2017-04-07	24	TV		91986,209956	
133215	キン肉マン キン肉星王位争奪編	金肉人 金肉星王位争夺篇	1991-10-06	46	TV		41982	424853
133217	キン肉マンII世	格斗金肉人二世	2002-01-09	51	TV			133219
133219	キン肉マンII世 ULTIMATE MUSCLE	格斗金肉人二世 ULTIMATE MUSCLE	2004-04-07	13	TV		133217	133220
133220	キン肉マンII世 ULTIMATE MUSCLE 2	格斗金肉人二世 ULTIMATE MUSCLE 2	2006-01-04	13	TV		133219	
133396	Oggy et les Cafards season 2	肥猫大战三小强 第二季	2000-09-04	78	TV		117468	133398
133398	Oggy et les Cafards season 3	肥猫大战三小强 第三季	2008-10-18	39	TV		133396	133402
133402	Oggy et les Cafards season 4	肥猫大战三小强 第四季	2012-06-02	74	TV		133398	
133510	ゲゲゲの鬼太郎	鬼太郎第二季	1971-10-07	45	TV		40379	53789
133608	モンスターストライク	怪物弹珠	2015-10-10	14	WEB		187935	173691
133675	がぁ～でぃあんHearts	守护之心	2003-05-23	6	OVA			133676
133676	がぁ～でぃあんHearts ぱわーあっぷ!	守护之心Power UP！	2005-01-28	4	OVA		133675	
133860	Zootopia	疯狂动物城	2016-03-04	1	剧场版			419613
134038	BIKINI WARRIORS	比基尼勇士	2015-07-07	12	TV			187800
134232	弱虫ペダル Re:ROAD	飙速宅男 Re:ROAD	2015-06-12	1	剧场版		110062	129222,219485
134423	潜艇总动员5：时光宝盒		2015-05-29	1	剧场版		130946	311384
134428	三只小猪与神灯		2015-06-27	1	剧场版			218241
134435	金箍棒传奇	金箍棒传奇	2012-12-29	1	剧场版			134436
134436	金箍棒传奇2：沙僧的逆袭	金箍棒传奇2：沙僧的逆袭	2015-05-29	1	剧场版		134435	
134459	洛克王国之圣龙骑士		2011-09-30	1	剧场版			134461
134461	洛克王国2：圣龙的心愿		2013-01-31	1	剧场版		134459	134462
134462	洛克王国3：圣龙的守护		2014-07-10	1	剧场版		134461	134463
134463	洛克王国4：出发！巨人谷		2015-08-13	1	剧场版		134462	
134468	黑猫警长之翡翠之星		2015-08-07	1	剧场版		5868,19017	
134469	赛尔号大电影2：雷伊与迈尔斯		2012-06-28	1	剧场版		130953	134470
134470	赛尔号大电影3：战神联盟		2013-07-12	1	剧场版		134469	134471
134471	赛尔号大电影4：圣魔之战		2014-07-10	1	剧场版		134470	134473
134473	赛尔号大电影5：雷神崛起		2015-07-23	1	剧场版		134471	463615
134543	幻想万華鏡 花の異変の章 ～『東方花映塚』より～	幻想万华镜 花之异变之章	2015-05-24	2	OVA		74625	183522
134951	クイーンズブレイド グリムワール	女王之刃 魔法书	2016-01-29	2	OVA		33354	236163
134960	メイプルタウン物語	枫叶镇物语	1986-01-19	52	TV			134961
134961	新メイプルタウン物語 パームタウン編	新枫叶镇物语 棕榈镇篇	1987-01-18	50	TV		134960	
134971	スーパービックリマン	超仙魔大战	1992-05-17	44	TV		81574	339977
135195	はじめの一歩 Champion Road	第一神拳 冠军之路	2003-04-18	1	TV		10419	3641
135275	この素晴らしい世界に祝福を！	为美好的世界献上祝福！	2016-01-13	10	TV			174043
135802	Kunoichi - Broken Princess	女忍：堕落的公主	2014-11-28	1		1		155017
135805	亜人 -衝動-	亚人 -冲动-	2015-11-27	1	剧场版			136225
135809	ピカイア！	皮卡虫！	2015-04-29	13	TV		100434	210806
135974	Ultimate Spider-Man vs. the Sinister 6	终极蜘蛛侠 第四季：大战邪恶六人组	2016-02-21	26	TV		106177	
135992	キュートランスフォーマー さらなる人気者への道	Q版变形金刚 更高人气者之路	2015-07-06	13	TV		117640	
136048	1000ちゃんねる	1000酱！SSD	2015-06-02	6	WEB		136058	196702
136058	1000ちゃん	1000酱！	2014-05-01	8	WEB			136048
136125	Sofia the First: Once Upon a Princess	小公主苏菲亚：公主传奇	2012-11-18	1	TV			118473
136225	亜人 -衝突-	亚人 -冲突-	2016-05-06	1	剧场版		135805	136226
136226	亜人 -衝戟-	亚人 -冲戟-	2016-09-23	1	剧场版		136225	
136311	ゆるゆり なちゅやちゅみ!+	摇曳百合 夏日时光！+	2015-08-20	2	TV		99796	127573
136336	うたわれるもの 偽りの仮面	传颂之物 虚伪的假面	2015-10-03	25	TV		1044	293008
136371	Tales of Zestiria the X	情热传说 the X	2016-07-03	13	TV			186184
136605	最后的魁拔				剧场版		74901	
136756	星游记之风暴法米拉	星游记之风暴法米拉	2017-08-11	1	WEB		4884	231578
136775	DC Showcase: The Spectre	DC展台：幽灵	2010-02-23	1	OVA			136776
136776	DC Showcase: Jonah Hex	DC展台：乔纳·海克斯	2010-07-27	1	OVA		136775	136778
136777	DC Showcase: Green Arrow	DC展台：绿箭	2010-09-28	1	OVA		136778	136780
136778	DC Showcase: Superman/Shazam! - The Return of Black Adam	DC展台：超人与沙赞之黑亚当归来	2010-09-09	1	OVA		136776	136777
136780	DC Showcase: Catwoman	DC展台：猫女	2011-10-18	1	OVA		136777	
136857	Red Hot Riding Hood	热辣小红帽	1943-05-08	1	剧场版			280526
137062	普通の女子校生が【ろこどる】やってみた。 OVA	普通女高中生要做当地偶像 OVA	2015-12-24	2	OVA		94236	
137099	はだしのゲン2	赤脚阿元2	1986-06-14	1	剧场版		54297	
137287	森の伝説	森林传说	1988-02-13	1	剧场版			207105
137313	Star Wars The Clone Wars Season 1	星球大战：克隆战争 第一季	2008-10-03	22	TV		213428	137314
137314	Star Wars The Clone Wars Season 2	星球大战：克隆战争 第二季	2009-10-02	22	TV		137313	137315
137315	Star Wars The Clone Wars Season 3	星球大战：克隆战争 第三季	2010-09-17	22	TV		137314	137316
137316	Star Wars The Clone Wars Season 4	星球大战：克隆战争 第四季	2011-09-16	22	TV		137315	137317
137317	Star Wars The Clone Wars Season 5	星球大战：克隆战争 第五季	2012-09-29	20	TV		137316	137318
137318	Star Wars The Clone Wars Season 6	星球大战：克隆战争 第六季	2014-02-15	13	TV		137317	295039
137371	Wallace & Gromit : A Matter of Loaf and Death	超级无敌掌门狗：面包与死亡事件	2008-12-25	1			1039	
137376	Masters of Animation Season 1	动画大师 第一季		3	TV			137377
137377	Masters of Animation Season 2	动画大师 第二季		3	TV		137376	137378
137378	Masters of Animation Season 3	动画大师 第三季		4	TV		137377	137379
137379	Masters of Animation Season 4	动画大师 第四季		3	TV		137378	
137504	汽车人总动员	汽车人总动员	2015-07-03	1	剧场版			305981
137518	糖果世界大冒险		2016-05-27	1	剧场版		65731	
137522	西游新传		2010-11-06	1	剧场版			137526
137526	西游新传2：真心话大冒险		2015-07-03	1	剧场版		137522	
137527	龙之谷	龙之谷	2015-08-20	1	WEB		95810	
137532	小猪班纳之梦想大帽险		2015-06-27	1	剧场版		560058	
137693	ベイブレード バースト	霸旋陀螺 爆刃对决	2016-04-04	51	TV			208756
137892	The Secret Life of Pets	爱宠大机密	2016-07-08	1	剧场版			285724
137894	かみさまみならい ヒミツのここたま 第1シリーズ	见习神明 秘密的心灵 第一部	2015-10-01	76	TV			210465
137937	狐妖小红娘 下沙篇	狐妖小红娘1 下沙篇	2015-06-26	13	WEB			281271
137940	灵域	灵域	2015-10-22	10	WEB			169700
138180	RWBY Volume 3	红白黑黄 第三季	2015-10-24	12	WEB		95445	186257
138189	Batman Unlimited: Animal Instincts	蝙蝠侠无限: 动物本能	2015-05-12	1	OVA			183494
138440	初恋モンスター	初恋怪兽	2016-07-02	12	TV			192377
138600	民间鬼术	民间鬼术	2015-05-14	20	WEB			178341
138699	Bad Days Season 3			13	WEB		77085	
138754	うたの☆プリンスさまっ♪ マジLOVEレジェンドスター	歌之王子殿下 真爱LEGEND STAR	2016-10-01	13	TV		89488	203863
138829	終物語	终物语	2015-10-03	13	TV		115932	146104
138834	雨色ココア Rainy colorへようこそ！	雨色可可 欢迎来到Rainy color！	2015-10-04	12	TV		120701	181089
139015	反转星球		2017-10-01	1	剧场版		74900	
139022	コンクリート・レボルティオ～超人幻想～	Concrete Revolutio 超人幻想	2015-10-04	13	TV			160271
139046	PERSONA3 THE MOVIE #4 Winter of Rebirth	女神异闻录3 剧场版 第四章 重生之冬	2016-01-23	1			117151	
139081	十万个冷笑话 第三季	十万个冷笑话 第三季	2015-12-31	49	WEB		90175	
139137	クラシカロイド	克拉斯卡劳埃德	2016-10-08	25	TV			212315
139317	アイカツ!2年目	偶像活动 第二年	2013-10-03	51	TV		46458	139318
139318	アイカツ!3年目	偶像活动 第三年	2014-10-02	51	TV		139317	141616
139324	機動戦士ガンダム 鉄血のオルフェンズ	机动战士高达 铁血的奥尔芬斯	2015-10-04	25	TV			170191
139339	わがまま☆フェアリー ミルモでポン! ごおるでん	魔法咪路咪路Golden	2003-10-07	24	TV		23443	139340
139340	わがまま☆フェアリー ミルモでポン! わんだほう	魔法咪路咪路Wonderful	2004-04-06	48	TV		139339	139341
139341	わがまま☆フェアリー ミルモでポン! ちゃあみんぐ	魔法咪路咪路Charming	2005-04-19	22	TV		139340	
139358	Licca ふしぎな不思議なユーニア物語	丽佳娃娃不可思议的奇幻故事	1990-11-23	2	OVA			112466
139360	ガンバとカワウソの冒険	刚巴和水獭的冒险	1991-07-20	1	剧场版		10397,314865	
139400	おでまし小魔神フーパ	出来吧小魔神 胡帕	2015-06-19	1	OVA			108820
139408	おそ松さん	阿松	2015-10-05	25	TV			212609
139475	不肖・秋山優花里の戦車講座	不才・秋山优花里的战车讲座	2012-12-21	6	OVA			191302
139478	ギターを持った少年 -キカイダーVSイナズマン-	背着吉他的少年 -电脑奇侠 VS 闪电超人-	2003-09-18	1	OVA		28238	
139670	映画ドラえもん 新・のび太の日本誕生	哆啦A梦：新·大雄的日本诞生	2016-03-05	1	剧场版		108093	187132
139719	鬼父 Refresh		2015-08-14	4	OVA	1	85032	
139786	12歳。 第2期	12岁 第二季	2015-07-03	4	OVA		101268	
139830	ファンタシースターオンライン2 the ANIMATION	梦幻之星online2	2016-01-07	12	TV		277217	
139950	金田一少年の事件簿R 新シリーズ	金田一少年事件簿R 2期	2015-10-03	22	TV		96861	
139958	ウェディングピーチDX	婚纱桃子DX	1996-11-29	4	OVA		26266	
139964	SERVAMP -サーヴァンプ-	吸血鬼仆人	2016-07-05	12	TV			229938
140001	Re:ゼロから始める異世界生活	Re：从零开始的异世界生活	2016-04-03	25	TV			278826
140020	ずっと前から好きでした。～告白実行委員会～	从很久以前就喜欢你了。～告白实行委员会～	2016-10-26	1	剧场版			175543
140075	My Little Pony Equestria Girls: Friendship Games	小马宝莉：友谊大赛	2015-09-26	1	剧场版		114612	189868
140217	择天记	择天记	2015-07-15	13	WEB			177248
140307	ポケモン・ザ・ムービーXY＆Z ボルケニオンと機巧のマギアナ	剧场版宝可梦XY&Z: 波尔凯尼恩与机巧的玛机雅娜	2016-07-16	1	剧场版		108820	202242
140626	Shaun the Sheep Season 3	小羊肖恩 第三季	2013-02-25	20	TV		26225	140627
140627	Shaun the Sheep Season 4	小羊肖恩 第四季	2014-02-03	30	TV		140626	439340
140656	Batman: Bad Blood	蝙蝠侠：血脉恩仇	2016-01-20	1	OVA		130165	167721
141078	牙狼 -紅蓮ノ月-	牙狼 红莲之月	2015-10-09	24	TV			241154
141347	라바 시즌	爆笑虫子 第一季	2011-03-26	52	TV			141352
141352	라바 시즌 2기	爆笑虫子 第二季	2013-01-05	52	TV		141347	144120
141530	Rick and Morty Season 2	瑞克和莫蒂 第二季	2015-07-26	10	TV		93377	146457
141562	スライム冒険記 ～海だ、イエー～	史莱姆冒险记 ～是海耶～	1999-12-18	1	OVA		290935	
141588	オシリスの天秤	欧西里斯的天秤	2015-08-01	10	WEB			177664
141595	傀儡哀～瞳裸外伝～		2001-07-18	1	OVA	1	91210,107920	
141613	Wakfu : La quête des six Dofus Eliatropes		2014-10-08	3	OVA		96894	171938
141616	アイカツ!4年目	偶像活动 第四年	2015-10-01	26	TV		139318	377962,404427
141617	Goultard le Barbare			1	OVA			92704
141620	Dofus : Aux trésors de Kerubim	Dofus：克鲁布的宝物	2013-01-05	52	TV			186947
141691	暴走恐怖故事 第2季	暴走恐怖故事 第二季	2015-01-13	14	TV		141709	207418
141709	暴走恐怖故事	暴走恐怖故事 第一季	2014-07-11	10	TV			141691
141852	We Bare Bears	咱们裸熊	2015-07-27	26	TV			170557
142282	古代王者 恐竜キング Dキッズ・アドベンチャー	古代王者 恐龙王	2007-02-04	49	TV			211559
142994	Miraculous Ladybug Season 1	瓢虫雷迪 第一季	2015-09-01	26	TV			230190
143093	劇場版 艦これ	舰队Collection 剧场版	2016-11-26	1	剧场版		84386	
143099	美男高校地球防衛部LOVE！LOVE！	美男高校地球防卫部LOVE！LOVE！	2016-07-07	12	TV		114394	211562
143149	Teen Titans Go! (Season 3)	少年泰坦出击 第三季	2015-07-31	53	TV		105590	230271
143387	禽兽超人		2015-05-27	12	WEB		123308	187571
143400	Wander Over Yonder Season 2	星际漫步 第二季	2015-08-03	40	TV		123444	
143558	テラフォーマーズ リベンジ	火星异种 REVENGE	2016-04-01	13	TV		96787	202165
143659	魔晶猎人	魔晶猎人	2014-08-28	26	WEB			143662
143662	魔晶猎人 第二季	魔晶猎人 第二季	2015-04-30	28	WEB		143659	187050
143694	銀河英雄伝説 Die Neue These 邂逅	银河英雄传说 Die Neue These 邂逅	2018-04-03	12	TV			226218
143740	うしおととら 第2期	潮与虎 第二季	2016-04-01	13	TV		124185	
143751	てーきゅう 6期	网球并不可笑嘛 6期	2015-10-05	12	TV		130452	159365
144041	口水三国	口水三国	2014-09-30	120	WEB			212364
144087	Bojack Horseman Season 2	马男波杰克2	2015-07-17	12	WEB		124649	186881
144120	라바 시즌 3기	爆笑虫子 第三季	2014-08-04	26	TV		141352	662700
144357	文豪ストレイドッグス	文豪野犬	2016-04-06	12	TV			171068
144414	DD北斗の拳2 イチゴ味+	DD北斗神拳2 草莓味+	2015-10-06	12	TV		62946	
144465	探偵オペラ ミルキィホームズ ～逆襲のミルキィホームズ～	侦探歌剧 少女福尔摩斯 ～逆袭的少女福尔摩斯～	2016-02-27	1	剧场版			182886
144562	World of Tomorrow	今夕何夕	2015-01-22	1	剧场版			536255
144632	Regular Show (season 7)	天兵公园 第七季	2015-06-26	39	TV		121867	192791
144634	Regular Show (Pilot)	天兵公园 试播集	2009-08-14	1	TV			92922
144843	ハイスクール・フリート	高校舰队	2016-04-09	12	TV			193509
144846	ONE PIECE FILM GOLD	航海王之黄金城	2016-07-23	1	剧场版			258349
144967	神明之胄	神明之胄	2015-12-02	12	WEB			183282
145129	あにトレ！EX	动画锻炼！EX	2015-10-12	12	TV			188453
145131	火星娃勇闯魔晶岛	火星娃勇闯魔晶岛	2007-08-01	52	TV			262714
145365	Mr. Pickles	腌黄瓜先生	2014-09-21	11	TV			202884
145407	赤髪の白雪姫 第2クール	赤发白雪姬 第2部分	2016-01-11	12	TV		126034	
145667	血液型くん！3	血型君3	2015-10-12	12	TV		116651	159892
145735	影鰐-KAGEWANI-	影鳄	2015-10-02	13	TV			168559
145775	ミス・モノクローム -The Animation- 3	黑白小姐 第三季	2015-10-02	13	TV		129105	
145912	どうしても干支にはいりたい	无论如何都想加入生肖	2015-10-11	13	TV			318582
145946	魔法少女育成計画	魔法少女育成计划	2016-10-01	12	TV			418229
145951	Steven Universe Season 2	史蒂文的宇宙 第二季	2015-03-13	26	TV		96380	186254
146093	亜人	亚人	2016-01-15	13	TV			181640
146104	暦物語	历物语	2016-01-09	12	WEB		138829	175596
146181	妖怪名单 第二季	妖怪名单 第二季	2017-08-03	20	WEB		116045	
146404	カードファイト!! ヴァンガードG ギアースクライシス編	卡片战斗先导者G 齿轮危机篇	2015-10-11	26	TV		115204	175309
146408	ポケットモンスターXY&Z	宝可梦XY&Z	2015-10-29	47	TV		78799,99889	192680
146457	Rick and Morty Season 3	瑞克和莫蒂 第三季	2017-04-01	10	TV		141530	246238
146503	境界のRINNE 第2シリーズ	境界的轮回 第二季	2016-04-09	25	TV		117731	193452
146732	GRANBLUE FANTASY The Animation	碧蓝幻想	2017-04-01	12	TV			227980
146737	逆転裁判 ～その『真実』、異議あり！～	逆转裁判	2016-04-02	24	TV			240499
146861	从前有座灵剑山	从前有座灵剑山	2016-01-08	12	WEB			175432
146923	South Park Season 19	南方公园 第19季	2015-09-16	10	TV		114161	177094
146994	だがしかし	粗点心战争	2016-01-07	12	TV			221490
147036	GATE 自衛隊 彼の地にて、斯く戦えり 炎龍編	GATE 奇幻自卫队 炎龙篇	2016-01-08	12	TV		120445	568121
147068	3月のライオン	3月的狮子	2016-10-08	22	TV			211567
147085	怪盗ジョーカー シーズン3	怪盗Joker3	2016-04-04	13	TV		122864	185825
147147	劇場版 黒子のバスケ LAST GAME	剧场版 黑子的篮球 终极一战	2017-03-18	1	剧场版		104949,171122	
147343	The Angry Birds Movie	愤怒的小鸟	2016-05-13	1	剧场版			216461
147364	ノラガミ ARAGOTO OAD	野良神 ARAGOTO OAD	2015-11-17	2	OVA		84864	
147365	神様はじめました～過去編～	元气少女缘结神 过去篇	2015-08-20	4	OVA		109724	183394
147466	Fate/kaleid liner プリズマ☆イリヤ ドライ!!	Fate/kaleid liner 魔法少女☆伊莉雅 3rei!!	2016-07-06	12	TV		113134	306971
147536	咕噜咕噜美人鱼	咕噜咕噜美人鱼	2015-12-12	1	剧场版			565682
147568	Rewrite		2016-07-02	13	TV			193562
147613	学戦都市アスタリスク 2nd SEASON	学战都市 六芒星 第二季	2016-04-02	12	TV		130250	
147683	美少女戦士セーラームーンCrystal 第3期	美少女战士Crystal 第三季	2016-04-04	13	TV		147686	207461
147686	美少女戦士セーラームーンCrystal 第2期	美少女战士Crystal 第二季	2015-01-17	13	WEB		43523	147683
147706	疯味英雄		2015-09-16	13	WEB			194822
147920	那年那兔那些事儿 第二季		2015-10-09	12	WEB		125899	180485
148036	傷物語〈Ⅱ 熱血篇〉	伤物语〈Ⅱ 热血篇〉	2016-08-19	1	剧场版		7707	148037
148037	傷物語〈Ⅲ 冷血篇〉	伤物语〈Ⅲ 冷血篇〉	2017-07-12	1	剧场版		148036	
148046	The Simpsons Season 27	辛普森一家 第二十七季	2015-09-27	22	TV		114954	194395
148099	劇場版 ソードアート・オンライン -オーディナル・スケール-	刀剑神域 序列之争	2017-02-18	1	剧场版		92382	225604
148100	シンドバッド 魔法のランプと動く島	辛巴达 魔法之灯和移动岛	2016-01-16	1	剧场版		123270	174533
148142	あまんちゅ！	蓝海少女	2016-07-08	12	TV			229947
148181	弱虫ペダル NEW GENERATION	飙速宅男 新世代	2017-01-09	25	TV		104468	217629
148193	霹霹乐翻天	霹霹乐翻天		52	TV			590665
148226	KING OF PRISM by PrettyRhythm	绫镜少男 KING OF PRISM by PrettyRhythm	2016-01-09	1	剧场版			192559
148229	対魔忍アサギ2	对魔忍阿莎姬2	2015-10-30	2	OVA	1	70295	199274
148233	アクティヴレイド -機動強襲室第八係-	Active Raid -机动强袭室第八课-	2016-01-07	12	TV			160220
148235	Marvel's Guardians of the Galaxy Season 1	银河守护者 第一季	2015-09-05	26	TV			226644
148241	魔法少女なんてもういいですから。	魔法少女什么的已经够了啦。	2016-01-11	12	TV			189415
148295	茶啊二中	茶啊二中	2014-09-03	10	WEB			148296
148296	茶啊二中第二季	茶啊二中第二季	2015-08-17	10	WEB		148295	191336
148319	三毛流浪记		2006-01-26	26	TV			344748
148389	黒執事 Book of the Atlantic	黑执事 豪华客船篇	2017-01-21	1	剧场版		100511	444049
148436	アルスラーン戦記 風塵乱舞	亚尔斯兰战记 风尘乱舞	2016-07-03	8	TV		116871	
148481	東京喰種トーキョーグール：re	东京喰种:re	2018-04-03	12	TV		115292	244878
148631	ハックルベリィの冒険	哈克历险记	1976-01-02	26	TV		23611	
148702	火力少年王3 动画版	火力少年王3 动画版		40	TV			148705
148703	火力少年王之传奇再现		2014-09-09	40	TV			148704
148704	火力少年王之传奇再现续集		2015-03-28	26	TV		148703	
148705	火力少年王3 动画版第二部	火力少年王3 动画版第二部		40	TV		148702	
148729	バイオハザード ヴェンデッタ	生化危机 复仇	2017-05-27	1	剧场版		49270	419426
149539	丙级超人快递侠	丙级超人快递侠	2015-08-11	6	WEB			185211
149647	Sofia the First (Season 3)	小公主苏菲亚 第三季	2015-08-05	26	TV		118474	323398
149983	磯部磯兵衛物語	矶部矶兵卫物语	2015-12-12	33	WEB			203027
150246	フルメタル・パニック! Invisible Victory	全金属狂潮 Invisible Victory	2018-04-13	12	TV		337	
150490	ジョジョの奇妙な冒険 ダイヤモンドは砕けない	JOJO的奇妙冒险 不灭钻石	2016-04-01	39	TV		113292	235128
150775	NEW GAME!		2016-07-04	12	TV			208908
150810	The Boondocks Season 1	乡下人 第一季	2005-11-06	15	TV			181010
150955	僕のヒーローアカデミア	我的英雄学院	2016-04-03	13	TV			185761
151100	西游记之大圣闹天宫				剧场版			123281
151345	機動戦士ガンダム サンダーボルト	机动战士高达 雷霆宙域	2015-12-25	4	WEB			198380
151502	福五鼠之三十六计		2008-08-20	36	TV			151503
151503	福五鼠之孙子兵法			26	TV		151502	151504
151504	福五鼠之战国风云			26	TV		151503	414188
151721	奇奇颗颗历险记	奇奇颗颗历险记	2006-09-28	52	TV			205518
152055	牝教師4 ～穢された教壇～	牝教师4～被玷污的教坛～	2015-10-30	6	OVA	1	62488	
152091	響け！ユーフォニアム2	吹响吧！上低音号 第二季	2016-10-05	13	TV		115908,152092	216371,216372
152092	劇場版 響け！ユーフォニアム～北宇治高校吹奏楽部へようこそ～	剧场版 吹响吧！上低音号～欢迎来到北宇治高中吹奏乐部～	2016-04-23	1	剧场版			152091,211089
152365	劇場版 Gのレコンギスタ I 行け！コア・ファイター	剧场版 高达Reconguista in G I 去吧！核心战机	2019-11-29	1	剧场版			286124
152567	闇芝居 第3期	暗芝居 第三季	2016-01-10	13	TV		95824	199827
152691	Adventure Time season 7	探险活宝 第七季	2015-11-02	39	TV		104521	194300
153196	全职高手	全职高手	2017-04-07	12	WEB		250148	217235,221020
153197	斗破苍穹	斗破苍穹	2017-01-07	12	WEB			212361
153214	ブブキ・ブランキ	舞兵器舞乱伎	2016-01-09	12	TV			170772
154073	SHOW BY ROCK!!#	SHOW BY ROCK!! 第二季	2016-10-02	12	TV		112905	302802
154571	The Snorks	海底小精灵		52	TV			242316
154748	ポポロクロイス	波波罗王国	2003-10-05	26	TV		4599	
154971	GANTZ:O	杀戮都市：O	2016-10-14	1	剧场版		2750	
155017	Kunoichi 2: Fall of the Shrinemaiden	女忍2：落入圣殿的处女	2015-11-13	1		1	135802	270487
155120	The Amazing World of Gumball Season 4	阿甘妙世界 第四季	2015-07-07	40	TV		129929	194277
155359	BLAME!	特工次世代	2017-05-20	1	剧场版			217287
156591	镇魂街	镇魂街	2016-04-28	24	WEB			233547,298525
156731	牙狼〈GARO〉-DIVINE FLAME-	牙狼 神之火焰	2016-05-21	1	剧场版		88741	
156734	デジモンアドベンチャー tri. 第2章「決意」	数码宝贝大冒险 tri. 第二章「决意」	2016-03-12	4	剧场版		109739	165892
157209	ビーストウォーズII 超生命体トランスフォーマー	变形金刚：野兽之战2	1998-04-01	43	TV			157214
157214	ビーストウォーズネオ 超生命体トランスフォーマー	变形金刚 野兽之战新传	1999-02-03	35	TV		157209	209625
157922	天地無用! 魎皇鬼 第四期	天地无用! 魉皇鬼 第4期	2016-11-30	4	OVA		54258	288746
158043	爱神巧克力ing	爱神巧克力	2015-12-02	15	WEB			174222
158316	モブサイコ100	灵能百分百	2016-07-11	12	TV			240760
158415	ダンガンロンパ3 -The End of 希望ヶ峰学園- 未来編	弹丸论破3 -The End of 希望之峰学园- 未来篇	2016-07-11	12	TV		56093	193446
159159	あんさんぶるスターズ！	偶像梦幻祭	2019-07-07	24	TV			358909
159335	クレヨンしんちゃん 爆睡!ユメミーワールド大突撃	蜡笔小新：梦境世界大突击	2016-04-16	1	剧场版		122890	195185
159355	Teenage Mutant Ninja Turtles Season 4	忍者神龟 2012 第四季	2015-10-25	26	TV		115048	226239
159365	てーきゅう 7期	网球并不可笑嘛 7期	2016-01-11	12	TV		143751	189639
159665	こねこのスタジオ	小猫的工作室	1959-04-09	1	剧场版		212453	
159690	マギアレコード 魔法少女まどか☆マギカ外伝	魔法纪录 魔法少女小圆外传	2020-01-04	13	TV			302875
159725	罗小黑战记		2019-09-07	1	剧场版			442114
159824	映画 プリキュアオールスターズ みんなで歌う♪奇跡の魔法!	电影 光之美少女 All Stars 大家歌唱吧♪奇迹的魔法！	2016-03-19	1	剧场版		118336	196355
159826	魔法つかいプリキュア!	魔法使光之美少女！	2016-02-07	50	TV		119279	196053,424454
159885	疯狂时代	疯狂时代	2015-07-14	12	WEB			183748
159892	血液型くん！4	血型君4	2016-01-11	12	TV		145667	
160124	食戟のソーマ 弍ノ皿	食戟之灵 贰之皿	2016-07-02	13	TV		116461	217632
160219	墓王之王 麒麟决		2016-07-21	20	WEB			206052
160220	アクティヴレイド -機動強襲室第八係- 2nd	Active Raid -机动强袭室第八课- 2nd	2016-07-10	12	TV		148233	
160271	コンクリート・レボルティオ～超人幻想～THE LAST SONG	Concrete Revolutio 超人幻想 THE LAST SONG	2016-04-10	11	TV		139022	
160970	京剧猫	京剧猫	2015-12-28	20	TV			193874
161058	熊出没之熊心归来		2016-01-16	1	剧场版		117149	203664
161184	大力金刚	大力金刚	2015-01-28	150	WEB			179999,180079
161677	YAT安心!宇宙旅行 第2期		1998-04-11	25	TV		197883	
161680	忍たま乱太郎 2期	忍者乱太郎 2期	1994-10-03	128	TV		4264	161681
161681	忍たま乱太郎 3期	忍者乱太郎 3期	1995-10-02	120	TV		161680	161682
161682	忍たま乱太郎 4期	忍者乱太郎 4期	1996-04-01	120	TV		161681	161683
161683	忍たま乱太郎 5期	忍者乱太郎 5期	1997-10-06	100	TV		161682	161684
161684	忍たま乱太郎 6期	忍者乱太郎 6期	1998-04-06	60	TV		161683	161685
161685	忍たま乱太郎 7期	忍者乱太郎 7期	1999-04-05	80	TV		161684	161686
161686	忍たま乱太郎 8期	忍者乱太郎 8期	2000-04-03	80	TV		161685	161687
161687	忍たま乱太郎 9期	忍者乱太郎 9期	2001-04-02	80	TV		161686	161688
161688	忍たま乱太郎 10期	忍者乱太郎 10期	2002-04-01	80	TV		161687	161689
161689	忍たま乱太郎 11期	忍者乱太郎 11期	2003-04-07	80	TV		161688	161690
161690	忍たま乱太郎 12期	忍者乱太郎 12期	2004-04-05	80	TV		161689	161691
161691	忍たま乱太郎 13期	忍者乱太郎 13期	2005-04-04	56	TV		161690	161692
161692	忍たま乱太郎 14期	忍者乱太郎 14期	2006-04-03	50	TV		161691	161693
161693	忍たま乱太郎 15期	忍者乱太郎 15期	2007-04-02	50	TV		161692	161694
161694	忍たま乱太郎 16期	忍者乱太郎 16期	2008-03-31	100	TV		161693	161695
161695	忍たま乱太郎 17期	忍者乱太郎 17期	2009-03-30	90	TV		161694	161696
161696	忍たま乱太郎 18期	忍者乱太郎 18期	2010-03-29	90	TV		161695	161697
161697	忍たま乱太郎 19期	忍者乱太郎 19期	2011-03-28	90	TV		161696	161698
161698	忍たま乱太郎 20期	忍者乱太郎 20期	2012-04-02	90	TV		161697	161699
161699	忍たま乱太郎 21期	忍者乱太郎 21期	2013-04-01	75	TV		161698	161700
161700	忍たま乱太郎 22期	忍者乱太郎 22期	2014-04-01	75	TV		161699	161701
161701	忍たま乱太郎 23期	忍者乱太郎 23期	2015-03-30	70	TV		161700	180288
161702	まじめにふまじめ かいけつゾロリ		2005-02-13	97	TV		209548	285762
161775	新・湘南爆走族 荒くれナイト	新·湘南暴走族 荒野骑士	1997-09-12	2	OVA		82490	
161793	D.Gray-man HALLOW	驱魔少年 HALLOW	2016-07-04	13	TV		488	
161941	纳米核心 第二季	纳米核心 抉择篇	2016-04-08	10	WEB		44461	189780
161942	Ice Age: Collision Course	冰川时代5：星际碰撞	2016-07-22	1	剧场版		45810	378031,523690
161948	The Cyanide and Happiness Show Season 1	氰化欢乐秀 第一季	2014-11-13	11	WEB			170789
162040	ベルセルク	剑风传奇	2016-07-01	12	TV		696,388981,45241	192906
162156	Tangled Ever After	魔发奇缘：麻烦不断	2012-01-13				194823	
162663	リルリルフェアリル～妖精のドア～	莉露莉露妖精莉露～妖精之门～	2016-02-06	59	TV			208360
162673	太乙仙魔录之灵飞纪	太乙仙魔录	2016-03-08	26	WEB			210391
162773	PRETTY×CATION THE ANIMATION		2016-03-25	2	OVA	1		198702
162782	劇場版しまじろうのわお! しまじろうとえほんのくに	巧虎与绘本之国	2016-03-11	1	剧场版		120237	208314
162799	がんばれ！ルルロロ 第3シリーズ	加油！露露落落 第3期	2016-01-21	10	TV		112841	
162802	プリパラ 3rd season	美妙天堂 第三期	2016-04-05	51	TV		120186	204200
163114	ノラと皇女と野良猫ハート	野良和皇女和流浪猫之心	2017-07-12	12	TV			267988
163169	第10回東方M-1ぐらんぷり	第十届东方M-1漫才大赛	2015-12-30	1	OVA		125025	204678
163463	闯闯闯！我是闯堂兔！	闯闯闯！我是闯堂兔！	2015-11-03	20	WEB		114742	
163464	嗨，顾得白	嗨，顾得白	2015-12-29	160	WEB			223120
163711	戦姫絶唱シンフォギアAXZ	战姬绝唱SYMPHOGEAR AXZ	2017-07-01	13	TV		90512	170689
164073	太空熊猫英雄归来		2016-04-02	1	剧场版		130892	
164074	青蛙王国		2013-12-28	1	剧场版			164075
164075	青蛙王国之冰冻大冒险		2016-02-19	1	剧场版		164074	398948
164509	アル戦4コマ劇場	亚尔战4格剧场	2015-07-23	25	OVA			221057
164869	Star Wars: Clone Wars Season 1 (2003)	星球大战： 克隆战争第一季 (2003)	2003-11-07	25	TV			288281
164980	ハートカクテル	心情鸡尾酒	1986-10-03	78	TV			99957,425590
165046	DAYS		2016-07-02	24	TV			228275
165069	阿狸梦之岛·玩具墓场	阿狸梦之岛·玩具墓场	2013-06-19	1	WEB		65183	165070
165070	阿狸梦之岛·月亮	阿狸梦之岛·月亮	2014-02-17	1	WEB		165069	165071
165071	阿狸梦之岛·石头森林	阿狸梦之岛·石头森林	2015-09-23	1	WEB		165070	165072
165072	阿狸梦之岛·神秘的蛋	阿狸梦之岛·神秘的蛋	2015-11-26	1	WEB		165071	165073
165073	阿狸梦之岛·圣诞秘密	阿狸梦之岛·圣诞秘密	2015-12-23	1	WEB		165072	170238
165251	拳皇命运	拳皇命运	2017-08-03	24	WEB			311672
165394	コチンPa!	KoChinPa!	2015-12-22	12	TV			208321
165395	ぷるるんっ!しずくちゃん	彩虹水滴	2006-10-07	51	TV			201416
165413	美食大冒险 亚洲篇	美食大冒险 第一季	2014-02-05	52	TV			452017
165553	ラブライブ! サンシャイン!!	LoveLive! Sunshine!!	2016-07-02	13	TV			210272
165556	続・アタッカーYOU! 金メダルへの道	胜利女排2		52	TV		9305	
165589	超神学院 第四季 黑甲	超神学院 第四季 黑甲	2016-04-22	10	WEB		130344	
165623	吃饭睡觉打豆豆	吃饭睡觉打豆豆	2014-11-18	21	WEB			165627
165627	吃饭睡觉打豆豆 第二季 豆特么黑	吃饭睡觉打豆豆 第二季 豆特么黑	2015-07-14	20	WEB		165623	165629
165629	吃饭睡觉打豆豆 第三季 神经豆	吃饭睡觉打豆豆 第三季 神经豆	2016-01-12	11	WEB		165627	
165789	ドン・チャック物語	父子情深	1975-04-05	26	TV			165790
165790	新ドン・チャック物語	新父子情深	1976-04-07	52	TV		165789	
165806	少年锦衣卫	少年锦衣卫	2017-02-09	13	WEB			214518
165892	デジモンアドベンチャー tri. 第3章「告白」	数码宝贝大冒险 tri. 第三章「告白」	2016-09-24	5	剧场版		156734	192202
165954	侠岚 第二季	侠岚 云见篇	2012-02-26	26	TV		23421	165955
165955	侠岚 第三季	侠岚 鸣风篇	2013-03-21	26	TV		165954	165957
165957	侠岚 第四季	侠岚 若星篇	2013-05-08	26	TV		165955	165958
165958	侠岚 第五季	侠岚 凌霜篇	2014-06-06	26	WEB		165957	165960
165960	侠岚 第六季	侠岚 决敌篇	2016-01-22	26	WEB		165958	234947
167235	12歳。～ちっちゃなムネのトキメキ～	12岁。小小的胸口心跳加速	2016-04-04	12	TV			184745
167348	おくさまが生徒会長!+!	我老婆是学生会长!+!	2016-10-02	12	TV		119889	
167386	勇者大冒险 第二季	勇者大冒险 第二季	2016-03-25	25	WEB		130364	195292
167434	ガーリッシュ ナンバー	少女编号	2016-10-06	12	TV			212803
167655	幼女戦記	幼女战记	2017-01-06	12	TV			234771
167721	Justice League vs. Teen Titans	正义联盟大战少年泰坦	2016-03-29	1	OVA		140656	213442
167980	はんだくん	半田君	2016-07-07	12	TV			83868
167982	呀！小鬼	呀！小鬼之别惹小鬼	2015-12-30	1	WEB		171665	167983
167983	呀！小鬼 2	呀！小鬼之忍者的复仇	2016-01-31	1	WEB		167982	
168123	ばなにゃ	香蕉喵	2016-07-04	13	TV			288311
168459	NOBLESSE 파멸의 시작	大贵族：沉睡	2015-11-28	1	OVA			168466
168466	NOBLESSE : Awakening	大贵族：回醒	2016-02-04	1	WEB		168459	312966
168467	少年アシベ GO！GO！ゴマちゃん	少年阿贝 GO!GO!小芝麻	2016-04-05	32	TV		282169	209352
168468	ねこねこ日本史	猫猫日本史	2016-04-06	32	TV			211114
168559	影鰐-KAGEWANI-承	影鳄 承	2016-04-01	13	TV		145735	
168748	Mickey Mouse Season 3	米老鼠2013 第三季	2015-07-17	20	TV		106051	222400
168898	おにくだいすき！ ゼウシくん 「すてきなハンバーグ」		2016-02-10	1	WEB		119033	
168905	不機嫌なモノノケ庵	忧郁的物怪庵	2016-06-28	13	TV			251009
169112	TAMALA2010 a punk cat in space	朋克太空猫	2002-10-19	1	剧场版			562666
169132	Balto	雪地灵犬	1995-12-22		剧场版			308823
169148	モンスター娘のいる日常 OAD	魔物娘的同居日常 OAD	2016-11-12	2	OVA		127979	
169274	アイカツスターズ!	偶像活动Stars	2016-04-07	50	TV			207491
169499	シートン動物記 くまの子ジャッキー	西顿动物记：顽皮熊	1977-06-07	26	TV			188948
169700	灵域 第2季	灵域 第二季	2016-02-18	10	WEB		137940	180174
169850	The Tom and Jerry Show Season 2	新猫和老鼠 第二季	2016-02-06	78	TV		101799	583946
169990	フューチャーカード バディファイト DDD	未来卡搭档对战DDD	2016-04-02	28	TV		127138	207698
170044	バトルスピリッツ ダブルドライブ	战斗之魂 双重驱动	2016-04-06	51	TV		122567	
170191	機動戦士ガンダム 鉄血のオルフェンズ 弐	机动战士高达 铁血的奥尔芬斯 第二季	2016-10-02	25	TV		139324	
170238	阿狸梦之岛·明星马戏团	阿狸梦之岛·明星马戏团	2016-02-25	1	WEB		165073	183620
170241	B: The Beginning	B：起点	2018-03-02	12	WEB			249471
170242	信長の忍び	信长的忍者	2016-10-04	26	TV			209839
170415	My Little Pony Friendship is Magic Season 6	小马宝莉：友谊就是魔法 第六季	2016-03-26	26	TV		129224	208576
170557	We Bare Bears Season 2	咱们裸熊 第二季	2016-02-25	25	TV		141852	210289
170674	雛鳥の囀	雏鸟之啭	2000-11-26	2	OVA	1	82122	
170689	戦姫絶唱シンフォギアXV	战姬绝唱SYMPHOGEAR XV	2019-07-06	13	TV		163711	467954
170772	ブブキ・ブランキ 星の巨人	舞兵器舞乱伎 星之巨人	2016-10-01	12	TV		153214	
170789	The Cyanide and Happiness Show Season 2	氰化欢乐秀 第二季	2015-12-09	10	WEB		161948	225328
171034	楽しいムーミン一家 ムーミン谷の彗星	姆明一族 姆明谷的彗星	1992-08-08	1	剧场版		9268	
171068	文豪ストレイドッグス 第2シーズン	文豪野犬 第二季	2016-10-05	12	TV		144357	254762
171120	黒子のバスケ ウインターカップ総集編 ～影と光～	黑子的篮球 Winter Cup总集篇 ～影与光～	2016-09-03	1	剧场版			171121
171121	黒子のバスケ ウインターカップ総集編 ～淚の先へ～	黑子的篮球 Winter Cup总集篇 ～朝着泪水的前方～	2016-10-08	1	剧场版		171120	171122
171122	黒子のバスケ ウインターカップ総集編 ～扉の向こう～	黑子的篮球 Winter Cup总集篇 ～大门的另一边～	2016-12-03	1	剧场版		171121	147147
171339	暴基枪手	暴基枪手	2016-03-04	13	WEB			223005
171364	Big Hero 6: The Series Season 1	剧版超能陆战队 第一季	2017-11-20	22	TV		111097	399379
171366	タイガーマスクW	虎面人W	2016-10-01	38	TV		53801	
171665	呀！小鬼 3	呀！小鬼之小鬼前传	2016-03-04	1	WEB			167982
171938	Wakfu Season 3	沃土 第三季	2017-09-02	13	TV		141613	429938
172210	The Moomins	姆明一族		78	TV			172220
172220	Moomins and the Comet Chase	姆明谷的彗星来袭	2010-08-06	1	剧场版		172210	
172223	ムーミン	姆明	1969-10-05	65	TV			172256
172256	新ムーミン	新姆明	1972-01-09	52	TV		172223	
172494	劇場版 魔法科高校の劣等生 星を呼ぶ少女	剧场版 魔法科高校的劣等生 呼唤星辰的少女	2017-06-17	1	剧场版		84872	292233
172588	美少女遊戯ユニット クレーンゲール	Crane Game Girls	2016-04-06	13	TV			186035
172611	聪明的顺溜		2016-03-07	52	TV			247831
172724	三毛流浪记	三毛流浪记		1	剧场版			173099
172950	明治東亰恋伽 〜花鏡の幻想曲〜	明治东京恋伽～花镜的幻想曲～	2016-08-11	1	剧场版		87390	
173099	三毛流浪记	三毛流浪记		4	TV		172724	
173241	冬天里的小田鼠			1	剧场版			173749
173691	モンスターストライク 第2クール	怪物弹珠 第2期	2016-03-26	38	WEB		133608	205015
173749	春天里的小田鼠			1	剧场版		173241	
173849	ハイキュー!! 烏野高校 VS 白鳥沢学園高校	排球少年 乌野高校 VS 白鸟泽学园高校	2016-10-07	10	TV		120236	269918
173930	東方奇闘劇団	东方奇斗剧团	2008-12-29	1			82292	173965
173965	魔法冥土 まじかるさくやちゃん vs みらくるさなえちゃん		2009-10-11				173930	
174043	この素晴らしい世界に祝福を！2	为美好的世界献上祝福！ 第二季	2017-01-11	10	TV		135275	220631
174139	놓지마 정신줄!!	别放精神线	2014-01-25	26	TV			174140
174140	놓지마 정신줄!! 2기	别放精神线 第二期	2015-05-30	20	TV		174139	
174186	FAIRY TAIL ファイナルシリーズ	妖精的尾巴 最终季	2018-10-07	51	TV		91946	349093
174205	小牛向前冲	小牛向前冲	2009-08-26	52	TV			205005
174222	爱神巧克力ing Ⅱ	爱神巧克力 第二季	2017-12-21	15	WEB		158043	
174227	火线传奇	火线传奇	2016-03-11	11	WEB			191100
174533	シンドバッド	辛巴达	2016-05-14	1	剧场版		148100	
174592	ハンドシェイカー	Hand Shakers	2017-01-10	12	TV			240757
174638	夏目友人帳 伍	夏目友人帐 伍	2016-10-04	11	TV		23495	203387
174769	パンパカパンツ WおNEW！	胖胖裤猪 W-O-NEW	2016-04-02	12	TV		208318	238403
174998	ユーリ!!! on ICE	冰上的尤里	2016-10-05	12	TV			214208
175309	カードファイト!! ヴァンガードG ストライドゲート編	卡片战斗先导者G Stride Gate篇	2016-04-17	24	TV		146404	191766
175398	フリクリ オルタナ	FLCL Alternative	2018-09-07	6	剧场版		822	175399,375218
175399	フリクリ プログレ	FLCL Progressive	2018-09-28	6	剧场版		175398	375217
175405	怪獣娘～ウルトラ怪獣擬人化計画～	怪兽娘～奥特怪兽拟人化计划～	2016-09-27	12	WEB			223407
175424	活撃 刀剣乱舞	活击 刀剑乱舞	2017-07-01	13	TV			226440
175430	デュエル・マスターズ VS	决斗大师VS	2014-04-05	49	TV			130400
175432	从前有座灵剑山 第二季	从前有座灵剑山 第二季	2017-01-06	12	WEB		146861	
175433	デュエル・マスターズ VSRF	决斗大师VSRF	2016-04-03	51	TV		130400	
175457	一人之下 the outcast	一人之下	2016-07-08	12	WEB			206925
175460	灵契	灵契	2016-06-21	20	WEB			233615
175468	あはれ! 名作くん	做得很好！名作君	2016-04-08	39	TV			212813
175525	刀剣乱舞-花丸-	刀剑乱舞-花丸-	2016-10-02	12	TV			208370
175527	劇場版 マジェスティックプリンス 覚醒の遺伝子	剧场版 银河机攻队 庄严王子 觉醒的基因	2016-11-04	1	剧场版		50535	
175529	タイムボカン24	时间飞船24	2016-10-01	24	TV			212009
175530	Infini-T Force		2017-10-02	12	TV			223398
175532	きんいろモザイク Pretty Days	黄金拼图 Pretty Days	2016-11-12	1	剧场版		100405	302373
175533	ゆゆ式 OVA	悠悠式 OVA	2017-02-22	1	OVA		46828	
175542	ドリフェス！	梦之祭	2016-09-23	12	WEB			202597
175543	好きになるその瞬間を。～告白実行委員会～	喜欢上你的那个瞬间。～告白实行委员会～	2017-06-21	1	剧场版		140020	
175546	W.I.T.C.H. Season 1	魔力w.i.t.c.h.	2004-12-18	26	TV			307402
175547	スタミュ OVA	高校星歌剧 OVA	2016-07-27	2	OVA		129007	184022
175558	Superjail! (Season1)	超级监狱（第一季）	2007-05-13	10	TV			194323
175568	B-PROJECT～鼓動＊アンビシャス～	B-PROJECT～鼓动＊Ambitious～	2016-07-02	12	TV			226806
175596	終物語(下)	终物语（下）	2017-08-12	7	TV		146104	233926
175599	劇場版 Fate/stay night [Heaven's Feel] II.lost butterfly	剧场版 Fate/stay night [Heaven's Feel] II.lost butterfly	2019-08-21	1	剧场版		109375	175600
175600	劇場版 Fate/stay night [Heaven's Feel] III.spring song	剧场版 Fate/stay night [Heaven's Feel] III.spring song	2020-08-15	1	剧场版		175599	
175603	七つの大罪 聖戦の予兆	七大罪 圣战的预兆	2016-08-28	4	TV		101820	192978
175605	Animals. Season 1	纽约屁民 第一季	2016-02-05	10	TV			212851
175980	歪瓜裂枣办公室	歪瓜裂枣办公室	2015-12-24	15	WEB			184672
176025	宇宙戦艦ヤマト2202 愛の戦士たち 第一章「嚆矢篇」	宇宙战舰大和号2202 爱的战士们 第一章「嚆矢篇」	2017-02-25	2	剧场版		70323	192151
176296	KINGSGLAIVE FINAL FANTASY XV	最终幻想15 王者之剑	2016-07-09	1	剧场版		282591	
176478	けものフレンズ	兽娘动物园	2017-01-10	12	TV			212186
176509	武庚纪	武庚纪之逆天之决	2016-06-24	30	WEB			223541
176516	秦时明月之笑闯江湖	秦时明月之笑闯江湖		52	WEB			176517
176517	秦时明月之笑闯江湖 第二部	秦时明月之笑闯江湖 第二部		52	WEB		176516	
176518	planetarian～ちいさなほしのゆめ～	星之梦	2016-07-07	5	WEB		295090	178884
176542	够呛电台	够呛电台	2015-12-24	29	WEB			187152
176576	マスター・オブ・トルク Season 2	扭矩大师 第二季	2015-03-27	1	WEB		117798	176577
176577	マスター・オブ・トルク Season 3	扭矩大师 第三季	2016-04-27	1	WEB		176576	308998
176615	昭和元禄落語心中 -助六再び篇-	昭和元禄落语心中 -助六再临篇-	2017-01-06	12	TV		119394	
176619	山口山战记 第七季	山口山战记-太阳井	2016-04-07	10	WEB		43383	
177049	星学院		2015-08-24	26	TV			204642
177092	ダンガンロンパ3 -The End of 希望ヶ峰学園- 絶望編	弹丸论破3 -The End of 希望之峰学园- 绝望篇	2016-07-14	11	TV			56093,193446
177094	South Park Season 20	南方公园 第20季	2016-09-14	10	TV		146923	209060
177248	择天记 第二季	择天记 第二季	2016-07-20	12	WEB		140217	219144
177664	オシリスの天秤 第2期	欧西里斯的天秤 第二季	2016-04-22	10	WEB		141588	
177693	The Powerpuff Girls (Season 2)	飞天小女警 第二季	1999-06-25	13	TV		30627	177694
177694	The Powerpuff Girls (Season 3)	飞天小女警 第三季	2000-07-28	13	TV		177693	177695
177695	The Powerpuff Girls (Season 4)	飞天小女警 第四季	2001-04-20	12	TV		177694	177696
177696	The Powerpuff Girls (Season 5)	飞天小女警 第五季	2003-09-05	12	TV		177695	177697
177697	The Powerpuff Girls (Season 6)	飞天小女警 第六季	2004-04-16	15	TV		177696	258099
177998	Re:ゼロから始める休憩時間	Re：从零开始的休息时间	2016-04-08	11	TV			185837
178341	民间鬼术 第2季	民间鬼术 第二季	2016-03-27	20	WEB		138600	223020
178531	摩尔庄园大电影：冰世纪		2011-08-11	1	剧场版			178532
178532	摩尔庄园大电影2：海妖宝藏		2012-07-05	1	剧场版		178531	95801
178596	阿里巴巴2所罗门封印		2016-05-07	1	剧场版		130745	
178606	Hotel Transylvania 3: Summer Vacation	精灵旅社3：疯狂假期	2018-07-13	1	剧场版		119034	365782
178642	플라워링 하트	Flowering Heart	2016-02-29	26	TV			311021
178648	PEACE MAKER 鐵 ～想道～	新撰组异闻录 铁 ～想道～	2018-06-02	1	剧场版		1930	241188
178768	绝对领域	绝对领域A.F.	2015-04-10	10	WEB			178799
178799	绝对领域极战纪	绝对领域极战纪	2016-04-15	10	WEB		178768	
178884	planetarian～星の人～	星之梦～星之人～	2016-09-03	1	剧场版		176518	
179097	Lostorage incited WIXOSS	失忆煽动WIXOSS	2016-10-07	12	TV		106314	203812,221655
179792	イエナイコト -2nd scene- Anime Edition	不能说的事情 -2nd scene-	2016-03-07	1	OVA	1	126180	
179949	小林さんちのメイドラゴン	小林家的龙女仆	2017-01-11	13	TV			274234
179999	我差点就信了	我差点就信了	2016-04-29	50	WEB		161184	195053
180079	大力金刚 第二季	大力金刚 第二季	2016-04-01	14	WEB		161184	
180137	摇滚藏獒		2016-07-08	1	剧场版			363287
180172	機動戦士ガンダム サンダーボルト DECEMBER SKY	机动战士高达 雷霆宙域 DECEMBER SKY	2016-06-25	1	剧场版			219952
180174	灵域 第3季	灵域 第三季	2016-08-04	12	WEB		169700	202148
180288	忍たま乱太郎 24期	忍者乱太郎 第24季	2016-04-04	70	TV		161701	193065
180401	ヤマトタケル 〜After War〜	魔天战神 OVA	1995-11-22	2	OVA		37257	
180485	那年那兔那些事儿 第三季		2016-09-30	12	WEB		147920	212363
180710	こねこのチー ポンポンらー大冒険	甜甜私房猫 吃饱啦大冒险	2016-10-02	51	TV			219377
181010	the boondocks Season 2	乡下人 第二季	2007-10-08	15	TV		150810	181023
181023	the boondocks Season 3	乡下人 第三季	2010-05-02	15	TV		181010	181024
181024	the boondocks Season 4	乡下人 第四季	2014-04-21	10	TV		181023	
181089	雨色ココア in Hawaii	雨色可可 in Hawaii	2016-10-02	12	TV		138834	219759
181112	有神么 第二季	有神么 第二季	2016-05-11	12	WEB		92874	
181354	斉木楠雄のΨ難	齐木楠雄的灾难	2016-07-10	24	TV			204027
181400	Bob's Burgers Season 6	开心汉堡店 第六季	2015-09-27	19	TV		128504	209262
181464	K SEVEN STORIES Episode 1「R:b ～BLAZE～」		2018-07-07	2	剧场版			251985
181640	亜人 第2クール	亚人 第2部分	2016-10-07	13	TV		146093	
181834	秘密結社 鷹の爪 GT	秘密结社鹰之爪GT	2016-04-08	47	WEB		232981	316103
181995	ご注文はうさぎですか？？～Dear My Sister～	请问您今天要来点兔子吗？？～Dear My Sister～	2017-11-11	1	剧场版		123568	260772
182215	RWBY Chibi		2016-05-07	24	WEB			215096
182239	ストライク・ザ・ブラッド II	噬血狂袭 II	2016-11-23	8	OVA		67826	240037
182342	ぐらP＆ろで夫 2期	GranP&Rodeo夫 第二季	2016-07-01	12	TV		113072	
182784	GON -ゴン- 2期	小恐龙阿贡 第二季	2015-04-04	26	TV		36131	
182886	探偵オペラ ミルキィホームズ ファンファンパーリーナイト♪ ～ケンとジャネットの贈り物～	侦探歌剧 少女福尔摩斯 派对之夜	2016-12-31	1	TV		144465	230295
183282	神明之胄 第2季	神明之胄 第二季	2017-01-18	12	WEB		144967	
183394	神様はじめました「神様、幸せになる」	元气少女缘结神 新婚篇	2016-12-20	1	OVA		147365	
183492	ACCA13区監察課	ACCA13区监察课	2017-01-10	12	TV			279087
183494	Batman Unlimited: Monster Mayhem	蝙蝠侠无极限：怪兽来袭	2015-08-18	1	OVA		138189	
183496	わしも WASIMO 第2シリーズ	WASIMO 第二季	2015-01-05	24	TV		97543	183497
183497	わしも WASIMO 第3シリーズ	WASIMO 第三季	2015-03-30	44	TV		183496	186594
183522	幻想万華鏡  巨大妖怪伝説の章 ～『東方非想天則』より～	幻想万华镜 巨大妖怪传说之章	2016-05-22	1	OVA		134543	195661
183590	Sing	欢乐好声音	2016-12-21	1	剧场版			363285
183620	阿狸梦之岛·信	阿狸梦之岛·信	2016-05-25	1	WEB		170238	193983
183746	小鸡彩虹	小鸡彩虹	2016-05-25	26	WEB			229729
183747	画江湖之不良人Ⅱ	画江湖之不良人 第二季	2016-07-21	40	WEB		109677	262518
183748	疯狂时代 第2季	疯狂时代 第二季	2016-05-26	14	WEB		159885	
183878	ヴァイオレット・エヴァーガーデン	紫罗兰永恒花园	2018-01-10	13	TV			242216
183891	カードキャプターさくら クリアカード編	魔卡少女樱 透明牌篇	2018-01-07	22	TV		212240	427235
183957	大理寺日志		2020-04-10	12	WEB			312537
184022	スタミュ 第2期	高校星歌剧 第二季	2017-04-03	12	TV		175547	227390,227393
184057	オーバーロード OAD	OVERLORD OAD	2016-09-30	1	OVA		193953	
184059	アトム ザ・ビギニング	阿童木起源	2017-04-15	12	TV			28287
184151	劇場版 はいからさんが通る 前編 ～紅緒、花の17歳～	剧场版 窈窕淑女 前篇 ～红绪、花样的17岁～	2017-11-11	1	剧场版			196748
184672	歪瓜裂枣办公室 第二季	歪瓜裂枣办公室 第二季	2016-06-07	4	WEB		175980	
184727	SUPER LOVERS 2	超级恋人 第二季	2017-01-12	10	TV		132212	
184745	12歳。～ちっちゃなムネのトキメキ～ セカンドシーズン	12岁。小小的胸口心跳加速 第二季	2016-10-03	12	TV		167235	
184931	Voltron: Legendary Defender	战神金刚：传奇的保护神	2016-06-10	11	WEB			207246
185211	快递侠 第二季	快递侠 第二季	2016-06-14	13	WEB		149539	
185317	こちら葛飾区亀有公園前派出所～THE FINAL 両津勘吉最後の日～	乌龙派出所 THE FINAL 两津勘吉最后的一天	2016-09-18	1	TV		2166	
185686	阿莉塔的试炼	阿莉塔的试炼	2016-06-22	1			285728	
185761	僕のヒーローアカデミア 第2期	我的英雄学院 第二季	2017-03-25	25	TV		150955	226677
185762	政宗くんのリベンジ	政宗君的复仇	2017-01-05	12	TV			376433
185764	Teen Titans season 1	少年泰坦 第一季	2003-07-19	65	TV			664971
185771	そーどあーと・おふらいん つー	掉线神域 第二季	2014-10-22	9			73712	
185783	うぇいくあっぷがーるZOO！ 宮城PRでGO！	Wake Up, Girl ZOO！宫城宣传GO！	2016-03-28	1	WEB			208423
185789	イナズマイレブン アレスの天秤	闪电十一人 阿瑞斯的天平	2018-04-06	26	TV			259877
185825	怪盗ジョーカー シーズン4	怪盗Joker4	2016-10-03	13	TV		147085	
185837	Re:プチから始める異世界生活	Re：从迷你开始的异世界生活	2016-06-24	14	TV		177998	310194
186034	青の祓魔師 京都不浄王篇	青之驱魔师 京都不净王篇	2017-01-06	12	TV		10339	411450
186035	美少女遊戯ユニットクレーンゲール ギャラクシー	Crane Game Girls 第二季	2016-10-05	12	TV		172588	
186160	甲鉄城のカバネリ 総集編 前編 集う光	甲铁城的卡巴内利 总集篇 前篇 聚光	2016-12-31	1	剧场版			186161
186161	甲鉄城のカバネリ 総集編 後編 燃える命	甲铁城的卡巴内利 总集篇 后篇 燃烧的生命	2017-01-07	1	剧场版		186160	
186184	Tales of Zestiria the X 2期	情热传说 the X 第二季	2017-01-08	13	TV		136371	
186254	Steven Universe Season 3	史蒂文的宇宙 第三季	2016-05-12	25	TV		145951	190537
186257	RWBY Volume 4	红白黑黄 第四季	2016-10-22	12	WEB		138180	224720
186394	ネコぱらOVA	NEKOPARA OVA	2017-12-22	1	OVA		254374	
186515	BanG Dream!		2017-01-21	13	TV			246429
186567	ネコこのゴロ		2016-06-08	50	TV			380580
186570	劇場版 トリニティセブン -悠久図書館と錬金術少女-	剧场版 七人魔法使 悠久图书馆与炼金术少女	2017-02-25	1	剧场版		96977	252432
186594	わしも-wasimo- 第4シリーズ	WASIMO 第四季	2016-04-04	44	TV		183497	212272
186620	大护法		2017-07-13	1	剧场版			365727
186881	Bojack Horseman Season 3	马男波杰克3	2016-07-22	12	TV		144087	219654
186939	魔法少女リリカルなのはViVid 2期	魔法少女奈叶ViVid 2期			TV		110867	
186947	Dofus, livre 1 : Julith	DOFUS首章：朱莉丝	2015-11-07	1	剧场版		141620	
186959	西母霸龙家族			52	TV		205518	
187019	精灵王座		2016-08-19	1	剧场版		95810	
187050	魔晶猎人 第三季	魔晶猎人 第三季 龙耀之战	2016-07-14	29	WEB		143662	222960
187084	猪猪侠第二部：武侠2008	猪猪侠第二部：武侠2008		40	TV		66260	208066
187097	神兽金刚	神兽金刚	2009-08-08	46	TV			570266
187101	果宝特攻2	果宝特攻第二部	2012-01-31	52	TV		81179	187102
187102	果宝特攻3		2014-03-21	52	TV		187101	
187132	映画ドラえもん のび太の南極カチコチ大冒険	哆啦A梦：大雄的南极冰冰凉大冒险	2017-03-04	1	剧场版		139670	217072
187141	我的冒险世界	我的冒险世界	2016-07-16	18	WEB			223092
187152	够呛电台 第二季	够呛电台 第二季	2016-07-09	16	WEB		176542	
187162	果冻三剑客	果冻三剑客		20	TV			81179
187225	Star vs. the Forces of Evil (Season 2)	星蝶公主 第二季	2016-07-11	22	TV		123335	217069
187276	ノーゲーム・ノーライフ ゼロ	游戏人生 零	2017-07-15	1	剧场版			79227
187338	狠西游	狠西游	2016-07-18	20	WEB			249240
187465	CYBORG009 CALL OF JUSTICE 第1章	人造人009 CALL OF JUSTICE 第1章	2016-11-25	1	剧场版			268941
187571	禽兽超人之无奸不摧		2016-07-20	12	WEB		143387	223066
187700	乌龙院之活宝传奇	乌龙院之活宝传奇	2017-11-01	52	WEB			262684
187800	BIKINI WARRIORS OVA	比基尼勇士 OVA	2016-12-07	6	OVA		134038	
187905	新歌舞伎町ストーリー 花のあすか組!	花之飞鸟组！新歌舞伎町故事	1987-06-10	1	OVA			218210
187935	モンスターストライク THE MOVIE はじまりの場所へ	怪物弹珠 THE MOVIE 前往起始之地	2016-12-10	1	剧场版			133608
187976	最遊記RELOAD BLAST	最游记 RELOAD BLAST	2017-07-05	12	TV		6997	325097
188064	チェインクロニクル ～ヘクセイタスの閃～ 第1章	锁链战记～赫克瑟塔斯之光～ 第1章	2016-12-03	1	剧场版			188070
188070	チェインクロニクル ～ヘクセイタスの閃～ 第2章	锁链战记～赫克瑟塔斯之光～ 第2章	2017-01-14	1	剧场版		188064	188073
188073	チェインクロニクル ～ヘクセイタスの閃～ 第3章	锁链战记～赫克瑟塔斯之光～ 第3章	2017-02-11	1	剧场版		188070	
188453	あにトレ！XX～ひとつ屋根の下で～	动画锻炼！XX	2016-10-05	12	TV		145129	
188708	トッポ・ジージョ	太空老鼠吱吱吱	1988-04-27	21	TV			188709
188709	夢見るトッポ・ジージョ	梦中的少尉鼠	1988-10-07	13	TV		188708	
188725	Moon Animate Make-Up 2		2016-08-01	1	WEB		109403	
188851	ビリ犬	比利犬	1988-07-11	32	TV			81576
188947	シートン動物記	西顿动物记	1989-10-14	45	TV		188948	
188948	シートン動物記 りすのバナー	西顿动物记：小松鼠斑斑	1979-04-07	26	TV		169499	188947
188959	スカイヤーズ5	飞天五虎将	1967-10-04	12	TV			188962
188962	新スカイヤーズ5	新飞天五虎将	1971-10-07	26	TV		188959	
189016	救命戦士ナノセイバー	救命战士Nanosaver	1997-04-09	28	TV		10398	
189023	GO! レスラー軍団	星战三勇士	1989-04-18	21	TV			36345
189382	超ロボット生命体トランスフォーマー マイクロン伝説	变形金刚：微型传说	2003-01-10	52	TV			189383
189383	トランスフォーマー スーパーリンク	变形金刚：超能连结	2004-01-09	52	TV		189382	80545
189415	魔法少女なんてもういいですから。セカンドシーズン	魔法少女什么的已经够了啦。第二季	2016-10-05	12	TV		148241	
189441	プロゴルファー猿	球场小神将	1985-04-02	52	TV			189442
189442	新プロゴルファー猿	新球场小神将	1988-04-11	10	TV		189441	
189444	プロゴルファー猿 スーパーGOLFワールドへの挑戦!!	球场小神将：到超级高尔夫世界的挑战!!	1986-03-15	1	剧场版			189445
189445	プロゴルファー猿 甲賀秘境! 影の忍法ゴルファー参上!	球场小神将：甲贺秘境！影之忍法高尔夫球手参上	1987-03-14	1	剧场版		189444	
189512	恐竜惑星	恐龙行星	1993-04-05	52	TV			10398
189545	戦国鳥獣戯画〜甲〜	战国鸟兽戏画～甲～	2016-10-08	13	TV			194927
189639	てーきゅう 8期	网球并不可笑嘛 8期	2016-10-05	12	TV		159365	212675
189703	Star Wars Rebels	星球大战：义军崛起	2014-10-03	15	TV		295039	212923
189780	纳米核心 第三季	纳米核心 黄昏篇	2017-08-02	20	WEB		161941	
189868	My Little Pony Equestria Girls: Legend of Everfree	小马宝莉之无尽森林传说	2016-10-01	1	剧场版		140075	
189923	雄兵连之天河战役	雄兵连之天河战役	2017-06-01	11	WEB			226282
189936	梦幻西游 第二季	梦幻西游之化境飞升	2015-04-30	13	WEB		122019	189937
189937	梦幻西游 第三季	梦幻西游之雷怒危机	2016-08-12	13	WEB		189936	193467
190111	全职法师	全职法师	2016-09-02	12	WEB			223146
190385	GODZILLA 怪獣惑星	哥斯拉 怪兽行星	2017-11-17	1	剧场版			212059
190441	アイドリッシュセブン	IDOLiSH7-偶像星愿-	2018-01-07	17	TV			253042
190537	Steven Universe Season 4	史蒂文的宇宙 第四季	2016-08-11	25	TV		186254	225868
190589	クレヨンしんちゃん外伝 エイリアン vs. しんのすけ	蜡笔小新外传 异形 VS 新之助	2016-08-03	13	WEB			208400
190889	图腾领域	图腾领域	2016-09-03	52	TV			228057
191100	火线传奇 第二季	火线传奇 第二季		13	WEB		174227	211549
191115	デュエル・マスターズ	决斗大师	2002-10-21	26	TV			293614
191302	ガールズ＆パンツァー 最終章 第1話	少女与战车 最终章 第1话	2018-04-24	1	OVA		72266,139475	208825
191336	茶啊二中第三季	茶啊二中第三季	2016-08-29	10	WEB		148296	241442
191766	カードファイト!! ヴァンガードG NEXT	卡片战斗先导者G NEXT	2016-10-02	52	TV		175309	221018
192006	おねがいマイメロディ 〜くるくるシャッフル!〜	奇幻魔法Melody 转转旋律魔法牌	2006-04-02	52	TV		104529	192007
192007	おねがいマイメロディ すっきり♪	奇幻魔法Melody Sukkiri♪	2007-04-01	52	TV		192006	192008
192008	おねがい♪マイメロディ きららっ★	奇幻魔法Melody Kirara★	2008-04-06	52	TV		192007	
192151	宇宙戦艦ヤマト2202 愛の戦士たち 第二章「発進篇」	宇宙战舰大和号2202 爱的战士们 第二章「发进篇」	2017-06-24	4	剧场版		176025	192152
192152	宇宙戦艦ヤマト2202 愛の戦士たち 第三章「純愛篇」	宇宙战舰大和号2202 爱的战士们 第三章「纯爱篇」	2017-10-14	4	剧场版		192151	192153
192153	宇宙戦艦ヤマト2202 愛の戦士たち 第四章「天命篇」	宇宙战舰大和号2202 爱的战士们 第四章「天命篇」	2018-01-27	4	剧场版		192152	192154
192154	宇宙戦艦ヤマト2202 愛の戦士たち 第五章「煉獄篇」	宇宙战舰大和号2202 爱的战士们 第五章「炼狱篇」	2018-05-25	4	剧场版		192153	192155
192155	宇宙戦艦ヤマト2202 愛の戦士たち 第六章「回生篇」	宇宙战舰大和号2202 爱的战士们 第六章「回生篇」	2018-11-02	4	剧场版		192154	192156
192156	宇宙戦艦ヤマト2202 愛の戦士たち 第七章「新星篇」	宇宙战舰大和号2202 爱的战士们 第七章「新星篇」	2019-03-01	4	剧场版		192155	
192202	デジモンアドベンチャー tri. 第4章「喪失」	数码宝贝大冒险 tri. 第四章「丧失」	2017-02-25	4	剧场版		165892	192203
192203	デジモンアドベンチャー tri. 第5章「共生」	数码宝贝大冒险 tri. 第五章「共生」	2017-09-30	4	剧场版		192202	192204
192204	デジモンアドベンチャー tri. 第6章「ぼくらの未来」	数码宝贝大冒险 tri. 第六章「我们的未来」	2018-05-05	5	剧场版		192203	255547
192247	凸变英雄		2016-10-04	12	WEB			206924
192252	異世界食堂	异世界食堂	2017-07-03	12	TV			333853
192377	初恋モンスター OAD	初恋怪兽 OAD	2017-02-07	1	OVA		138440	
192428	つぐもも	怪怪守护神	2017-04-02	12	TV			276792
192442	LUPIN THE IIIRD 血煙の石川五ェ門	鲁邦三世 血烟的石川五右卫门	2017-02-04	2	剧场版		100437	276785
192559	KING OF PRISM -PRIDE the HERO-	绫镜少男 KING OF PRISM PRIDE the HERO	2017-06-10	1	剧场版		148226	249245
192581	聖ミカエラ学園漂流記Ⅱ	圣未加江罗学院漂流记Ⅱ	1994-10-21	2	OVA	1	108334	
192680	ポケットモンスター サン＆ムーン	宝可梦 太阳&月亮	2016-11-17	146	TV		146408	292522
192702	Overwatch Animated Short	守望先锋：动画短片	2016-03-23	10	短片			302036
192791	Regular Show (season 8)	天兵公园 第八季	2016-09-26	31	TV		144632	637559
192832	麥兜·飯寶奇兵	麦兜·饭宝奇兵	2016-09-15	1	剧场版		110885	
192870	全职法师Q！	全职法师Q版小剧场	2016-09-11	12	WEB			225866
192906	ベルセルク 次篇	剑风传奇 次篇	2017-04-07	12	TV		162040	
192976	むさしの！	武藏野！	2022-07-02	12	TV		115339	
192978	七つの大罪 戒めの復活	七大罪 戒律的复活	2018-01-06	24	TV		175603	280380
193042	有頂天家族2	有顶天家族 第二季	2017-04-09	12	TV		68035	
193065	忍たま乱太郎 25期	忍者乱太郎 第25季	2017-04-03	64	TV		180288	303899
193161	Sausage Party	香肠派对	2016-08-12	1	剧场版			406247
193171	黑白无双 第二季	黑白无双 第二季	2017-08-05	12	WEB		127166	227897
193267	The Loud House Season 1	喧闹一家亲	2016-05-02	26	TV			352950
193298	銀魂.	银魂.	2017-01-08	12	TV		120791	218740
193373	劇場版 Fate/kaleid liner プリズマ☆イリヤ 雪下の誓い	剧场版 Fate/kaleid liner 魔法少女☆伊莉雅 雪下的誓言	2017-08-26	1	剧场版			306971
193446	ダンガンロンパ3 -The End of 希望ヶ峰学園- 希望編	弹丸论破3 -The End of 希望之峰学园- 希望篇	2016-09-29	1	TV		158415,177092	
193452	境界のRINNE 第3シリーズ	境界的轮回 第三季	2017-04-08	25	TV		146503	
193459	バイオレンス劇画 新・堕靡泥の星 淫魔伝説		1991-03-08	1	OVA	1	79951	
193467	梦幻西游 第四季	梦幻西游之天命之战	2016-09-23	13	WEB		189937	470905
193509	ハイスクール・フリート OVA	高校舰队 OVA	2017-05-24	2	OVA		144843	242391
193562	Rewrite 2nd Season	Rewrite 第二季	2017-01-14	11	TV		147568	
193619	ワンパンマン 第2期	一拳超人 第二季	2019-04-02	12	TV		127563	285757
193870	国民老公带回家	国民老公带回家	2016-10-03	12	WEB			214283
193874	京剧猫 第二章	京剧猫 第二章	2016-09-26	40	TV		160970	223081
193953	ぷれぷれぷれあです	Play Play 昴宿星团	2015-08-04	8	WEB			184057,234089
193983	阿狸梦之岛·最高点的Kiss	阿狸梦之岛·最高点的Kiss	2016-09-28	1	WEB		183620	223153
194036	劇場版総集編 オーバーロード 不死者の王	剧场版总集篇 OVERLORD 不死者之王	2017-02-25	1	剧场版			198968
194277	The Amazing World of Gumball Season 5	阿甘妙世界 第五季	2016-09-01	40	TV		155120	195747
194300	Adventure Time season 8	探险活宝 第八季	2016-03-26	28	TV		152691	211269
194323	Superjail! (Season2)	超级监狱（第二季）	2011-04-03	10	TV		175558	194325
194325	Superjail! (Season3)	超级监狱（第三季）	2012-09-30	10	TV		194323	194327
194327	Superjail! (Season4)	超级监狱（第四季）	2014-06-15	6	TV		194325	
194395	The Simpsons Season 28	辛普森一家 第二十八季	2016-09-25	22	TV		148046	235400
194529	妖精ランドむかし話	妖精岛童话	2017-04-17	11	TV		208324	
194822	幻镜诺德琳		2017-05-03	1	WEB		147706	
194823	Tangled: Before Ever After	魔发奇缘：幸福前奏	2017-03-10	1	TV			162156,212814
194877	月曜日のたわわ	星期一的丰满	2016-10-10	12	WEB			349616
194923	巴啦啦小魔仙之飞越彩灵堡		2016-11-13	26	TV			213557
194927	戦国鳥獣戯画〜乙〜	战国鸟兽戏画～乙～	2017-01-14	13	TV		189545	
195012	冒険王ビィト エクセリオン	冒险王比特EX	2005-10-06	25	TV		60188	
195053	我差点就信了 第2季	我差点就信了 第二季	2016-10-11	180	WEB		179999	
195185	クレヨンしんちゃん 襲来!! 宇宙人シリリ	蜡笔小新：宇宙人来袭！！	2017-04-15	1	剧场版		159335	227775
195187	怪物公寓	怪物公寓	2016-10-14	13	WEB			229099
195292	勇者大冒险 第三季				WEB		167386	
195328	アイドルマスター シンデレラガールズ劇場	偶像大师 灰姑娘女孩剧场	2017-04-04	13	TV			219483
195661	幻想万華鏡 永夜異変の章 ～『東方永夜抄』より～	幻想万华镜 永夜异变之章	2016-12-29	4	OVA		183522	246771
195666	降灵记	降灵记	2017-05-10	14	WEB			223542
195711	和女儿的日常	和女儿的日常	2016-10-20	18	WEB			211228
195747	The Amazing World of Gumball Season 6	阿甘妙世界 第六季	2018-01-05	44	TV		194277	561133
195845	ハイスクールD×D HERO	恶魔高校 D×D HERO	2018-04-10	13	TV		106212	
195937	結城友奈は勇者である -鷲尾須美の章-/-勇者の章-	结城友奈是勇者 -鹫尾须美之章-/-勇者之章-	2017-10-06	12	TV		109328	311759
196053	キラキラ☆プリキュアアラモード	光之美少女 食尚甜心	2017-02-05	49	TV		159826	228046
196076	梦想召唤王	梦想召唤王	2016-10-12	40	TV			236599
196188	あいまいみー～Surgical Friends～	漫研部～Surgical Friends～	2017-01-03	12	TV		101195	
196259	結城友奈は勇者である -鷲尾須美の章- 第1章 ともだち	结城友奈是勇者 -鹫尾须美之章- 第1章 朋友	2017-03-18	1	剧场版			207167
196355	映画 プリキュアドリームスターズ!	电影 光之美少女 Dream Stars!	2017-03-18	1	剧场版		159824	231716
196587	Psiconautas, los niños olvidados	被遗忘的孩子	2015-01-01	1	剧场版		257639	
196702	1000ちゃん 厚木LOVE編	1000酱！ 厚木LOVE編	2016-08-26	10	WEB		136048	
196744	Persian Series #1	波斯系列 #1	1999-01-01					196745
196745	Persian Series #2	波斯系列 #2	1999-01-01				196744	196746
196746	Persian Series #3	波斯系列 #3	1999-01-01				196745	
196748	劇場版 はいからさんが通る 後編 ～花の東京大ロマン～	剧场版 窈窕淑女 后篇 ～花之东京大浪漫～	2018-10-19	1	剧场版		184151	
196973	金牌帮帮帮	金牌帮帮帮	2016-11-03	50	WEB			260496
197056	최강! 탑플레이트	魔幻陀螺	2013-09-11	26	TV			499359
197162	フライングベイビーズ	草裙舞女孩	2019-01-10	12	TV			297459
197260	Lastman	拳馆英雄	2016-01-22	26	TV			351389
197350	Find the One		2015-04-12					197351
197351	Find The One… Again!		2016-04-05				197350	
197417	Young Justice Season 3: Outsiders	少年正义联盟 局外人	2019-01-04	26	TV		52129	353748
197641	机变英盟	机变英盟	2016-11-11	20	WEB			229566
197883	YAT安心!宇宙旅行	YAT安心！宇宙旅行	1996-10-05	50	TV			161677
198025	美味しんぼ	美味大挑战	1988-10-17	136	TV			580489
198230	FASTENING DAYS 2	拉链超人组 2	2016-08-01	1	WEB		116747	229508
198380	機動戦士ガンダム サンダーボルト 第2シーズン	机动战士高达 雷霆宙域 第二季	2017-03-24	4	WEB		151345	
198395	One Room		2017-01-11	12	TV			226507
198493	机甲兽神			26	TV			198494
198494	机甲兽神2			26	TV		198493	
198495	机甲兽神之爆裂飞车		2016-03-14	40	TV			240269
198507	證城寺の狸囃子	证城寺的狸猫小调	1935-01-01	1	剧场版			198681
198585	のらくろ二等兵 教練の巻・演習の巻	二等兵小黑：训练篇・演习篇	1933-06-14	1	剧场版			113724
198586	のらくろ一等兵	一等兵小黑		1	剧场版		517812	
198588	のらくろ少尉～日曜日の怪事件～	少尉小黑周日奇遇		1	剧场版		113724	
198598	ラブ米 -WE LOVE RICE-	爱米 -WE LOVE RICE-	2017-04-05	12	TV			218383
198681	塙団右衛門化物退治の巻	塙团右卫门降妖记		1	剧场版		198507	
198702	PRETTY×CATION 2 THE ANIMATION		2016-11-25	2	OVA	1	162773	
198714	ナンバカ 第2期	黑白来看守所 第二季	2017-01-04	12	WEB		126177	
198833	マー坊の大競争	小马竞赛	1936-01-01	1	剧场版			198835
198835	マー坊の木下藤吉郎	小马拍戏：木下藤吉郎篇	1938-12-05	1	剧场版		198833	
198910	Justice League Dark	黑暗正义联盟	2017-01-24	1	OVA			301569
198962	名探偵コナン から紅の恋歌	名侦探柯南 殷红的恋歌	2017-04-15	1	剧场版		131427	227724
198968	劇場版総集編 オーバーロード 漆黒の英雄	剧场版总集篇 OVERLORD 漆黑的英雄	2017-03-11	1	剧场版		194036	
199228	コードギアス 復活のルルーシュ	Code Geass 复活的鲁路修	2019-02-09	1	剧场版		199231	
199229	コードギアス 反逆のルルーシュ I 興道	Code Geass 反叛的鲁路修 I 兴道	2017-10-21	1	剧场版			199230
199230	コードギアス 反逆のルルーシュ II 叛道	Code Geass 反叛的鲁路修 II 叛道	2018-02-10	1	剧场版		199229	199231
199231	コードギアス 反逆のルルーシュ III 皇道	Code Geass 反叛的鲁路修 III 皇道	2018-05-26	1	剧场版		199230	199228
199259	兽王争锋	兽王争锋	2016-11-25	26	TV			228137
199271	おくさま劇場	我老婆是学生会长 小剧场	2015-07-01	13	OVA			207708
199274	対魔忍アサギ3	对魔忍阿莎姬3	2016-12-23	2	OVA	1	148229	
199330	Elena of Avalor Season 1	艾莲娜公主 第一季	2016-07-22	11	TV		199331	662507
199331	Elena and the Secret of Avalor	艾莲娜公主与阿瓦洛王国之谜	2016-11-20	1	TV			199330
199373	バキ	刃牙	2018-07-01	26	TV		62893	278202
199385	The Lion Guard	狮子护卫队	2016-01-15	24	TV		22985,22986,199386	
199386	The Lion Guard: Return of the Roar	狮子护卫队：咆哮归来	2015-11-22	1	TV			199385
199387	Descendants: Wicked World (Season 1)	后裔：极恶世界 第一季	2015-09-18	18	TV			199388
199388	Descendants: Wicked World (Season 2)	后裔：极恶世界 第二季	2016-10-21	15	TV		199387	
199392	血界戦線 & BEYOND	血界战线 & BEYOND	2017-10-07	12	TV		105075	
199407	女生宿舍日常	女生宿舍日常	2016-11-30	12	WEB			228331
199408	戦隊ヒーロー スキヤキフォース -ぐんまの平和を願うシーズン-		2017-01-09	24	TV			238300
199423	魔道祖师	魔道祖师 前尘篇	2018-07-09	15	WEB			262519
199425	斗罗大陆	斗罗大陆	2018-01-20	26	WEB			252950
199603	SuperMansion	超级豪宅	2015-10-08	13	TV			438914
199827	闇芝居 第4期	暗芝居 第四季	2017-01-15	13	TV		152567	216767
200355	TSUKIPRO THE ANIMATION	月野艺能事务所	2017-10-04	13	TV			234094
200449	Ultimate Avengers	终极复仇者	2006-02-21	1	OVA			200450
200450	Ultimate Avengers 2: Rise of the Panther	终极复仇者2：黑豹的崛起	2006-08-08	1	OVA		200449	
200543	がんがんがんこちゃん	吵闹的顽固小子	2017-01-23	10	TV			238831
200550	Adventure Time (Pilot)	探险活宝 试播集	2007-01-11	1	TV			106653
200589	デスマーチからはじまる異世界狂想曲	爆肝工程师的异世界狂想曲	2018-01-11	12	TV			524169
200887	劇場版 生徒会役員共	剧场版 妄想学生会	2017-07-21	2	剧场版		85204	295918
201040	ハロー!レディリン	俏淑女小玲	1988-05-12	36	TV		77901	
201212	Wake Up, Girls! 新章	Wake Up, Girls! 新章	2017-10-09	13	TV		128801	
201416	ぷるるんっ!しずくちゃん あはっ☆	彩虹水滴 第二季	2007-10-07	51	TV		165395	
201944	大卫贝肯之倒霉特工熊		2017-01-13	1	剧场版			343986
202148	灵域 第4季	灵域 第四季	2016-12-15	12	WEB		180174	219768
202165	テラフォーマーズ 地球編	火星异种 地球篇	2018-08-17	2	OVA		143558	
202242	劇場版ポケットモンスター キミにきめた！	剧场版宝可梦: 就决定是你了！	2017-07-15	1	剧场版		140307	231970,411248
202270	甲鉄城のカバネリ～海門決戦～	甲铁城的卡巴内利～海门决战～	2019-05-10	3	剧场版		118781	
202597	ドリフェス！R	梦之祭 第二季	2017-08-23	12	WEB		175542	
202661	BORUTO-ボルト- NARUTO NEXT GENERATIONS	博人传-火影次世代-	2017-04-05	293	TV		2782,109053	423621
202880	ブラッククローバー	黑色五叶草	2017-10-03	170	TV			567896
202884	Mr. Pickles Season 2	腌黄瓜先生 第二季	2016-04-17	10	TV		145365	241326
202960	勇者指令ダグオン 水晶の瞳の少年	勇者指令 水晶之瞳的少年	1997-10-22	2	OVA		37249	
203027	磯部磯兵衛物語 2期	矶部矶兵卫物语 2期	2017-03-06	6	WEB		149983	
203387	夏目友人帳 陸	夏目友人帐 陆	2017-04-11	11	TV		174638	443676
203526	メイドインアビス	来自深渊	2017-07-07	13	TV			230914
203664	熊出没·奇幻空间		2017-01-28	1	剧场版		161058	229382
203781	DRIFTERS episode 13-14	漂流武士 OVA	2017-12-23	2	OVA		60011	
203812	Lostorage conflated WIXOSS	失忆融合WIXOSS	2018-04-06	12	TV		179097	302797
203863	劇場版 うたの☆プリンスさまっ♪ マジLOVEキングダム	剧场版 歌之王子殿下 真爱王国	2019-06-14	1	剧场版		138754	331652
204027	斉木楠雄のΨ難 第2期	齐木楠雄的灾难 第二季	2018-01-16	24	TV		181354	251831
204200	アイドルタイムプリパラ	偶像时间美妙天堂	2017-04-04	51	TV		162802	236074,321686
204623	蒼穹のファフナー THE BEYOND	苍穹之法芙娜 THE BEYOND	2019-10-23	12	OVA		130230	
204642	星学院II之月灵手环		2016-08-01	26	TV		177049	247808
204678	第11回東方M-1ぐらんぷり	第十一届东方M-1漫才大赛	2016-12-29	1	OVA		163169	234266
204862	はなかっぱ	花样河童	2010-03-29	150	TV			302438
205005	大角牛梦工场	大角牛梦工场	2011-04-23	52	TV		174205	
205015	モンスターストライク セカンドシーズン	怪物弹珠 第二季	2017-04-01	23	WEB		173691	227164
205115	ようじょしぇんき	迷你幼女战记	2017-01-06	13	WEB			658254
205181	哈喽！葡星人	哈喽！葡星人	2016-12-26	26	TV			238070
205211	激战奇轮	激战奇轮		45	TV			205212
205212	激战奇轮第二部			44	TV		205211	463624
205220	夺宝幸运星第四季			104	TV		205221	
205221	夺宝幸运星第三季			52	TV		116149	205220
205280	Di Gi Charat サマースペシャル2000	Di Gi Charat 夏季特别篇2000	2000-08-22	4	TV			205296
205296	Di Gi Charat クリスマススペシャル	Di Gi Charat 圣诞特别篇	2000-12-16	1	TV		205280	205297
205297	Di Gi Charat お花見すぺしゃる	Di Gi Charat 赏花特别篇	2001-04-06	4	TV		205296	205299
205299	Di Gi Charat なつやすみスペシャル	Di Gi Charat 暑假特别篇	2001-08-02	4	TV		205297	205300
205300	Di Gi Charat 星の旅	Di Gi Charat 星之旅	2001-12-22	1	剧场版		205299	98517
205376	トミカハイパーレスキュー ドライブヘッド 機動救急警察	多美卡超救援 DRIVEHEAD 机动救急警察	2017-04-15	39	TV			247817
205518	奇奇颗颗系列之丛林奇遇			52	TV		151721	186959
205534	火线小剧场	火线小剧场 第一季	2016-03-30	10	WEB			311770
205539	那萨尔丁			50	TV			483785
205845	ワールドフールニュース PARTII	World Fool News Part 2	2017-04-02	12	TV		121818	
206052	墓王之王 寒铁斗		2017-05-11	21	WEB		160219	226250
206924	凸变英雄 LEAF		2018-04-14	12	WEB		192247	
206925	一人之下 the outcast 2	一人之下 第二季	2017-10-27	24	WEB		175457	285784
207105	森の伝説 第二楽章	森林传说 第二乐章	2014-08-21	1	短片		137287	
207164	My Life As a Teenage Robot Season 1	我的青少年机器人时代 第一季	2003-08-01	13	TV			208959
207167	結城友奈は勇者である -鷲尾須美の章- 第2章 たましい	结城友奈是勇者 -鹫尾须美之章- 第2章 魂	2017-04-15	1	剧场版		196259	207168
207168	結城友奈は勇者である -鷲尾須美の章- 第3章 やくそく	结城友奈是勇者 -鹫尾须美之章- 第3章 约定	2017-07-08	1	剧场版		207167	109328
207195	ゆるキャン△	摇曳露营△	2018-01-04	12	TV			262897
207230	自宅警備員		2017-03-31	8	OVA	1		297591
207246	Voltron: Legendary Defender Season 2	战神金刚：传奇的保护神 第二季	2017-01-20	13	WEB		184931	220314
207410	泡芙小姐 第三季	泡芙小姐 第三季	2012-03-12	12	WEB		29365	207411
207411	泡芙小姐 第四季	泡芙小姐 第四季 欲望季	2012-10-15	12	WEB		207410	207415
207415	泡芙小姐 第五季	泡芙小姐 第五季 寻找季	2014-07-18	13	WEB		207411	207416
207416	泡芙小姐 第六季	泡芙小姐 第六季 感爱季	2015-07-10	13	WEB		207415	207417
207417	泡芙小姐 第七季	泡芙小姐 第七季 换想季	2016-08-03	12	WEB		207416	
207418	暴走恐怖故事 第3季	暴走恐怖故事 第三季	2015-07-14	10	WEB		141691	207419
207419	暴走恐怖故事 第4季	暴走恐怖故事 第四季	2016-03-15	26	WEB		207418	208504
207461	劇場版 美少女戦士セーラームーンEternal 前編	剧场版 美少女战士Eternal 前篇	2021-01-08	1	剧场版		147683	218446
207491	アイカツスターズ! 2年目	偶像活动Stars 第二年	2017-04-06	50	TV		169274	665413
207698	フューチャーカード バディファイト バッツ	未来卡搭档对战X	2017-04-01	48	TV		169990	242454
207700	Bravest Warriors Season 3	无畏战士 第三季	2017-01-10	6	WEB		86837	533467
207708	おくさま劇場 第2期	我老婆是学生会长 小剧场  第二季	2016-10-02	13	OVA		199271	
207866	凹凸世界 第二季	凹凸世界 第二季	2017-10-08	20	WEB		80913	237991
208044	The Boss Baby	宝贝老板	2017-03-31	1	剧场版			340866
208050	猪猪侠之英雄猪少年		2017-01-07	1	剧场版		208063	282434
208051	斗龙战士之星印罗盘		2016-06-01	1	剧场版			208052
208052	斗龙战士之龙印之战		2015-09-01	60	TV		208051	537572
208053	斗龙战士2 星龙圣域			60	TV			621521
208055	蓝猫淘气3000问之星际大战			384	TV		10220	208057
208056	蓝猫淘气3000问之运动系列			257	TV		208058	208059
208057	蓝猫淘气3000问之恐龙时代			264	TV		208055	208058
208058	蓝猫淘气3000问之海洋世界			312	TV		208057	208056
208059	蓝猫淘气3000问之太空历险记			400	TV		208056	392350
208063	猪猪侠之终极决战		2015-07-10	1	剧场版		208065,208072,384765	208050
208064	猪猪侠之囧囧危机		2012-06-28	1	剧场版			208065
208065	猪猪侠之勇闯巨人岛		2014-05-31	1	剧场版		208064	208063
208066	猪猪侠勇闯未来城		2008-04-01	40	TV		187084	208067
208067	百变猪猪侠		2009-08-13	52	TV		208066	208068
208068	猪猪侠之积木世界的童话故事	猪猪侠之积木世界的童话故事		52	TV		208067	208069
208069	猪猪侠之幸福救援队		2013-06-07	52	TV		208068	208070
208070	猪猪侠之变身小英雄		2013-12-31	52	TV		208069	208071
208071	猪猪侠之变身战队		2014-08-10	52	TV		208070	208072
208072	猪猪侠之百变联盟		2015-01-02	52	TV		208071	208063,208073
208073	猪猪侠之五灵守卫者		2015-09-18	52	TV		208072	208074
208074	猪猪侠之光明守卫者		2016-04-29	52	TV		208073	208076
208076	猪猪侠之梦想守卫者		2016-10-28	52	TV		208074	384731
208077	喜羊羊与灰太狼之羊羊小心愿		2014-07-30	60	TV		90600	208078
208078	喜羊羊与灰太狼之衣橱大冒险		2014-09-04	60	TV		208077	208079
208079	喜羊羊与灰太狼之妈妈乐疯狂		2015-02-12	60	TV		208078	208080
208080	喜羊羊与灰太狼之原始世界历险记		2015-08-17	60	TV		124630,208079	208084
208081	喜羊羊与灰太狼之羊羊小侦探		2016-07-09	52	TV		208084	208085
208082	喜羊羊与灰太狼之智趣羊学堂		2016-07-13	52	TV			642498
208084	喜羊羊与灰太狼之嘻哈闯世界		2016-01-15	60	TV		208080	208081,208085
208085	喜羊羊与灰太狼之深海历险记		2017-01-09	60	TV		208081,208084	269263,269265
208093	逗逗迪迪爱探险			52	TV			442359
208314	劇場版しまじろうのわお! しまじろうと にじのオアシス	巧虎与彩虹的绿洲	2017-03-10	1	剧场版		162782	229040
208318	パンパカパンツ おNEW！		2015-04-04	26	TV			174769
208321	コチンPa! 第二期	KoChinPa!2	2016-12-06	24	TV		165394	261082
208323	巨乳大家族催眠	巨乳大家族催眠	2017-12-01	2	OVA	1	100022	
208324	FOREST FAIRY FIVE	森林妖精五人组	2017-01-06	13	TV			194529
208325	ゆかいなアニマルバス	动物巴士	2017-01-08	12	TV			387104
208347	どちゃもん じゅにあ 2		2016-10-10	16	TV		209643	
208355	Daria Season 1	拽妹黛薇儿 第一季	1997-03-03	13	TV			335671
208360	リルリルフェアリル～魔法の鏡～	莉露莉露妖精莉露～魔法之镜～	2017-04-07	51	TV		162663	237762
208370	続『刀剣乱舞-花丸-』	续「刀剑乱舞-花丸-」	2018-01-07	12	TV		175525,226599	328197
208394	蓝猫龙骑团		2009-11-11	60	TV			208395
208395	蓝猫龙骑团之生命之花		2010-12-19	48	TV		208394	208396
208396	蓝猫龙骑团之炫迪传奇		2011-11-12	76	TV		208395	385006
208400	クレヨンしんちゃん外伝 おもちゃウォーズ	蜡笔小新外传 玩具大战	2016-11-09	13	WEB		190589	265792
208408	甜心格格 第三季	甜心格格 第三季	2017-02-04	26	TV		49811	305743
208423	うぇいくあっぷがーるZOO！台湾でGO！	Wake Up, Girl ZOO！从台湾GO！	2017-02-05	1	WEB		185783	
208456	黒子のバスケ FAN DISC ～光射す場所へ～		2014-12-25	1	OVA		63131	208457
208457	黒子のバスケ FAN DISC ～これから何度でも～		2017-01-27	1	OVA		208456	
208465	Miffy's Adventures Big and Small	米菲大冒险	2015-10-02	26	TV		63277	
208504	暴走恐怖故事 第5季	暴走恐怖故事 第五季 诡闻秘案	2017-02-07	24	WEB		207419	229732
208572	Marvel's Avengers Assemble Season 3	复仇者集结 第三季	2016-03-13	26	TV		115007	226719
208576	My Little Pony Friendship is Magic Season 7	小马宝莉：友谊就是魔法 第七季	2017-04-15	26	TV		170415	241427
208708	Castlevania Season 1	恶魔城 第一季	2017-07-07	4	WEB			208709
208709	Castlevania Season 2	恶魔城 第二季	2018-10-26	8	WEB		208708	265712
208713	三只兔子	三只兔子	2017-02-10	26	WEB			240259
208756	ベイブレードバースト ゴッド	霸旋陀螺 爆刃对决 神	2017-04-03	51	TV		137693	231971
208825	ガールズ＆パンツァー 最終章 第2話	少女与战车 最终章 第2话	2020-02-27	1	OVA		191302	208826
208826	ガールズ＆パンツァー 最終章 第3話	少女与战车 最终章 第3话	2021-12-24	1	OVA		208825	208827
208827	ガールズ＆パンツァー 最終章 第4話	少女与战车 最终章 第4话	2024-03-27	1	OVA		208826	208829
208829	ガールズ＆パンツァー 最終章 第5話	少女与战车 最终章 第5话	2026-10-09	1	OVA		208827	208830
208830	ガールズ＆パンツァー 最終章 第6話	少女与战车 最终章 第6话		1	OVA		208829	
208908	NEW GAME!!		2017-07-11	12	TV		150775	
208930	アイドルマスター SideM	偶像大师 SideM	2017-10-07	13	TV		223268	
208959	My Life As a Teenage Robot Season 2	我的青少年机器人时代 第二季	2004-12-08	14	TV		207164	208960
208960	My Life As a Teenage Robot Season 3	我的青少年机器人时代 第三季	2008-10-05	13	TV		208959	
209060	South Park Season 21	南方公园 第21季	2017-09-13	10	TV		177094	209062
209062	South Park Season 22	南方公园 第22季	2018-09-26	10	TV		209060	209063
209063	South Park Season 23	南方公园 第23季	2019-09-25	10	TV	1	209062	316709
209262	Bob's Burgers Season 7	开心汉堡店 第七季	2016-09-25	10	TV		181400	439022
209352	少年アシベ GO！GO！ゴマちゃん 第2シリーズ	少年阿贝 GO!GO!小芝麻 第二季	2017-04-04	32	TV		168467	240459
209408	賭ケグルイ	狂赌之渊	2017-07-01	12	TV		356658	234778
209548	かいけつゾロリ	怪侠佐罗利	2004-02-01	52	TV			161702
209557	リングにかけろ1	拳王创世纪1	2004-10-06	12	TV			75520
209567	The Lion King	狮子王	2019-07-12	1	剧场版		400731	
209579	Smurfs: The Lost Village	蓝精灵：失落的村庄	2017-04-07	1	剧场版			559070
209625	トランスフォーマー カーロボット	变形金刚：汽车人战记	2000-04-05	39	TV		157214	
209630	猫のダヤン ふしぎ劇場		2016-10-01	30	TV		258329	
209643	どちゃもん じゅにあ		2015-10-05	16	TV			208347
209653	おしりかじり虫 第4シリーズ	咬屁屁虫 第四季	2015-10-05	10	TV		115050	
209680	デュエル・マスターズ	决斗大师	2017-04-02	51	TV			240513
209687	デュエル・マスターズ ビクトリー	决斗大师 Victory	2011-04-02	52	TV			293620
209764	カードファイト!! ヴァンガード	卡片战斗先导者!!Vanguard	2018-05-05	51	TV		290591	285664
209839	信長の忍び〜伊勢・金ヶ崎篇〜	信长的忍者 伊势·金崎篇	2017-04-07	26	TV		170242	235421
209908	Cars 3	汽车总动员3	2017-06-16	1	剧场版		46112	
209925	Coco	寻梦环游记	2017-11-22	1	剧场版			545813
209955	阿拉德：宿命之门	阿拉德：宿命之门	2017-04-28	20	WEB			270139
209956	神撃のバハムート GENESIS Short Story	巴哈姆特之怒 GENESIS Short Story	2016-12-28	2	WEB		91986	132981
210226	The Legend of Tarzan	泰山卡通系列	2001-09-03	39	TV		40189	
210231	地獄少女 宵伽	地狱少女 宵伽	2017-07-14	12	TV		1120	
210271	チエちゃん奮戦記 じゃりン子チエ	小麻烦千惠 千惠的奋斗日常	1991-10-19	39	TV		213654	
210272	ラブライブ! サンシャイン!! 第2期	LoveLive! Sunshine!! 第二季	2017-10-07	13	TV		165553	234295
210289	We Bare Bears Season 3	咱们裸熊 第三季	2017-04-03	44	TV		170557	238589
210324	マーベル フューチャー・アベンジャーズ	漫威未来复仇者	2017-07-22	26	TV			263756
210391	太乙仙魔录之灵飞纪Ⅱ	太乙仙魔录之灵飞纪 第二季	2017-04-25	26	WEB		162673	282737
210399	Trolls	魔发精灵	2016-10-28	1	剧场版			210400
210400	Trolls World Tour	魔发精灵2：世界之旅	2020-04-10	1	剧场版		210399	421003
210443	メガゾーン 23 XI	无限地带23 XI					37033	
210465	かみさまみならい ヒミツのここたま 第2シリーズ	见习神明 秘密的心灵 第2部	2017-04-06	50	TV		137894	240383
210469	The Snowman and the Snowdog	雪人与雪犬	2012-12-24	1	剧场版		210495	
210486	To LOVEる-とらぶる-ダークネス OVA	出包王女Darkness OVA	2017-11-02	1	OVA		45884	
210495	The Snowman	雪人	1982-12-26	1	剧场版			210469
210761	製品用途擬人化劇場 ピュアスキンジェリー邸の潤わしき人々	产品用途拟人化剧场 pure skin jelly 滋润的众人	2010-11-29	15	WEB			210763
210763	製品用途擬人化劇場 ピュアスキンジェリー邸の潤わしき人々～2nd Season～	产品用途拟人化剧场 pure skin jelly 滋润的众人 第二季	2011-10-27	12	WEB		210761	
210806	ピカイア!!	皮卡虫!!	2017-02-26	13	TV		135809	
210811	快把我哥带走	快把我哥带走	2017-03-28	12	WEB			219143
210861	Wolverine vs. Sabretooth	金刚狼大战剑齿虎	2014-01-14	6				585371
210864	魔法使いの嫁	魔法使的新娘	2017-10-07	24	TV			399820
211015	のらみみ	野良耳	2008-01-09	12	TV			215551
211027	オーバーロードⅡ	OVERLORD 第二季	2018-01-09	13	TV		112146	242170
211035	鬼灯の冷徹 第弐期	鬼灯的冷彻 第二季	2017-10-07	13	TV		77188	234305
211089	劇場版 響け！ユーフォニアム～届けたいメロディ～	剧场版 吹响吧！上低音号～想要传达的旋律～	2017-09-30	1	剧场版		115908,152092	216371,216372
211097	ゲゲゲの鬼太郎 地獄編	鬼太郎 第三季 地狱篇	1988-02-08	7	TV		53789	53741
211114	ねこねこ日本史 第2期	猫猫日本史 第二季	2017-04-05	32	TV		168468	240775
211142	曇天に笑う＜外伝＞～決別、犲の誓い～	笑对昙天 <外传> ～诀别、豺的誓言～	2017-12-02	1	剧场版			218214
211228	和女儿的日常 第二季	和女儿的日常 第二季	2017-03-21	18	WEB		195711	356529
211269	Adventure Time season 9	探险活宝 第九季	2017-09-17	13	TV		194300	
211271	Ben 10: Alien Force Season 1	少年骇客：外星英雄 第一季	2008-04-18	13	TV		277170	277171
211280	Шерлок Холмс и доктор Ватсон: Убийство лорда Уотербрука	福尔摩斯与华生医生：沃特布鲁克勋爵谋杀案		1	剧场版			211325
211325	Шерлок Холмс и чёрные человечки	福尔摩斯与小黑人	2012-12-24	1	剧场版		211280	
211437	交響詩篇エウレカセブン ハイエボリューション1	交响诗篇 Hi-Evolution 1	2017-09-16	1	剧场版			211438
211438	ANEMONE/交響詩篇エウレカセブン ハイエボリューション	ANEMONE/交响诗篇 Hi-Evolution	2018-11-10	1	剧场版		211437	211439
211439	EUREKA/交響詩篇エウレカセブン ハイエボリューション	EUREKA/交响诗篇 Hi-Evolution	2021-11-26	1	剧场版		211438	
211522	ハイキュー!! 才能とセンス	排球少年 才能与感觉	2017-09-15	1	剧场版		128952	211523
211523	ハイキュー!! コンセプトの戦い	排球少年 观念之战	2017-09-29	1	剧场版		211522	
211549	火线传奇 第三季	火线传奇 第三季	2017-05-05	13	WEB		191100	
211556	まっすぐにいこう。第2期	狗狗向前冲 第二季	2004-03-27	5	TV		96047	
211559	古代王者 恐竜キング Dキッズ・アドベンチャー 翼龍伝説	古代王者 恐龙王 翼龙传说	2008-02-03	30	TV		142282	
211560	極上!!めちゃモテ委員長 セカンドコレクション	极上！！超人气委员长 第二季	2010-04-03	51	TV		3640	
211562	美男高校地球防衛部LOVE！LOVE！LOVE！	美男高校地球防卫部LOVE！LOVE！LOVE！	2017-11-15	1	OVA		143099	234378
211567	3月のライオン 第2シリーズ	3月的狮子 第二季	2017-10-14	22	TV		147068	
211581	グラゼニ	钱进球场	2018-04-06	12	TV			251060
211616	劇場版 Free!-Timeless Medley- 絆	剧场版 Free!-Timeless Medley- 绊	2017-04-22	1	剧场版		129246	211617
211617	劇場版 Free!-Timeless Medley- 約束	剧场版 Free!-Timeless Medley- 约束	2017-07-01	1	剧场版		211616	211618
211618	特別版 Free!-Take Your Marks-		2017-10-28	4	剧场版		211617	228820
211630	みつばちマーヤの冒険	玛雅蜜蜂历险记	1975-04-01	52	TV			501771
211723	異世界はスマートフォンとともに。	带着智能手机闯荡异世界。	2017-07-11	12	TV			378101
211853	劇場版 マジンガーZ / INFINITY	剧场版 魔神Z / INFINITY	2018-01-13	1	剧场版		10390,30163	
211856	Captain Underpants: The First Epic Movie	内裤队长	2017-06-02	1	剧场版			621374
211882	キミノヒカリ ～あさがおと加瀬さん。～	你的光芒 ～牵牛花与加濑同学。～	2017-05-07	1	WEB			223818
211936	プリンセス・プリンシパル	Princess Principal	2017-07-09	12	TV			244928
212003	ウマ娘 プリティーダービー	赛马娘 Pretty Derby	2018-04-01	13	TV			315574
212009	タイムボカン 逆襲の三悪人	时间飞船 逆袭的三恶人	2017-10-07	24	TV		175529	
212022	直感×アルゴリズム♪	麟&犀×AI韵律♪	2017-08-17	8	WEB			257497
212038	Samurai Jack (Season 5)	杰克武士 第五季	2017-03-11	10	TV		88029	
212059	GODZILLA 決戦機動増殖都市	哥斯拉 决战之都	2018-05-18	1	剧场版		190385	212060
212060	GODZILLA 星を喰う者	哥斯拉 噬星者	2018-11-09	1	剧场版		212059	
212084	Aチャンネル 鍋を食べよう	A频道 来吃火锅吧	2017-09-27	1	OVA		29432	
212127	前方高能之滑稽	前方高能之滑稽	2017-01-13	8	WEB		212128	232984
212128	前方高能之神烦狗	前方高能之神烦狗	2016-06-07	20	WEB			212127
212150	はっけん たいけん だいすき! しまじろう	发现、体验、最喜欢！巧虎	2008-04-07	101	TV		212151	212152
212151	しましまとらのしまじろう	可爱巧虎岛	1993-12-13	726	TV			212150
212152	しまじろう ヘソカ	巧虎 HE SO KA	2010-04-05	101	TV		212150	212153
212153	しまじろうのわお!	巧虎 WAO！	2012-04-02	744	TV		212152	
212176	こま撮りえいが こまねこ	追逐拍摄的可玛猫	2006-12-09	1	剧场版			113877
212186	けものフレンズ2	兽娘动物园2	2019-01-14	12	TV		176478	
212221	CHAOS;CHILD SILENT SKY	混沌子 SILENT SKY	2017-06-17	2	剧场版		129805	
212240	カードキャプターさくら クリアカード編 プロローグ さくらとふたつのくま	魔卡少女樱 透明牌篇 序幕 小樱与两人的小熊	2017-09-13	1	OVA		1940	183891
212272	わしも-wasimo- 第5シリーズ	WASIMO 第五季	2017-04-03	12	TV		186594	241879
212279	ポプテピピック	pop子和pipi美的日常	2018-01-06	12	TV			363600
212315	クラシカロイド 第2シリーズ	克拉斯卡劳埃德 第二季	2017-10-07	25	TV		139137	
212331	ふるさとめぐり 日本の昔ばなし	故乡漫游 日本的古老传说	2017-04-02	50	TV		37619	
212333	风灵玉秀	风灵玉秀	2017-04-01	12	WEB			358570
212361	斗破苍穹 第二季	斗破苍穹 第二季	2018-03-03	12	WEB		153197,345784	282734
212363	那年那兔那些事儿 第四季		2017-06-30	12	WEB		180485	291642
212364	口水三国 第二季	口水三国 第二季	2017-04-19	47	WEB		144041	
212449	すて猫トラちゃん	弃猫小虎	1947-09-25	1	剧场版			488573
212452	ちびくろさんぼのとらたいじ	小黑打虎			剧场版			653534
212453	こねこのらくがき	小猫的涂鸦	1957-05-13	1	剧场版			159665
212609	おそ松さん 第2期	阿松 第二季	2017-10-02	25	TV		139408	309910
212610	攻殻機動隊 SAC_2045	攻壳机动队 SAC_2045	2020-04-23	12	WEB		320	304727
212675	てーきゅう 9期	网球并不可笑嘛 9期	2017-07-12	12	TV		189639	
212775	干物妹! うまるちゃんR	干物妹！小埋R	2017-10-08	12	TV		120187	
212803	ガーリッシュ ナンバー 修羅	少女编号 修罗					167434	
212813	あはれ！名作くん  第2期	做得很好！名作君 第二季	2017-04-07	39	TV		175468	239750
212814	Tangled: The Series (Season 1)	魔发奇缘 第一季	2017-03-24	21	TV		194823	236893
212851	Animals. Season 2	纽约屁民 第二季	2017-03-17	10	TV		175605	259605
212923	Star Wars Rebels (Season 2)	星球大战：义军崛起 第二季	2015-06-20	22	TV		189703	212924
212924	Star Wars Rebels (Season 3)	星球大战：义军崛起 第三季	2016-09-24	22	TV		212923	228437
213111	悪魔くん	恶魔小子	1989-04-15	42	TV			360121
213290	Archer (season 8)	间谍亚契 第八季	2017-04-05	8	TV		399179	247562
213418	万古仙穹	万古仙穹	2017-05-18	12	WEB			231357
213428	Star Wars: The Clone Wars (2008)	星球大战：克隆人战争	2008-08-15	1	剧场版			137313
213442	Teen Titans: The Judas Contract	少年泰坦：犹大契约	2017-04-04	1	OVA		167721	
213557	巴啦啦小魔仙之飞越彩灵堡 第二季		2017-05-09	26	TV		194923	
213654	じゃりン子チエ	小麻烦千惠	1981-10-03	64	TV			210271
213723	天谕	天谕	2017-04-26	13	WEB			226632
213760	Robot Chicken Season 8	机器鸡 第八季	2015-10-25	20	TV		129951	292871
213787	新・巨人の星II	新巨人之星II	1979-04-14	23	TV		53754	
213816	ReLIFE 完結編	ReLIFE 完结篇	2018-03-21	4	OVA		126173	
214043	新围棋少年		2022-06-01	52	TV		29400	
214045	京剧猫:霸王折				剧场版		193874	
214208	ユーリ!!! on ICE 劇場版: ICE ADOLESCENCE	冰上的尤里 剧场版		1	剧场版		174998	
214218	ちいさなあくま3		2015-11-21			1	313009	313010
214257	バビ・ストック II ザ・リベンジ・オブ アイズマン -愛の鼓動の彼方に		1986-11-10	1	OVA		214258	
214258	バビ・ストック I 果てしなき標的		1985-12-10	1	OVA			214257
214265	少女☆歌劇 レヴュースタァライト	少女☆歌剧 Revue Starlight	2018-07-12	12	TV			294135,621181
214272	ようこそ実力至上主義の教室へ	欢迎来到实力至上主义的教室	2017-07-12	12	TV			371546
214283	国民老公带回家 第二季	国民老公带回家 第二季	2017-05-01	12	WEB		193870	223145
214510	ガルフォース3 STARDUST WAR	银河女战士3 STARDUST WAR	1988-11-02	1	OVA		37513	67746
214518	少年锦衣卫 第二季	少年锦衣卫 第二季	2017-09-28	13	WEB		165806	235039
214562	ガルフォース 地球章	银河女战士 地球章	1989-12-15	3	OVA		67746	214609
214609	ガルフォース 新世紀編	银河女战士 新世纪篇	1991-12-01	2	OVA		214562	108328
214741	西行纪	西行纪	2018-07-18	16	WEB			263324
214759	トゥインクル ノーラ ロック・ミー！	闪耀的我	1985-11-21	1	OVA		324060	
214782	天眼神虎			52	TV			214783
214783	天眼神虎第二部			26	TV		214782	
214790	妖神记	妖神记	2017-05-09	40	WEB			233703
215023	覇王大系リューナイト アデュー・レジェンド	霸王大系龙骑士：亚迪传说	1994-07-21	13	OVA			215024
215024	覇王大系リューナイト アデュー・レジェンドII	霸王大系龙骑士：亚迪传说2	1995-12-18	3	OVA		215023	215025
215025	覇王大系リューナイト アデュー・レジェンド・ファイナル	霸王大系龙骑士：亚迪传说终结篇	1996-05-25	1	OVA		215024	
215096	RWBY Chibi Season 2		2017-05-13	24	WEB		182215	237133
215425	映画 中二病でも恋がしたい！ -Take On Me-	电影 中二病也要谈恋爱！ -Take On Me-	2018-01-06	1	剧场版		72942	
215551	のらみみ2	野良耳2	2008-10-01	13	TV		211015	
215618	劇場版 のんのんびより ばけーしょん	剧场版 悠哉日常大王 Vacation	2018-08-25	1	剧场版		86895,101442	282684
215916	How To Train Your Dragon: The Hidden World	驯龙高手：隐秘的世界	2019-02-22	1	剧场版		95796	
215921	Batman: Return of the Caped Crusaders	蝙蝠侠：披风斗士归来	2016-10-11	1	OVA			223334
216137	食神魂	食神魂	2017-05-26	12	WEB			222203
216310	ヤマノススメ サードシーズン	向山进发 第三季	2018-07-02	13	TV		86670	290980
216371	リズと青い鳥	莉兹与青鸟	2018-04-21	1	剧场版		152091,211089	
216372	劇場版 響け！ユーフォニアム～誓いのフィナーレ～	剧场版 吹响吧！上低音号～誓言的终章～	2019-04-19	1	剧场版		152091,211089	386195
216376	ななみちゃん	魔法娜娜咪	2004-10-02	12	TV			216378
216378	ななみちゃん 第2シリーズ	魔法娜娜咪 第二季	2005-06-17	16	TV		216376	216379
216379	ななみちゃん 第3シリーズ	魔法娜娜咪 第三季	2006-08-04	16	TV		216378	216383
216383	ななみちゃん 第4シリーズ	魔法娜娜咪 第四季	2007-06-01	16	TV		216379	216384
216384	ななみちゃん 第5シリーズ	魔法娜娜咪 第五季	2008-06-08	16	TV		216383	216385
216385	ななみちゃん 第6シリーズ	魔法娜娜咪 第六季	2009-06-14	16	TV		216384	
216461	The Angry Birds Movie 2	愤怒的小鸟2	2019-09-20	1	剧场版		147343	499105
216525	Ralph Breaks the Internet	无敌破坏王2：大闹互联网	2018-11-21	1	剧场版		50658	
216593	レズ忍 くのいち色技忍法帳 前編		2017-02-07	1		1		299788
216767	闇芝居 第5期	暗芝居 第五季	2017-07-02	13	TV		199827	250117
216788	インフェルノコップ 第2期	地狱刑事 第二季			WEB		59160	
216799	The Venture Bros. Season 1	冒险兄弟 第一季	2003-02-16	15	TV			219468
217069	Star vs. the Forces of Evil (Season 3)	星蝶公主 第三季	2017-07-15	21	TV		187225	257507
217071	機動警察パトレイバー EZY File 1	机动警察 EZY 第一章	2026-05-15	3	剧场版		13552	622412
217072	映画ドラえもん のび太の宝島	哆啦A梦：大雄的金银岛	2018-03-03	1	剧场版		187132	263808
217077	The Nut Job 2: Nutty by Nature	抢劫坚果店2	2017-08-11	1	剧场版		95779	
217167	映画 妖怪ウォッチ シャドウサイド 鬼王の復活	电影 妖怪手表 暗影面 鬼王的复活	2017-12-16	1	剧场版			240592
217235	全职高手2	全职高手 第二季	2020-09-25	12	WEB		221020	345806
217285	シドニアの騎士 あいつむぐほし	希德尼娅的骑士：织爱之星	2021-06-04	1	剧场版		105255	
217287	BLAME! 2				剧场版		155359	
217300	進撃の巨人 Season 3	进击的巨人 第三季	2018-07-22	12	TV		118335	263750
217405	少女前线 人型小剧场		2019-07-28	24	WEB			316182
217573	リラックマとカオルさん	轻松小熊和小薰	2019-04-19	13	WEB			317694
217624	十万个冷笑话2	十万个冷笑话2	2017-08-18	1	剧场版		92290	607945
217629	弱虫ペダル GLORY LINE	飙速宅男 GLORY LINE	2018-01-08	25	TV		148181	361110
217632	食戟のソーマ 餐ノ皿	食戟之灵 餐之皿	2017-10-03	12	TV		160124	232646
217660	盾の勇者の成り上がり	盾之勇者成名录	2019-01-09	25	TV			289906
218209	白雪公主和三只小猪		2016-08-26	1	剧场版			132166
218210	花のあすか組!2 ロンリーキャッツ・バトルロイヤル	花之飞鸟组2	1990-03-23	1	OVA		187905	
218214	曇天に笑う＜外伝＞～宿命、双頭の風魔～	笑对昙天 <外传> ～宿命、双头的风魔～	2018-06-09	1	剧场版		211142	218215
218215	曇天に笑う＜外伝＞ ～桜華、天望の架橋～	笑对昙天 <外传>～樱华、天望的架桥～	2018-09-01	1	剧场版		218214	
218241	三只小猪2		2017-05-27	1	剧场版		134428	
218383	ラブ米 -WE LOVE RICE- 二期作	爱米 -WE LOVE RICE- 第二季	2017-10-06	12	TV		198598	
218446	劇場版 美少女戦士セーラームーンEternal 後編	剧场版 美少女战士Eternal 后篇	2021-02-11	1	剧场版		207461	379605
218453	伊藤潤二『コレクション』	伊藤润二惊选集	2018-01-05	12	TV			384280
218712	SSSS.GRIDMAN	SSSS.古立特	2018-10-06	12	TV			362335
218713	プロメア	普罗米亚	2019-05-24	1	剧场版		282971	
218740	銀魂. ポロリ篇	银魂. 走光篇	2017-10-01	13	TV		193298	232884
219075	Peppa Pig season 1	小猪佩奇 第一季	2004-05-31	52	TV			332757
219097	THE ZERO CENTURY EMERALDAS	零世纪 艾美拉尔达丝		1				219098
219098	THE ZERO CENTURY HERLOCK	零世纪 哈洛克			剧场版		219097	219099
219099	THE ZERO CENTURY MAETEL	零世纪 梅德尔			剧场版		219098	
219141	我为歌狂之旋律重启		2020-10-02	12	WEB		10745	
219143	快把我哥带走2	快把我哥带走2	2018-07-02	24	WEB		210811	287316
219144	择天记 第三季	择天记 第三季	2017-07-26	12	WEB		177248	250189
219164	ルパン三世 PART5	鲁邦三世 PART5	2018-04-03	24	TV		115661	337430
219200	からかい上手の高木さん	擅长捉弄的高木同学	2018-01-08	12	TV			271151
219263	グリザイア：ファントムトリガー THE ANIMATION	灰色：幻影扳机 THE ANIMATION	2019-06-28	2	剧场版			281325
219377	こねこのチー ポンポンらー大旅行	甜甜私房猫 吃饱啦大旅行	2018-04-08	25	TV		180710	481662
219468	The Venture Bros. Season 2	冒险兄弟 第二季	2006-06-25	13	TV		216799	226559
219483	アイドルマスター シンデレラガールズ劇場 第2期	偶像大师 灰姑娘女孩剧场 第二季	2017-10-03	13	TV		195328	238087
219484	淫妖蟲 蝕～凌触島退魔録～孕ミ堕チル少女達Anime Edition		2017-08-04	1	OVA	1	70283	
219485	弱虫ペダル Re:GENERATION	飙速宅男 Re:GENERATION	2017-10-13	1	剧场版		134232	
219578	F Is for Family Season 2	福是全家福的福 第二季	2017-05-30	10	TV		288831	288833
219654	Bojack Horseman Season 4	马男波杰克4	2017-09-08	12	TV		186881	254470
219759	雨色ココア ame-con!!	雨色可可 ame-con!!	2017-10-04	12	TV		181089	264358
219768	灵域 第5季	灵域 第五季	2017-07-20	12	WEB		202148	243484
219779	デビルズライン	魔性之线	2018-04-07	12	TV			299378
219927	劇場版 七つの大罪 天空の囚われ人	剧场版 七大罪 天空的囚人	2018-08-18	1	剧场版			280380
219952	機動戦士ガンダム サンダーボルト BANDIT FLOWER	机动战士高达 雷霆宙域 BANDIT FLOWER	2017-11-18	1	剧场版		180172	
219955	せいぜいがんばれ！魔法少女くるみ	尽量加油吧！魔法少女胡桃	2017-07-29	25	WEB			256948
219986	Futurama (Season 5)	飞出个未来 第5季	2008-03-23	16	TV		84756	5753
220014	学校の幽霊	学校的幽灵	1995-10-21	6	OVA			601965
220079	タオタオ絵本館 世界動物ばなし	小熊猫豆豆	1983-10-07	52	TV		66303	
220088	Iron Man: Armored Adventures (Season 1)	少年钢铁侠 第一季	2009-04-24	26	TV			585405
220187	バジリスク ～桜花忍法帖～	樱花忍法帖	2018-01-08	24	TV		3916	
220188	バジャのスタジオ	巴加的工作室	2017-10-28	1	OVA			286132
220314	Voltron: Legendary Defender Season 3	战神金刚：传奇的保护神 第三季	2017-08-04	7	WEB		207246	228285
220342	DuckTales Season 1 (2017)	新唐老鸭俱乐部 第一季	2017-08-12	23	TV			317877
220403	魔法少女リリカルなのは Detonation	魔法少女奈叶 Detonation	2019-06-19	1	剧场版		68284	530729
220631	映画 この素晴らしい世界に祝福を！紅伝説	电影 为美好的世界献上祝福！红传说	2019-08-30	1	剧场版		174043	342667
220989	Animator vs. Animation	动画师和动画		10				332973
221018	カードファイト!! ヴァンガードG Z	卡片战斗先导者 GZ	2017-10-08	24	TV		191766	
221020	全职高手 特别篇	全职高手 特别篇	2018-04-27	3	WEB		153196	217235
221021	萌妻食神		2018-12-29	12	WEB			352153
221057	アル戦4コマ劇場 第2期	亚尔战4格剧场 第2期	2016-09-07	8	OVA		164509	
221062	PERSONA5 the Animation	女神异闻录5	2018-04-07	26	TV			262382
221127	ゴールデンカムイ	黄金神威	2018-04-09	12	TV			251547
221190	閃乱カグラ SHINOVI MASTER -東京妖魔篇-	闪乱神乐 SHINOVI MASTER -东京妖魔篇-	2018-10-12	12	TV		46013	
221227	我的三体 罗辑传		2016-06-09	11	WEB			246001
221295	聖闘士星矢: Knights of the Zodiac	圣斗士星矢：黄道十二宫战士	2019-07-19	6	WEB			297464
221326	恋するシロクマ 「食べるなら」篇		2017-05-13	1	剧场版		221328	221327
221327	恋するシロクマ 「誤解」篇		2017-07-01	1	剧场版		221326	224547
221328	恋するシロクマ 「すれ違い」篇		2017-03-04	1	剧场版			221326
221439	Marvel's Spider-Man Origin Shorts	漫威蜘蛛侠：起源	2017-07-24	6	TV			226238
221490	だがしかし2	粗点心战争 第二季	2018-01-11	12	TV		146994	
221539	Carmen Sandiego Season 1	大神偷卡门	2019-01-18	9	WEB			296178
221637	劇場版マクロスΔ 激情のワルキューレ	剧场版 超时空要塞Δ 激情的Walküre	2018-02-09	1	剧场版			261807
221655	Lostorage conflated WIXOSS -missing link-	失忆融合WIXOSS -missing link-	2017-12-14	1	OVA		179097	
222203	食神魂 第二季	食神魂 第二季	2018-03-14	12	WEB		216137	
222227	俺たちゃ妖怪人間	我们是妖怪人间	2017-10-04	24	TV			241031
222278	峡谷重案组	峡谷重案组	2017-06-23	12	WEB			234061
222321	倒凶十将伝 封魔五行伝承	倒凶十将传 封魔五行传承	2001-08-24	3	OVA		8509	
222400	Mickey Mouse Season 4	米老鼠2013 第四季	2017-06-09	19	TV		168748	324300
222884	剑王朝	剑王朝	2017-04-26	12	WEB			227663
222888	Barbie and Her Sisters in the Great Puppy Adventure	芭比与姐妹之狗狗大冒险	2015-10-20	1	剧场版			222889
222889	Barbie and Her Sisters in a Puppy Chase	芭比与姐妹之狗狗奇遇记	2016-10-18	1	剧场版		222888	
222914	画江湖之换世门生	画江湖之换世门生	2017-09-14	20	WEB			340526
222960	魔晶猎人 第四季	魔晶猎人 第四季 黑暗觉醒	2017-07-13	28	WEB		187050	305960
223005	暴基枪手之AK西游	暴基枪手之AK西游	2017-06-20	24	WEB		171339	
223020	民间鬼术 第3季	民间鬼术 第三季	2017-05-05	10	WEB		178341	
223066	禽兽超人之迷雾围城		2017-07-12	12	WEB		187571	
223081	京剧猫之信念的冒险	京剧猫之信念的冒险	2017-07-10	52	TV		193874	258191
223092	心灵方块：我的冒险世界2	心灵方块：我的冒险世界2	2017-07-14	16	WEB		187141	
223120	嗨，顾得白 第2部	嗨，顾得白 第二部	2017-08-21	160	WEB		163464	
223124	四海鲸骑	四海鲸骑	2018-08-16	12	WEB			288780
223129	邪王追妻	邪王追妻	2019-01-24	13	WEB			315263
223132	无聊诗社	无聊诗社	2017-07-17	15	WEB			245783
223134	ファイアボール ユーモラス	火球 幽默之章	2017-10-06	3	TV		14996	316612
223145	国民老公带回家 第三季	国民老公带回家 第三季	2017-10-25	12	WEB		214283	250204
223146	全职法师Ⅱ	全职法师 第二季	2017-09-15	12	WEB		190111	249608
223147	凡人修仙传之凡人风起天南	凡人修仙传之凡人风起天南	2020-07-25	8	WEB			313634
223148	星辰变	星辰变	2018-10-05	12	WEB			270749
223153	阿狸梦之岛·幸运星	阿狸梦之岛·幸运星	2017-04-21	1	WEB		193983	223821
223235	末世觉醒之入侵	末世觉醒之入侵	2018-05-24	13	WEB			256721
223268	THE IDOLM@STER Prologue SideM -Episode of Jupiter-	偶像大师 SideM 序章 -Episode of Jupiter-	2017-09-30	1	TV			208930
223280	Batman: Mystery of the Batwoman	蝙蝠侠：神秘的女蝙蝠侠	2003-10-21	1	OVA		113089,119678	
223289	Starship Troopers: Traitor of Mars	星船伞兵：火星叛徒	2017-08-21	1	剧场版		40879	
223334	Batman vs. Two-Face	蝙蝠侠大战双面人	2017-10-10	1	OVA		215921	
223398	劇場版Infini-T Force／ガッチャマン さらば友よ	剧场版Infini-T Force 飞鹰侠 再见了朋友	2018-02-24	1	剧场版		175530	
223407	怪獣娘～ウルトラ怪獣擬人化計画～ 第2期	怪兽娘～奥特怪兽拟人化计划～ 第二季	2018-01-09	12	TV		175405	
223541	武庚纪Ⅱ 天启	武庚纪之天启	2017-12-29	42	WEB		176509	262732
223542	降灵记 第二季				WEB		195666	
223818	あさがおと加瀬さん。	牵牛花与加濑同学。	2018-11-21	1	OVA		211882	
223821	阿狸梦之岛·123木头人	阿狸梦之岛·123木头人	2017-08-28	1	WEB		223153	
224547	恋するシロクマ 「不安」篇		2017-09-04	1	剧场版		221327	235552
224641	武动乾坤	武动乾坤	2019-01-27	12	WEB			309600
224720	RWBY Volume 5	红白黑黄 第五季	2017-10-14	14	WEB		186257	256155
224762	Pingu in the City		2017-10-07	26	TV			283655
225022	宇宙戦艦ティラミス	宇宙战舰提拉米斯	2018-04-02	13	TV			251666
225023	东北萌兽	东北萌兽	2017-06-21	12	WEB			250984
225031	天天成长记	天天成长记	2017-07-28	13	WEB			235243
225086	The Looney Tunes Show Season 2	华纳巨星总动员2011 第2季	2012-10-02	26	TV		18444	
225156	シルバニアファミリー ミニストーリー	森林家族小故事	2017-10-07	12	TV			301776
225328	The Cyanide and Happiness Show Season 3	氰化欢乐秀 第三季	2017-02-02	10	WEB		170789	
225462	Re:ゼロから始める異世界生活 Memory Snow	Re：从零开始的异世界生活 雪之回忆	2019-06-07	1	OVA			261805
225604	ソードアート・オンライン アリシゼーション	刀剑神域 爱丽丝篇	2018-10-06	24	TV		148099	279457
225655	スペクトラルフォース クロニクル ディバージェンス	鬼魂力量 编年史 分歧点	2005-06-22	1	OVA		74652	
225801	ブレードランナー ブラックアウト 2022	银翼杀手：2022大断电	2017-09-27	1	WEB			268048
225866	全职法师Q！Ⅱ	全职法师Q版小剧场 第2季	2017-09-15	12	WEB		192870	
225868	Steven Universe Season 5	史蒂文的宇宙 第五季	2017-05-29	32	TV		190537	293359
225880	爱在西元前	爱在西元前	2019-07-13	12	WEB			328516
225990	探探猫之奇幻马戏团	探探猫之奇幻马戏团	2017-09-16	52	TV			240965
226014	地灵曲	地灵曲	2017-09-19	18	WEB			276432
226187	フルメタル・パニック! ワン・ナイト・スタンド	全金属狂潮 One Night Stand	2018-01-13	1	剧场版		226190	226191
226190	フルメタル・パニック! ボーイ・ミーツ・ガール	全金属狂潮 Boy Meets Girl	2017-11-25	1	剧场版			226187
226191	フルメタル・パニック! イントゥ・ザ・ブルー	全金属狂潮 Into the Blue	2018-01-20	1	剧场版		226187	337
226193	The Croods: A New Age	疯狂原始人2	2020-11-25	1	剧场版		71594	
226218	銀河英雄伝説 Die Neue These 星乱 第1章	银河英雄传说 Die Neue These 星乱 第1章	2019-09-27	4	剧场版		143694	226223
226223	銀河英雄伝説 Die Neue These 星乱 第2章	银河英雄传说 Die Neue These 星乱 第2章	2019-10-25	4	剧场版		226218	226224
226224	銀河英雄伝説 Die Neue These 星乱 第3章	银河英雄传说 Die Neue These 星乱 第3章	2019-11-29	4	剧场版		226223	315026
226238	Marvel's Spider-Man Season 1	漫威蜘蛛侠 第一季	2017-08-19	25	TV		221439	251025
226239	Teenage Mutant Ninja Turtles Season 5	忍者神龟2012 第五季	2017-03-19	20	TV		159355	
226250	墓王之王 悬棺寺	墓王之王 悬棺寺	2017-12-14	20	WEB		206052	277541
226282	雄兵连之雄芯篇	雄兵连之雄芯篇	2017-09-21	11	WEB		189923	230669
226440	活撃 刀剣乱舞 劇場版	活击 刀剑乱舞 剧场版			剧场版		175424	
226507	One Room セカンドシーズン	One Room 第二季	2018-07-02	13	TV		198395	301233
226540	とある魔術の禁書目録Ⅲ	魔法禁书目录 第三季	2018-10-05	26	TV		7843	
226559	The Venture Bros. Season 3	冒险兄弟 第三季	2008-06-01	13	TV		219468	440505
226599	刀剣乱舞-花丸- ～幕間回想録～	刀剑乱舞-花丸- ～幕间回想录～	2017-12-01	1	剧场版			208370
226615	阴阳师·平安物语	阴阳师·平安物语	2018-04-21	12	WEB			284819
226632	天谕 第二季 苍古之绊	天谕 苍古之绊	2018-07-25	13	WEB		213723	
226642	Hulk and the Agents of S.M.A.S.H. Season 1	浩克与海扁特工队 第一季	2013-08-11	26	TV			226643
226643	Hulk and the Agents of S.M.A.S.H. Season 2	浩克与海扁特工队 第二季	2014-10-12	26	TV		226642	
226644	Marvel's Guardians of the Galaxy Season 2	银河守护者 第二季	2017-03-11	25	TV		148235	283300
226655	新成龙历险记	新成龙历险记	2017-08-14	52	TV			243496
226677	僕のヒーローアカデミア 第3期	我的英雄学院 第三季	2018-04-07	25	TV		185761	262162
226719	Marvel's Avengers Assemble Season 4	复仇者集结 第四季	2017-06-17	26	TV		208572	
226750	ソードアート・オンライン オルタナティブ ガンゲイル・オンライン	刀剑神域外传 Gun Gale Online	2018-04-07	12	TV			445821
226758	超迷你战士	超迷你战士	2017-09-27	52	WEB			478434
226806	B-PROJECT～絶頂＊エモーション～	B-PROJECT～绝顶＊Emotion～	2019-01-11	12	TV		175568	320456
226807	アラーニェの虫籠	阿拉涅的虫笼	2018-08-18	1	剧场版		405679	
226932	近親青姦	近亲户外乱伦	2017-08-23	1		1	274753	
227164	モンスターストライク セカンドシーズン 消えゆく宇宙編	怪物弹珠 第二季 消失的宇宙篇	2017-10-07	13	WEB		205015	248152
227175	ニンジャバットマン	忍者蝙蝠侠	2018-04-24	1	剧场版			497110
227230	イナズマデリバリー	闪电宅急送	2016-12-09	10	TV			258326
227240	新幹線変形ロボ シンカリオン	新干线变形机器人	2018-01-06	76	TV			286670,325638
227390	スタミュ 第3期	高校星歌剧 第三季	2019-07-01	12	TV		184022,227393	
227392	劇場版 夏目友人帳 ～うつせみに結ぶ～	剧场版 夏目友人帐 ～缘结空蝉～	2018-09-29	1	剧场版			315779
227393	スタミュ in ハロウィン	高校星歌剧 in 万圣节前夜	2018-10-24	1	OVA		184022	227390
227663	剑王朝 第2季	剑王朝 第二季	2017-10-12	12	WEB		222884	
227718	メガロボクス	MEGALO BOX	2018-04-05	13	TV			294836
227724	名探偵コナン ゼロの執行人	名侦探柯南 零的执行人	2018-04-13	1	剧场版		198962	268067
227739	メジャーセカンド	棒球大联盟2nd	2018-04-07	25	TV		4293	292219
227775	クレヨンしんちゃん 爆盛!カンフーボーイズ〜拉麺大乱〜	蜡笔小新：功夫小子～拉面大乱斗～	2018-04-13	1	剧场版		195185	268491
227897	黑白无双 第三季		2021-07-19	12	WEB		193171	
227980	GRANBLUE FANTASY The Animation season2	碧蓝幻想 第二季	2019-10-04	12	TV		146732	
228046	HUGっと! プリキュア	拥抱！光之美少女	2018-02-04	49	TV		196053	264588
228057	图腾领域2	图腾领域 第二季	2017-09-28	52	TV		190889	
228109	モブサイコ100 REIGEN ～知られざる奇跡の霊能力者～	灵能百分百 REIGEN ～不为人知的奇迹的灵能力者～	2018-03-18	1	OVA			240760
228137	兽王争锋之原石之力	兽王争锋之原石之力	2017-10-19	52	TV		199259	
228254	デート・ア・ライブⅢ	约会大作战 第三季	2019-01-11	12	TV		76325	302128
228259	蒼天の拳 REGENESIS	苍天之拳 REGENESIS	2018-04-09	12	TV		58984	256863
228275	DAYS 東院学園戦	DAYS 东院学园战	2018-03-16	3	OVA		165046	
228285	Voltron: Legendary Defender Season 4	战神金刚：传奇的保护神 第四季	2017-10-13	6	WEB		220314	239458
228331	女生宿舍日常 第2季	女生宿舍日常 第二季	2017-10-22	7	WEB		199407	236566
228335	喵有卵用	喵有卵用		23	WEB			229534,229536
228378	ツルネ ―風舞高校弓道部―	弦音 -风舞高中弓道部-	2018-10-21	13	TV			396988
228380	ピアノの森	钢琴之森	2018-04-08	12	TV			252347
228407	劇場版 進撃の巨人 Season2〜覚醒の咆哮〜	剧场版 进击的巨人 Season2～觉醒的咆哮～	2018-01-13	1	剧场版		101267	
228437	Star Wars Rebels (Season 4)	星球大战：义军崛起 第四季	2017-10-16	15	TV		212924	
228576	小花仙 第2季	小花仙 第二季	2015-12-26	52	TV		96972	228581,510541
228581	小花仙 第3季 守护天使	小花仙 第三季 守护天使	2017-04-07	40	TV		228576	260733
228625	新妹魔王の契約者 DEPARTURES	新妹魔王的契约者 DEPARTURES	2018-03-28	1	OVA		128885	
228663	枪神记	枪神记	2017-12-08	12	WEB			247284
228820	Free!-Dive to the Future-		2018-07-11	12	TV		95010,211618	271652
228884	三国演义	三国演义	2017-10-18	40	WEB			288866
228905	寻灵大冒险	寻灵大冒险	2017-07-04	52	TV			501328
228962	木奇灵之绿影战灵	木奇灵之绿影战灵	2014-07-25	30	TV			228966
228966	木奇灵2圣天灵种	木奇灵2圣天灵种	2016-04-02	52	TV		228962	
229040	映画しまじろう まほうのしまのだいぼうけん	巧虎 魔法之岛的大冒险	2018-03-09	1	剧场版		208314	424944
229099	怪物公寓 第2季	怪物公寓 第二季	2017-11-03	13	WEB		195187	306250
229134	鹿精灵	鹿精灵	2017-01-01	52	TV			469399
229182	我是江小白	我是江小白	2017-11-09	12	WEB			247791
229358	魔法少女プリティサミー 砂沙美14	魔法少女砂沙美 砂沙美14					7107	
229382	熊出没·变形记		2018-02-16	1	剧场版		203664	269236
229393	かくりよの宿飯	妖怪旅馆营业中	2018-04-02	26	TV			492722
229508	FASTENING DAYS 3	拉链超人组 3	2017-09-05	3	WEB		198230	296114
229525	山海宝贝	山海宝贝	2017-08-22	26	TV			624162
229534	喵有卵用 第二季	喵有卵用 第二季		24	WEB		228335	229536
229536	喵有卵用 第三季	喵有卵用 第三季		24	WEB		228335,229534	
229566	机变英盟 第二季	机变英盟 第二季	2017-11-04	20	WEB		197641	643086
229612	进击的机甲之圣戒飞陀	进击的机甲之圣戒飞陀	2015-11-07	40	TV		527560	
229642	働くお兄さん！	打工小哥！	2018-01-05	13	TV			241831
229729	小鸡彩虹 第2季	小鸡彩虹 第二季	2017-04-10	13	WEB		183746	229730
229730	小鸡彩虹 第3季	小鸡彩虹 第三季	2017-04-12	26	WEB		229729	247806
229732	暴走恐怖故事 第6季	暴走恐怖故事 第六季 惊门诡事	2017-11-28	10	WEB		208504	
229805	3D彼女 リアルガール	3D彼女	2018-04-03	12	TV			250514
229938	劇場版 SERVAMP -サーヴァンプ- Alice in the Garden	剧场版 吸血鬼仆人 Alice in the Garden	2018-04-07	1	剧场版		139964	
229947	あまんちゅ！～あどばんす～	蓝海少女 第二季	2018-04-07	12	TV		148142	
230092	欢乐逗地主	欢乐逗地主	2017-11-17	6	WEB			258519
230190	Miraculous Ladybug Season 2	瓢虫雷迪 第二季	2017-10-26	26	TV		142994	270413
230271	Teen Titans Go! (Season 4)	少年泰坦出击 第四季	2016-10-20	52	TV		143149	284907
230295	探偵オペラ ミルキィホームズ アルセーヌ 華麗なる欲望	侦探歌剧 少女福尔摩斯 亚森 华丽的欲望	2017-12-31	1	TV		182886	259070
230669	雄兵连之乾坤篇	雄兵连之乾坤篇	2018-02-15	11	WEB		226282	244232
230897	StarCrafts	爆笑星际 第一季	2012-08-31	25	WEB			230898
230898	StarCrafts Season 2	爆笑星际 第二季	2013-04-27	26	WEB		230897	230899
230899	StarCrafts Season 3	爆笑星际 第三季	2014-03-22	27	WEB		230898	230900
230900	StarCrafts Season 4 BroodWar	爆笑星际 第四季	2015-09-26	10	WEB		230899	230901
230901	StarCrafts Season 5	爆笑星际2 第五季	2016-04-03	28	WEB		230900	230902
230902	StarCrafts Season 6	爆笑星际2 第六季	2017-12-02	21	WEB		230901	300075
230914	メイドインアビス 深き魂の黎明	来自深渊 深沉灵魂的黎明	2020-01-17	1	剧场版		203526,240799	298477
231210	秦时明月之沧海横流 上篇	秦时明月之沧海横流 上篇	2020-10-08	25	WEB		86073	405652
231247	ULTRAMAN	机动奥特曼	2019-04-01	13	WEB			284510
231261	哪吒之魔童降世	哪吒之魔童降世	2019-07-26	1	剧场版			383308
231357	万古仙穹Ⅱ	万古仙穹 第二季	2018-03-15	12	WEB		213418	268450
231358	Bionicle: Mask of Light	生化战士：光之面罩	2003-09-16	1	剧场版			231359
231359	Bionicle 2: Legends of Metru Nui	生化战士2：美特吕传奇	2004-10-19	1	剧场版		231358	231360
231360	Bionicle 3: Web of Shadows	生化战士3：暗影之网	2005-10-11	1	剧场版		231359	
231414	ありふれた職業で世界最強	平凡职业造就世界最强	2019-07-08	13	TV			292316
231497	冴えない彼女の育てかた Fine	路人女主的养成方法 Fine	2019-10-26	1	剧场版		132734	
231526	Gon的旱獭	Gon的旱獭	2017-04-24	20	WEB			254361
231578	星游记之风暴法米拉2		2020-03-28	1	WEB		136756	
231647	僕のヒーローアカデミア THE MOVIE ～2人の英雄～	我的英雄学院 两位英雄	2018-08-03	1	剧场版			278429
231716	映画 プリキュアスーパースターズ!	电影 光之美少女 Super Stars！	2018-03-17	1	剧场版		196355	270279
231722	邪神ちゃんドロップキック	邪神与厨二病少女	2018-07-09	11	TV			272188
231889	熊出没之探险日记	熊出没之探险日记	2017-11-28	52	TV		367469	394412
231970	劇場版ポケットモンスター みんなの物語	剧场版宝可梦: 大家的故事	2018-07-13	1	剧场版		202242	256283
231971	ベイブレード バースト 超ゼツ	霸旋陀螺 爆刃对决 超Z	2018-04-02	51	TV		208756	274716
232067	Spider-Man: Into the Spider-Verse	蜘蛛侠：平行宇宙	2018-12-14	1	剧场版			282413
232072	キャプテン翼	足球小将	2018-04-02	52	TV			425638
232091	熊熊乐园		2017-04-28	52	TV			249304
232646	食戟のソーマ 餐ノ皿 遠月列車篇	食戟之灵 餐之皿 远月列车篇	2018-04-08	12	TV		217632	284546
232884	銀魂. 銀ノ魂篇	银魂. 银之魂篇	2018-01-07	12	TV		218740	240811
232975	秘密結社鷹の爪 MAX	秘密结社 鹰之爪 MAX	2013-04-05	38	TV		37620	232980
232980	秘密結社鷹の爪 EX	秘密结社 鹰之爪 EX	2014-04-11	38	TV		232975	232981
232981	秘密結社鷹の爪 DO	秘密结社 鹰之爪 DO	2015-04-03	38	TV		232980	181834
232984	前方高能之辣稽	前方高能之辣稽	2017-06-09	16	WEB		212127	232985
232985	哈哈滑小稽	哈哈滑小稽	2017-11-10	52	WEB		232984	
233547	镇魂街 北落师门篇		2019-12-28	5	WEB		156591	
233593	非人哉	非人哉	2018-03-29	12	WEB			312629
233615	灵契-黄泉之契-	灵契-黄泉之契-	2018-02-23	12	WEB		175460	
233703	妖神记 第二季	妖神记 第二季	2018-01-06	40	WEB		214790	262125
233769	No Monsters	没有怪物	2017-11-11	1			378374	
233788	ぼくたちピチューブラザーズ・パーティーはおおさわぎ！のまき	我们是皮丘兄弟·派对大骚乱！之卷	2003-07-08	1	OVA		90012	
233797	Unikitty!	独角猫	2017-10-27	40	WEB			279268
233926	続・終物語	续·终物语	2018-11-10	6	剧场版		175596	475354
234061	峡谷重案组2	峡谷重案组 第二季	2018-02-16	13	WEB		222278	305943
234080	观海策	观海策之北地风烟	2018-06-17	16	WEB			304670
234089	ぷれぷれぷれあです2	Play Play 昴宿星团 2	2018-01-09	13	WEB		193953	251539
234094	TSUKIPRO THE ANIMATION 2	月野艺能事务所2	2021-07-07	13	TV		200355	
234195	嫌な顔されながらおパンツ見せてもらいたい	一脸嫌弃表情的妹子给你看胖次	2018-07-14	6	WEB			256668
234266	第12回東方M-1ぐらんぷり	第十二届东方M-1漫才大赛	2017-12-29	1	OVA		204678	274232
234295	ラブライブ!サンシャイン!! The School Idol Movie Over the Rainbow	LoveLive! Sunshine!! 学园偶像 电影 彩虹彼端	2019-01-04	1	剧场版		210272	
234305	鬼灯の冷徹 第弐期 その弐	鬼灯的冷彻 第二季 其之二	2018-04-07	13	TV		211035	
234371	Peppa Pig season 3	小猪佩奇 第三季	2009-05-04	52	TV		332757	332758
234378	美男高校地球防衛部 HAPPY KISS!	美男高校地球防卫部 HAPPY KISS！	2018-04-08	12	TV		211562	505378
234413	アイカツフレンズ!	偶像活动Friends	2018-04-05	50	TV			272921
234449	我家大师兄脑子有坑		2018-04-04	26	WEB			269550
234531	ゲゲゲの鬼太郎	鬼太郎 第六季	2018-04-01	97	TV		18176	
234771	劇場版 幼女戦記	剧场版 幼女战记	2019-02-08	1	剧场版		167655	339515
234778	賭ケグルイ××	狂赌之渊××	2019-01-08	12	TV		209408	
234843	Missing Halloween	迷失的万圣节	2015-10-30	1				613025
234947	画江湖之侠岚		2018-01-26	40	WEB		165960	
235039	少年锦衣卫 第三季				WEB		214518	
235128	ジョジョの奇妙な冒険 黄金の風	JOJO的奇妙冒险 黄金之风	2018-10-05	39	TV		150490	332261
235130	ぐらんぶる	碧蓝之海	2018-07-13	12	TV			515880
235204	王者歪传	王者歪传	2018-01-12	12	WEB			271248
235243	天天成长记Ⅱ	天天成长记 第二季	2017-12-29	13	WEB		225031	564212
235400	The Simpsons Season 29	辛普森一家 第二十九季	2017-10-01	22	TV		194395	301565
235421	信長の忍び〜姉川・石山篇〜	信长的忍者 姊川·石山篇	2018-04-06	26	TV		209839	
235444	爱不冬眠	爱不冬眠	2018-02-05	1	WEB			305596
235552	恋するシロクマ 「お星様」篇		2017-11-18	1	剧场版		224547	239731
235612	はたらく細胞	工作细胞	2018-07-07	13	TV			278815
235690	Tome of the Unknown	无名坟墓	2013-10-24	1				118262
235701	エヴァンゲリオン・ザ・リアル 4-D	新世纪福音战士 THE REAL 4D	2015-01-23	1				538984
235817	Pingu Series 2	企鹅家族	2003-08-01	52	TV		36134	
235920	The Super Mario Bros. Movie	超级马力欧兄弟大电影	2023-04-05	1	剧场版			484701
236074	キラッとプリ☆チャン	闪亮美妙☆频道	2018-04-08	51	TV		204200	269023
236163	クイーンズブレイド UNLIMITED	女皇之刃 UNLIMITED	2018-07-13	2	OVA		134951	
236224	異世界魔王と召喚少女の奴隷魔術	异世界魔王与召唤少女的奴隶魔术	2018-07-05	12	TV			303864
236566	宿舍不日常	宿舍不日常	2018-01-23	10	WEB		228331	
236597	ラディアン	虚空魔境	2018-10-06	21	TV			276051
236599	梦想召唤王 第二季：彩虹	梦想召唤王 第二季：彩虹	2018-01-31	52	WEB		196076	
236635	Mickey Mouse Clubhouse	米奇妙妙屋	2006-05-05	27	TV		565537	564415
236657	僕のヒーローアカデミア 第6期	我的英雄学院 第六季	2022-10-01	25	TV		303399	425587
236790	ガンダムビルドダイバーズ	高达创形者	2018-04-03	25	TV			286123
236893	Tangled: The Series (Season 2)	魔发奇缘影集 第二季	2018-06-24	21	TV		212814	392711
237108	裏・受胎島	里・受胎岛	2018-04-06	2	OVA	1	120902	
237133	RWBY Chibi Season 3		2018-02-03	16	WEB		215096	521200
237176	猪猪侠之环球日记	猪猪侠之环球日记	2018-02-07	26	TV		384732	246981
237228	海上丝路南珠宝宝	海上丝路南珠宝宝	2017-05-08	26	TV			625161
237340	フリフレ2	Free Friend 2	2018-02-23	4	OVA	1	112944	
237446	The Incredibles 2	超人总动员2	2018-06-15	1	剧场版		46116	507726
237614	SpongeBob SquarePants (Season 11)	海绵宝宝 第十一季	2017-09-23	26	TV		126622	320843
237762	おしえて魔法のペンデュラム～リルリルフェアリル～	告诉我魔法之摆～莉露莉露妖精莉露～	2018-07-07	26	TV		208360	
237852	岸辺露伴は動かない	岸边露伴一动不动 六壁坂	2018-07-19	1	OVA			289138
237991	凹凸世界 第三季·上		2019-01-25	20	WEB		207866	284641
237992	えとたま ～猫客万来～	干支魂 ～猫客万来～	2021-05-26	1	WEB		117558	
238004	ダンジョンに出会いを求めるのは間違っているだろうかⅡ	在地下城寻求邂逅是否搞错了什么 第二季	2019-07-12	12	TV		116287	291412
238006	ゴブリンスレイヤー	哥布林杀手	2018-10-06	12	TV			278661,326867
238070	哈喽！葡星人2 极训特工	哈喽！葡星人之极训特工	2018-02-24	26	TV		205181	
238071	新麦圈可可美食天下	新麦圈可可美食天下	2018-02-28	26	WEB			240298
238087	アイドルマスター シンデレラガールズ劇場 第3期	偶像大师 灰姑娘女孩剧场 第三季	2018-07-03	13	TV		219483	268320
238300	戦隊ヒーロー スキヤキフォース - ぐんまの平和を願うシーズン え、また？ -		2018-01-15	24	TV		199408	
238306	ももんず さんどうぃっち		2014-04-02	8	WEB		113436	
238312	OH!スーパーミルクチャン ミルクのIT革命	哦! 超级小奶糖 奶粉的IT革命		16	WEB		85771	
238376	ポンコツクエスト〜魔王と派遣の魔物たち〜		2013-08-22	12	WEB			241479
238403	パンパカパンツ おNEWさん		2017-04-07		TV		174769	
238437	あぐかる PLAY WITH IBARAKI編		2014-06-06	21	WEB		112147	
238441	チャンネル5.5 Season2	5.5频道 第二季	2015-07-20	9	WEB		93259	
238447	キメゾーの決まり文句じゃキマらねぇ。Featuring サブ男		2011-10-05	12	WEB		238449	
238449	キメゾーの決まり文句じゃキマらねぇ。		2010-10-03	12	WEB			238447
238589	We Bare Bears Season 4	咱们裸熊 第四季	2018-07-30	8	TV		210289	
238815	ちはやふる3	歌牌情缘 第三季	2019-10-22	24	TV		41568	
238831	がんがんがんこちゃん 第2期	吵闹的顽固小子 第2期	2018-02-04	8	TV		200543	
238988	ゾイドワイルド	索斯机械兽WILD	2018-07-07	12	TV			285109
239180	おしりたんてい	屁屁侦探	2018-05-03	10	TV			303877
239370	超越世界	超然世界		10	OVA			286928
239458	Voltron: Legendary Defender Season 5	战神金刚：传奇的保护神 第五季	2018-03-02	6	WEB		228285	245742
239731	恋するシロクマ 「食物連鎖」篇			1	剧场版		235552	246943
239750	あはれ！名作くん 第3期	做得很好！名作君 第三季	2018-04-06	12	TV		212813	279473
239816	転生したらスライムだった件	关于我转生变成史莱姆这档事	2018-10-01	24	TV			278031
239904	别惹流氓兔马修	别惹流氓兔马修	2018-03-02	70	WEB			305577
239907	女神探偵 VINUS FILE		2003-05-18	1	OVA	1		92914
239923	PSYCHO-PASS サイコパス Sinners of the System Case.1 罪と罰	心理测量者 Sinners of the System Case.1 罪与罚	2019-01-25	1	剧场版		83067	239924
239924	PSYCHO-PASS サイコパス Sinners of the System Case.2 First Guardian	心理测量者 Sinners of the System Case.2 First Guardian	2019-02-15	1	剧场版		239923	239926
239926	PSYCHO-PASS サイコパス Sinners of the System Case.3 恩讐の彼方に＿＿	心理测量者 Sinners of the System Case.3 在恩怨的彼方＿＿	2019-03-08	1	剧场版		239924	396302
239961	小兵・杨来西	小兵杨来西	2018-03-09	26	WEB			242963
240037	ストライク・ザ・ブラッド III	噬血狂袭 III	2018-12-19	10	OVA		182239	292073
240038	青春ブタ野郎はバニーガール先輩の夢を見ない	青春猪头少年不会梦到兔女郎学姐	2018-10-03	13	TV			260680
240259	三只兔子 第2季	三只兔子 第二季	2018-02-26	26	WEB		208713	
240269	爆裂飞车Ⅱ 星能觉醒	爆裂飞车之星能觉醒	2017-03-02	26	TV		198495	240272
240272	爆裂飞车3 兽神合体	爆裂飞车之兽神合体	2018-03-12	26	TV		240269	
240287	ドラゴンボール超 ブロリー	龙珠超 布罗利	2018-12-14	1	剧场版		132220	335502
240298	新麦圈可可美食天下 第2季	新麦圈可可美食天下 第二季	2018-03-13	26	WEB		238071	
240383	かみさまみならい ヒミツのここたま 第3シリーズ	见习神明 秘密的心灵 第3部	2018-04-05	13	TV		210465	
240386	ヴィンランド・サガ	冰海战记	2019-07-07	24	TV			296739
240428	ムヒョとロージーの魔法律相談事務所	魔法律事务所	2018-08-03	12	TV			284838
240439	香肠派对	香肠派对	2018-03-15	20	WEB			260625
240459	少年アシベ GO!GO!ゴマちゃん 第3シリーズ	少年阿贝GO！GO！小芝麻 第三季	2018-04-03	32	TV		209352	279470
240470	超智能足球2 世界大赛篇		2018-03-15	52	TV		34000	
240499	逆転裁判 ～その『真実』、異議あり！～ Season 2	逆转裁判 第二季	2018-10-06	23	TV		146737	
240513	デュエル・マスターズ！	决斗大师！	2018-04-01	51	TV		209680	279474
240580	梦塔・雪谜城	梦塔之雪谜城	2018-06-01	13	WEB			256838
240592	妖怪ウォッチ シャドウサイド	妖怪手表 阴影面	2018-04-13	49	TV		217167	
240622	精灵梦叶罗丽	精灵梦叶罗丽	2014-01-16	26	TV			240623
240623	精灵梦叶罗丽 第2季	精灵梦叶罗丽 第二季	2015-02-23	26	TV		240622	240629
240629	精灵梦叶罗丽 第3季	精灵梦叶罗丽 第三季	2015-10-12	26	TV		240623	240633
240633	精灵梦叶罗丽 第4季	精灵梦叶罗丽 第四季	2016-07-28	26	WEB		240629	240640
240640	精灵梦叶罗丽 第5季	精灵梦叶罗丽 第五季	2017-06-08	26	WEB		240633	259939
240738	少年歌行		2018-12-26	26	WEB			283782
240749	艾米咕噜	艾米咕噜	2017-07-18	52	TV			578276
240757	W'z《ウィズ》	W'Z	2019-01-05	13	TV		174592	
240760	モブサイコ100 Ⅱ	灵能百分百 第二季	2019-01-07	13	TV		158316,228109	353605
240775	ねこねこ日本史 第3シリーズ	猫猫日本史 第三季	2018-04-04	12	TV		211114	279471
240778	テレビ野郎 ナナーナ	香蕉怪大叔 呐呐~呐	2018-04-06	24	TV			279475
240781	百变马丁	百变马丁	2015-12-15	52	TV		44675	241096
240782	小熊尼奥之环球旅行	小熊尼奥之环球旅行	2018-04-23	26	TV		241115	
240798	劇場版総集編 メイドインアビス【前編】 旅立ちの夜明け	来自深渊 启程之拂晓	2019-01-04	1	剧场版			240799
240799	劇場版総集編 メイドインアビス【後編】 放浪する黄昏	来自深渊 漂泊之黄昏	2019-01-18	1	剧场版		240798	230914
240811	銀魂. 銀ノ魂篇 第2クール	银魂. 银之魂篇 第二季	2018-07-08	14	TV		232884	276641,309002
240962	万界仙踪	万界仙踪	2018-03-21	40	WEB			277162
240965	探探猫之奇幻马戏团 第2季	探探猫之奇幻马戏团 第二季	2018-03-19	52	TV		225990	
240974	叛逆性ミリオンアーサー	叛逆性百万亚瑟王	2018-10-25	10	TV			261048
241031	俺たちゃ妖怪人間G	我们是妖怪人间G	2018-04-04	25	TV		222227	
241092	ロボットガールズNEO	机器人少女NEO	2018-08-18	3	WEB		121002	
241096	百变马丁 第2季	百变马丁 第二季	2017-10-17	26	TV		240781	241183
241112	魔術士オーフェンはぐれ旅	魔术士奥芬的无赖之旅	2020-01-07	13	TV			303172
241115	小熊尼奥之梦境小镇	小熊尼奥之梦境小镇	2016-09-26	52	TV			240782
241154	薄墨桜 -GARO-	薄墨樱 牙狼	2018-10-06	1	剧场版		141078	
241181	BAKUMATSU	恋爱幕末男友外传～在时空的彼方盛开之恋～	2018-10-04	12	TV			269824
241183	百变马丁 第3季	百变马丁 第三季	2018-03-20	26	WEB		241096	
241188	PEACE MAKER 鐵 ～友命～	新撰组异闻录 铁 ～友命～	2018-11-17	1	剧场版		178648	
241246	アニメ店長 プロモーションアニメ	动漫狂店长 宣传动画	2002-08-19	1	PV			465131
241265	抱かれたい男1位に脅されています。	我让最想被拥抱的男人给威胁了。	2018-10-05	13	TV			333716
241326	Mr. Pickles Season 3	腌黄瓜先生 第三季	2018-02-25	11	TV		202884	353655
241418	からかい上手の高木さん OVA	擅长捉弄的高木同学 OVA	2018-07-12	1	OVA			271151
241427	My Little Pony Friendship is Magic Season 8	小马宝莉：友谊就是魔法 第八季	2018-03-24	26	TV		208576	280442
241442	茶啊二中第四季	茶啊二中第四季	2018-03-27	13	WEB		191336	501710
241475	ポンコツクエスト〜魔王と派遣の魔物たち〜 シーズン5		2018-04-11	12	TV		241476	301799
241476	ポンコツクエスト〜魔王と派遣の魔物たち〜 シーズン4		2017-04-19	12	TV		241477	241475
241477	ポンコツクエスト〜魔王と派遣の魔物たち〜 シーズン3		2016-01-25	12	TV		241479	241476
241479	ポンコツクエスト〜魔王と派遣の魔物たち〜 シーズン2		2014-10-01	12	WEB		238376	241477
241520	超变战陀	超变战陀	2018-03-26	40	TV			485353
241680	Puss Gets the Boot	甜蜜的家	1940-02-10	1	剧场版			262573
241685	The Night before Christmas	圣诞前夜	1941-12-06	1	剧场版		262573	262574
241687	The Rookie Bear	新秀熊	1941-11-01				663815	663817
241763	跳跃战士	跳跃战士	2018-03-26	26	TV			311713
241831	働くお兄さん！の2！	打工小哥！之2！	2018-07-06	12	TV		229642	
241865	ソードガイ The Animation PartⅡ	SWORD GAI 装刀凯  PartⅡ	2018-07-31	12	WEB		114706	
241879	わしも-wasimo- 第6シリーズ	WASIMO 第六季	2018-04-02	42	TV		212272	279469
241955	The Death of Superman	超人之死	2018-07-24	1	OVA			241960
241960	Reign of the Supermen	超人王朝	2019-01-15	1	OVA		241955	
241967	Four of a kind	四牌士	2018-04-02	26	TV			291844
242086	棉花糖和云朵妈妈	棉花糖和云朵妈妈	2016-10-28	120	TV			243334
242170	オーバーロードⅢ	OVERLORD 第三季	2018-07-10	13	TV		211027	335389
242216	劇場版 ヴァイオレット・エヴァーガーデン	剧场版 紫罗兰永恒花园	2020-09-18	1	剧场版		183878	
242316	Snorks Season 2	海底小精灵 第二季	1985-09-14	13	TV		154571	
242391	劇場版 ハイスクール・フリート	剧场版 高校舰队	2020-01-18	1	剧场版		193509	
242449	おあむ物語 その夏、わたしが知ったこと	御庵物语	2018-04-08	1	WEB			262935
242454	フューチャーカード バディファイト バッツ オールスターファイト	未来卡搭档对战X 全明星对战	2018-04-07	8	TV		207698	242978
242736	小绿和小蓝		2018-08-27	72	WEB			405227
242741	通灵妃	通灵妃	2018-11-30	16	WEB			456336
242963	小兵・杨来西 第二部	小兵杨来西 第二部	2018-04-16	26	WEB		239961	
242971	飞天少年 第二季	飞天少年之启航篇	2018-04-09	26	TV		245164	
242978	フューチャーカード 神バディファイト	未来卡 神搭档对战	2018-06-02	47	TV		242454	
243097	ゴールデン道画劇場	黄金神威 小剧场	2018-04-16	11	WEB			267437
243244	Dr. Jekyll and Mr. Mouse	强力牛乳	1947-06-14	1	剧场版		132373	263189
243268	Hatch Up Your Troubles	麻烦的诞生	1949-05-14	1	剧场版		132376	275353
243273	Jerry's Cousin	杰瑞的表兄	1951-04-07	1	剧场版		634575	634578
243288	Touché, Pussy Cat	惊讶的猫咪	1954-12-18	1	剧场版		634774	634777
243294	One Droopy Knight	骑士德鲁比	1957-12-06	1			653595	653603
243334	棉花糖和云朵妈妈 第二季	棉花糖和云朵妈妈 第二季	2017-09-30	120	TV		242086	566103
243341	Winnie the Pooh and Tigger Too	小熊维尼与跳跳虎	1974-12-20				132403	
243428	機動戦士ガンダムNT	机动战士高达NT	2018-11-30	1	剧场版		3113	243429
243429	機動戦士ガンダム 閃光のハサウェイ	机动战士高达 闪光的哈萨维	2021-06-11	1	剧场版		4583	243430
243430	機動戦士ガンダム 閃光のハサウェイ キルケーの魔女	机动战士高达 闪光的哈萨维 喀耳刻的魔女	2026-01-30	1	剧场版		243429	243431
243431	機動戦士ガンダム 閃光のハサウェイ 第3部	机动战士高达 闪光的哈萨维 第3部			剧场版		243430	243432
243432	機動戦士ガンダムUC2	机动战士高达UC2			TV		243431	
243484	灵域 第6季	灵域 追忆篇	2018-04-20	12	WEB		219768	
243496	新成龙历险记 第二季	新成龙历险记之梦境守护者 第二季	2018-02-05	52	TV		226655	
243696	快乐小郑星 第一季	快乐小郑星 第一部	2014-11-03	52	TV			630627
243787	ゆるゆり、	摇曳百合、	2019-11-13	1	OVA		127573	
243916	約束のネバーランド	约定的梦幻岛	2019-01-10	12	TV			279202
244008	刺客伍六七	刺客伍六七	2018-04-25	10	WEB			277436
244224	完美世界		2021-04-23	26	WEB			345811
244226	一念永恒		2020-08-12	52	WEB			343136
244229	穿书自救指南	穿书自救指南 修雅篇	2020-09-10	10	WEB			345814
244231	山河剑心	山河剑心	2021-02-08	16	WEB			345813
244232	雄兵连Ⅱ诸天降临	雄兵连2诸天降临	2019-01-24	26	WEB		230669	312370
244239	吞噬星空	吞噬星空	2020-11-29	26	WEB			336340
244334	民调局异闻录	民调局异闻录	2020-08-07	12	WEB			409282
244761	劇場版 SHIROBAKO	剧场版 白箱	2020-02-29	1	剧场版		110467	
244878	東京喰種トーキョーグール：re 第2期	东京喰种:re 第二季	2018-10-09	12	TV		148481	
244928	プリンセス・プリンシパル Crown Handler 第1章	Princess Principal Crown Handler 第1章	2021-02-11	1	剧场版		211936	244929
244929	プリンセス・プリンシパル Crown Handler 第2章	Princess Principal Crown Handler 第2章	2021-09-23	1	剧场版		244928	244930
244930	プリンセス・プリンシパル Crown Handler 第3章	Princess Principal Crown Handler 第3章	2023-04-07	1	剧场版		244929	244931
244931	プリンセス・プリンシパル Crown Handler 第4章	Princess Principal Crown Handler 第4章	2025-05-23	1	剧场版		244930	244932
244932	プリンセス・プリンシパル Crown Handler 第5章	Princess Principal Crown Handler 第5章		1	剧场版		244931	244933
244933	プリンセス・プリンシパル Crown Handler 第6章	Princess Principal Crown Handler 第6章		1	剧场版		244932	
245164	飞天少年	飞天少年 梦想篇	2016-08-05	26	TV			242971
245665	鬼滅の刃	鬼灭之刃	2019-04-06	26	TV			350764,291494
245701	魔幻陀螺之机甲战车	魔幻陀螺之机甲战车	2018-05-05	30	TV		499359	499361
245719	雪鹰领主	雪鹰领主	2018-12-20	26	WEB			297257,312435
245742	Voltron: Legendary Defender Season 6	战神金刚：传奇的保护神 第六季	2018-06-15	7	WEB		239458	254986
245783	无聊诗社 第2季	无聊诗社 第二季	2018-05-07	14	WEB		223132	
246001	我的三体 章北海传		2020-01-21	9	WEB		221227	343182
246238	Rick and Morty Season 4	瑞克和莫蒂 第四季	2019-11-10	10	TV		146457	331936
246429	BanG Dream! 2nd Season	BanG Dream! 第二季	2019-01-03	13	TV		186515	246430
246430	BanG Dream! 3rd Season	BanG Dream! 第三季	2020-01-23	13	TV		246429	305059
246431	BanG Dream! ガルパ☆ピコ	BanG Dream! 少女乐团派对！☆PICO	2018-07-05	26	TV			296295
246718	我的朋友猪迪克	我的朋友猪迪克	2014-03-17	52	TV			248886
246771	幻想万華鏡 肝試しの章 ～『東方永夜抄』より～	幻想万华镜 试胆大会之章	2018-12-30	2	OVA		195661	282891
246898	宇宙戦艦ヤマト2202 愛の戦士たち	宇宙战舰大和号2202 爱的战士们	2018-10-05	26	TV		54552	319390
246910	蛋蛋小子	蛋蛋小子	2016-09-01	52	TV			246955
246914	スーパードラゴンボールヒーローズ	超级龙珠英雄	2018-07-01	19	WEB			303963
246943	恋するシロクマ 「お揃い」篇			1	剧场版		239731	246944
246944	恋するシロクマ 「苦しい①」篇		2018-05-05	1	剧场版		246943	253814
246955	蛋星侠	蛋星侠	2018-05-16	52	WEB		246910	
246981	猪猪侠之竞球小英雄 1	猪猪侠之竞球小英雄1	2018-05-18	26	TV		237176	260322,384738
247021	燃烧的蔬菜2	燃烧的蔬菜之神奇大陆	2017-12-19	26	TV		247503	
247086	アグレッシブ烈子	职场小烈	2018-04-20	10	WEB			274601
247182	地球外少年少女 前編	地球外少年少女 前篇	2022-01-28	3	剧场版			363309
247284	枪神记 特工世界篇	枪神记 特工世界篇	2018-06-15	12	WEB		228663	258256
247425	吃鸡大作战	吃鸡大作战	2018-05-30	14	WEB			311777
247503	燃烧的蔬菜	燃烧的蔬菜	2014-10-03	104	WEB			247021
247562	Archer Season 9	间谍亚契 第9季	2018-04-25	8	TV		213290	439362
247565	少年师爷 第十一部	少年师爷之神秘大盗	2018-04-24	26	TV		247655	247570
247570	少年师爷 第十二部	少年师爷之断案传奇	2018-05-15	26	TV		247565	307319
247632	少年师爷 第九部	少年师爷之公祭大禹	2017-06-12	26	TV			247655
247655	少年师爷 第十部	少年师爷之祭禹盛典	2017-09-25	26	TV		247632	247565
247791	我是江小白 第二季		2018-11-09	12	TV		229182	
247806	小鸡彩虹 第4季	小鸡彩虹 第四季	2018-05-18	26	WEB		229730	
247807	神兵小将2		2018-01-20	52	TV		25630	467703
247808	星学院Ⅲ之潘朵拉秘境	星学院III之潘朵拉秘境	2017-12-26	26	WEB		204642	364862
247817	トミカハイパーレスキュー ドライブヘッド 機動救急警察 2018	多美卡超救援 DRIVEHEAD 机动救急警察 2018	2018-01-20	8	WEB		205376	
247831	聪明的顺溜2	聪明的顺溜之雄鹰小子 第2季	2018-05-25	52	WEB		172611	
247841	八十亀ちゃんかんさつにっき	八十龟酱观察日记	2019-04-04	12	TV			282762
247862	小主人之正义联盟	小主人之正义联盟	2017-01-05	52	TV			247863
247863	小主人之正义联盟Ⅱ	小主人之正义联盟 第2季	2017-09-09	52	TV		247862	
247953	斗魂卫之玄月奇缘	斗魂卫之玄月奇缘	2018-06-19	12	WEB			258717
247974	百变布鲁可	百变布鲁可	2017-09-22	20	WEB			249074
247977	仙王的日常生活	仙王的日常生活	2020-01-18	15	WEB			320218
248152	モンスターストライク THE MOVIE ソラノカナタ	怪物弹珠 THE MOVIE 空之彼方	2018-10-05	1	剧场版		227164	570330
248175	かぐや様は告らせたい～天才たちの恋愛頭脳戦～	辉夜大小姐想让我告白～天才们的恋爱头脑战～	2019-01-12	12	TV			293049
248634	笑林功夫	笑林功夫	2014-10-13	104	TV			248718
248718	笑林功夫2	笑林功夫 第2季	2017-10-27	104	TV		248634	
248886	猪迪克之古怪岛大冒险Ⅰ	猪迪克之古怪岛大冒险 第1季	2016-11-14	26	TV		246718	248892
248892	猪迪克之古怪岛大冒险Ⅱ	猪迪克之古怪岛大冒险 第2季	2017-08-14	26	TV		248886	
249069	赛尔号第9季：霹雳九重天		2018-06-08	30	WEB		463610	463611
249074	百变布鲁可 第2季	百变布鲁可 第二季	2018-04-13	20	WEB		247974	
249240	狠西游2	狠西游 第2季	2018-12-26	20	WEB		187338	
249243	喂，看见耳朵啦	喂，看见耳朵啦	2018-08-25	12	WEB			271073
249245	KING OF PRISM -Shiny Seven Stars-	绫镜少男 KING OF PRISM -Shiny Seven Stars	2019-04-15	12	TV		192559	486477
249246	KING OF PRISM -Shiny Seven Stars- I プロローグ×ユキノジョウ×タイガ	KING OF PRISM -Shiny Seven Stars- I 序章×雪之丞×大河	2019-03-02	1	剧场版			249247
249247	KING OF PRISM -Shiny Seven Stars- II カケル×ジョージ×ミナト	KING OF PRISM -Shiny Seven Stars- Ⅱ翔×乔治×港	2019-03-23	1	剧场版		249246	249248
249248	KING OF PRISM -Shiny Seven Stars- III レオ×ユウ×アレク	KING OF PRISM -Shiny Seven Stars- Ⅲ 玲央×优×亚历	2019-04-13	1	剧场版		249247	249249
249249	KING OF PRISM -Shiny Seven Stars- IV ルヰ×シン×Unknown	KING OF PRISM -Shiny Seven Stars- Ⅳ 琉依×新×Unknown	2019-05-04	1	剧场版		249248	
249304	熊熊乐园2		2018-06-09	52	TV		232091	438221
249471	B: The Beginning Succession	B：起点 第二季	2021-03-18	6	WEB		170241	
249608	全职法师Ⅲ	全职法师 第三季	2018-10-13	12	WEB		223146	306876
249637	私に天使が舞い降りた！	天使降临到了我身边！	2019-01-08	12	TV			320493
250117	闇芝居 第6期	暗芝居 第六季	2018-07-06	13	TV		216767	283480
250148	全职高手之巅峰荣耀	全职高手之巅峰荣耀	2019-08-16	1	剧场版			153196
250189	择天记 第四季	择天记 第四季	2018-08-22	12	WEB		219144	297259
250204	国民老公带回家 第四季	国民老公带回家 第四季	2018-10-03	12	WEB		223145	
250514	3D彼女 リアルガール 第2シリーズ	3D彼女 第二季	2019-01-08	12	TV		229805	
250724	真夜中のオカルト公務員	深夜的超自然公务员	2019-04-07	12	TV			292573
250984	东北萌兽 第2季	东北萌兽 第二季	2018-06-20	12	WEB		225023	
251009	不機嫌なモノノケ庵 續	忧郁的物怪庵 续	2019-01-05	13	TV		168905	
251025	Marvel's Spider-Man Season 2	漫威蜘蛛侠 第二季	2018-06-18	26	TV		226238	304195
251060	グラゼニ シーズン2	钱进球场 第二季	2018-10-05	12	TV		211581	
251539	ぷれぷれぷれあです3	Play Play 昴宿星团 3	2018-07-10	13	WEB		234089	267540,390859
251547	ゴールデンカムイ 第2期	黄金神威 第二季	2018-10-08	12	TV		221127	285901
251666	宇宙戦艦ティラミスII	宇宙战舰提拉米斯 2	2018-10-01	13	TV		225022	
251831	斉木楠雄のΨ難 完結編	齐木楠雄的灾难 完结篇	2018-12-28	2	TV		204027	278899
251985	K SEVEN STORIES Episode 2「SIDE:BLUE ～天狼の如く～」	K SEVEN STORIES Episode 2「SIDE:BLUE ～犹如天狼～」	2018-08-04	2	剧场版		181464	251986
251986	K SEVEN STORIES Episode 3「SIDE:GREEN ～上書き世界～」	K SEVEN STORIES Episode 3「SIDE:GREEN ～覆写世界～」	2018-09-01	2	剧场版		251985	251987
251987	K SEVEN STORIES Episode 4「Lost Small World ～檻の向こうに～」	K SEVEN STORIES Episode4「Lost Small World ∼牢笼的彼端∼」	2018-10-06	2	剧场版		251986	251988
251988	K SEVEN STORIES Episode 5「メモリー・オブ・レッド ～BURN～」	K SEVEN STORIES Episode 5「红之记忆 ～BURN～」	2018-11-03	2	剧场版		251987	251989
251989	K SEVEN STORIES Episode 6「Circle Vision ～Nameless Song～」	K SEVEN STORIES Episode 6「～无名歌 ～」	2018-12-01	2	剧场版		251988	
252347	ピアノの森 第2シリーズ	钢琴之森 第二季	2019-01-27	12	TV		228380	
252432	劇場版 トリニティセブン -天空図書館と真紅の魔王-	剧场版 七人魔法使 天空图书馆与真红的魔王	2019-03-29	1	剧场版		186570	
252631	新大头儿子和小头爸爸3：俄罗斯奇遇记	新大头儿子和小头爸爸3：俄罗斯奇遇记	2018-07-06	1	剧场版			566090
252655	ゾンビランドサガ	佐贺偶像是传奇	2018-10-04	12	TV			287488
252950	斗罗大陆 精英赛	斗罗大陆 第二季 精英赛	2018-12-01	52	WEB		199425	294773
253042	アイドリッシュセブン Second BEAT!	IDOLiSH7-偶像星愿- Second BEAT!	2020-04-05	15	TV		190441	323960
253046	ストライクウィッチーズ ROAD to BERLIN	强袭魔女 通往柏林之路	2020-10-07	12	TV		18016	
253048	ストライクウィッチーズ 501部隊発進しますっ！	强袭魔女 501部队起飞！	2019-04-09	12	TV			285410
253250	ルシファー 反逆の堕天使	路西法 反叛的堕天使	2018-07-08	20	WEB			292052
253581	剑网3·侠肝义胆沈剑心	剑网3·侠肝义胆沈剑心	2018-09-21	12	WEB			291643
253693	请吃红小豆吧！	请吃红小豆吧！	2018-07-05	12	WEB			269548
253814	恋するシロクマ 「苦しい②」篇		2018-07-06	1	剧场版		246944	257453
253831	百鬼幼儿园	百鬼幼儿园	2018-07-14	10	WEB			271072
254361	Gon的旱獭 第二季	Gon的旱獭 第二季	2018-04-17	20	WEB		231526	280180
254374	ネコぱら OVA Extra 仔ネコの日の約束	NEKOPARA OVA Extra 小猫之日的约定	2018-07-27	1	OVA			186394
254418	きもしば	恶搞柴犬	2017-07-01	13	WEB			313063
254470	Bojack Horseman Season 5	马男波杰克5	2018-09-14	12	TV		219654	293658
254762	文豪ストレイドッグス 第3シーズン	文豪野犬 第三季	2019-04-12	12	TV		171068	356413
254788	この音とまれ！	一弦定音！	2019-04-06	13	TV			270060
254890	Disenchantment Season 1	幻灭 第一季	2018-08-17	10	WEB			290215
254982	연애하루전	恋爱前一天	2018-01-12	10	WEB		279891	262918
254986	Voltron: Legendary Defender Season 7	战神金刚：传奇的保护神 第七季	2018-08-10	13	WEB		245742	269940
255525	劇場版 Fate/Grand Order -神聖円卓領域キャメロット- 前編 Wandering; Agateram	剧场版 Fate/Grand Order 神圣圆桌领域卡美洛 前篇 漂泊的银之臂	2020-12-05	1	剧场版			255530
255526	Fate/Grand Order -絶対魔獣戦線バビロニア-	Fate/Grand Order -绝对魔兽战线巴比伦尼亚-	2019-10-05	21	TV		255530	302572
255530	劇場版 Fate/Grand Order -神聖円卓領域キャメロット- 後編 Paladin; Agateram	剧场版 Fate/Grand Order 神圣圆桌领域卡美洛 后篇 圣骑士银之臂	2021-05-15	1	剧场版		255525	255526
255547	デジモンアドベンチャー LAST EVOLUTION 絆	数码宝贝大冒险：最后的进化·羁绊	2020-02-21	1	剧场版		192204	341141
255714	Star Wars: Resistance Season 1	星球大战：抵抗组织 第一季	2018-10-07	21	TV			432478
255980	MIX MEISEI STORY	MIX：明青故事	2019-04-06	24	TV			394784
256114	五等分の花嫁	五等分的新娘	2019-01-10	12	TV			282000
256155	RWBY Volume 6	红白黑黄 第六季	2018-10-27	13	WEB		224720	285936
256283	ミュウツーの逆襲 EVOLUTION	宝可梦：超梦的逆袭 进化	2019-07-12	1	剧场版		231970	298119
256503	Yoshiwara Rose	吉原玫瑰	2017-10-11	1		1		262105
256649	歌舞伎町シャーロック	歌舞伎町夏洛克	2019-10-11	24	TV			304051
256668	嫌な顔されながらおパンツ見せてもらいたい2	一脸嫌弃表情的妹子给你看胖次2	2019-11-22	6	WEB		234195	630419
256721	末世觉醒之入侵 第一季·下		2019-07-11	13	WEB		223235	306908
256838	梦塔・雪谜城 Ⅱ	梦塔之雪谜城 2	2023-11-25	6	WEB		240580	
256863	蒼天の拳 REGENESIS 第2期	苍天之拳 REGENESIS 第二季	2018-10-08	12	TV		228259	
256948	せいぜいがんばれ！魔法少女くるみ 2期	尽量加油吧！魔法少女胡桃 第二季	2018-10-27	25	WEB		219955	310899
257126	美食大冒险之英雄烩	美食大冒险之英雄烩	2018-08-17	1	剧场版		452018	
257271	それでも妻を愛してる2		2018-12-07	2	OVA	1	68674	
257369	ぼくたちは勉強ができない	我们真的学不来	2019-04-06	13	TV			285130
257453	恋するシロクマ 「誰？」篇		2019-04-05	1	剧场版		253814	281284
257497	直感×アルゴリズム♪ 2期	麟&犀×AI韵律♪第二季		4	WEB		212022	
257507	Star vs. the Forces of Evil (Season 4)	星蝶公主 第四季	2019-03-18	21	TV		217069	
257639	Birdboy	鸟男孩	2011-01-01	1	剧场版			196587
257740	えいがのおそ松さん	电影的阿松	2019-03-15	1	剧场版			338371
258099	The Powerpuff Girls Rule!!!	世界之钥	2009-01-19	1	TV		177697	
258101	神秘世界历险记3		2016-07-29	1	剧场版		114744	258103
258103	神秘世界历险记4		2018-08-03	1	剧场版		258101	
258191	京剧猫之乘风破浪	京剧猫之乘风破浪	2018-07-09	52	TV		223081	305402
258256	枪神记 血族秘史篇		2019-12-15	12	WEB		247284	300837
258326	イナズマデリバリー 同業者アタック編	闪电宅急送 第2季	2017-12-08	10	TV		227230	
258329	猫のダヤン 日本へ行く		2015-10-17	12	TV		101269	209630
258340	Marvel Rising: Initiation	漫威崛起：源始	2018-08-13	6	TV			270671
258349	ONE PIECE STAMPEDE	航海王：狂热行动	2019-08-09	1	剧场版		144846	
258391	レレレの天才バカボン	ReReRe的天才傻鹏	1999-10-19	24	TV		81579	
258519	欢乐逗地主2	欢乐逗地主 第二季	2018-08-30	12	WEB		230092	
258717	斗魂卫之玄月奇缘 II		2018-11-27	13	WEB		247953	282744
258845	Farmer Al Falfa's Catastrophe		1916-02-03	1	剧场版			258848
258848	Farmer Al Falfa Invents A Kite		1916-03-12	1	剧场版		258845	258850
258850	Al Falfa's Scientific Diary		1916-04-14	1	剧场版		258848	258852
258852	Farmer Al Falfa And his Tentless Circus		1916-06-03	1	剧场版		258850	258853
258853	Farmer Al Falfa's Watermelon Patch		1916-06-29	1	剧场版		258852	258855
258855	Farmer Al Falfa's Egg-Citement		1916-08-04	1	剧场版		258853	258857
258857	Farmer Al Falfa's Revenge		1916-08-25	1	剧场版		258855	258858
258858	Farmer Al Falfa Wolfhound		1916-09-16	1	剧场版		258857	258859
258859	Farmer Al Falfa See's New York		1916-10-09	1	剧场版		258858	258860
258860	Farmer Al Falfa's Prune Plantation		1916-11-03	1	剧场版		258859	258864
258864	Farmer Al Falfa's Blind Pig		1916-12-01	1	剧场版		258860	
258946	太郎の番兵	太郎的哨兵	1918-03-30	1	剧场版			258955
258955	太郎の番兵 潜航艇の巻	太郎的哨兵 潜水艇之卷	1918-08-04	1	剧场版		258946	
258993	松ちゃんの剛勇		1926-01-22	1	剧场版			258994
258994	松ちゃんの定九郎			1	剧场版		258993	
259037	Paradise PD	天堂镇警局	2018-08-31	10	WEB			331647
259070	探偵オペラ ミルキィホームズ サイコの挨拶	侦探歌剧 少女福尔摩斯 心灵的问候	2018-12-31	1	TV		230295	
259432	The Dragon Prince	龙太子	2018-09-14	9	WEB			275392
259553	如果历史是一群喵 夏商西周篇		2018-09-02	13	WEB			267598
259605	Animals. Season 3	纽约屁民 第三季	2018-08-03	10	TV		212851	
259617	劲爆战士	劲爆战士	2008-09-01	39	TV			463621
259626	私たち、らくろじ部！		2016-01-09	12	TV			259628
259628	私たち、らくろじ部！ 2期		2016-08-01	12	TV		259626	
259709	トップをねらえ3（仮題）	飞跃巅峰3					768	
259874	境界線上のホライゾン Blu-ray BOX 特典アニメーション	境界线上的地平线 Blu-ray BOX 特典动画	2018-12-21	1	OVA		29307	
259877	イナズマイレブン オリオンの刻印	闪电十一人 俄里翁的刻印	2018-10-05	49	TV		185789	
259939	精灵梦叶罗丽 第6季	精灵梦叶罗丽 第六季	2018-06-28	26	WEB		240640	311822
260322	猪猪侠之竞球小英雄 2	猪猪侠之竞球小英雄 第二季	2018-08-08	26	TV		246981	384736
260496	金牌帮帮帮之家与希望	金牌帮帮帮之家与希望	2018-07-30	26	WEB		196973	
260625	香肠派对2	香肠派对 第二季	2018-08-09	20	WEB		240439	305544
260680	青春ブタ野郎はゆめみる少女の夢を見ない	青春猪头少年不会梦到怀梦美少女	2019-06-15	1	剧场版		240038	402656
260733	小花仙 第4季 守护天使2	小花仙 第四季 守护天使2	2018-06-29	40	WEB		228581	307354
260770	ご注文はうさぎですか？ BLOOM	请问您今天要来点兔子吗？BLOOM	2020-10-10	12	TV		260772	540641
260772	ご注文はうさぎですか？？～Sing For You～	请问您今天要来点兔子吗？？～Sing for You～	2019-09-26	1	OVA		181995	260770
261048	叛逆性ミリオンアーサー 第2シーズン	叛逆性百万亚瑟王 第二季	2019-04-04	13	TV		240974	
261082	でびどる！	恶魔偶像	2018-10-04	12	TV		208321	
261147	Spirou Season 1	斯皮鲁历险记 第一季		26	TV			261195
261195	Spirou Season 2	斯皮鲁历险记 第二季		26	TV		261147	
261197	Astérix le Gaulois	高卢勇士传	1967-12-20	1	剧场版			113088
261198	Les douze travaux d'Astérix	高卢勇士之十二个任务	1976-10-20	1	剧场版		113088	261199
261199	Astérix et la surprise de César	高卢勇士斗凯撒	1985-12-11	1	剧场版		261198	261318
261318	Astérix chez les Bretons	高卢勇士救英国	1986-12-03	1	剧场版		261199	117213
261319	Astérix et les indiens	高卢勇士之美洲历险	1994-09-29	1	剧场版		117213	311179
261493	まじもじるるも 完結編	修业魔女璐璐萌 完结篇	2019-07-09	2	OVA		102694	
261535	Mr. Bean: The Animated Series Season 2	憨豆先生动画版第二季		13	TV		117489	261536
261536	Mr. Bean: The Animated Series Season 3	憨豆先生动画版 第三季		9	TV		261535	261537
261537	Mr. Bean: The Animated Series Season 4	憨豆先生动画版 第四季	2015-02-16	26	TV		261536	
261805	Re:ゼロから始める異世界生活 氷結の絆	Re：从零开始的异世界生活 冰结之绊	2019-11-08	1	OVA		225462	
261806	Hilda Season 1	希尔达 第一季	2018-09-21	13	WEB			322518
261807	劇場版マクロスΔ 絶対LIVE!!!!!!	剧场版超时空要塞Δ 绝对LIVE!!!!!!	2021-10-08	1	剧场版		100858,221637	
262105	Yoshiwara Rose 2.0 - A Cycle Of Guilt	吉原玫瑰 2	2018-07-29	1		1	256503	
262112	おとなの防具屋さん	大人的防具店	2018-10-08	12	TV			322926
262125	妖神记之影妖篇	妖神记之影妖篇	2018-09-25	40	WEB		233703	277163
262162	僕のヒーローアカデミア 第4期	我的英雄学院 第四季	2019-10-12	25	TV		226677	303399
262276	一騎当千 Western Wolves	一骑当千 Western Wolves	2019-01-03	3	OVA		100568	340677
262277	ハイスコアガール  EXTRA STAGE	高分少女 EXTRA STAGE	2019-03-20	3	OVA		91205	278569
262367	Donald Gets Drafted	唐老鸭从军记	1942-05-01	1	剧场版			529276
262382	PERSONA5 the Animation Dark Sun…	女神异闻录5 Dark Sun…	2018-12-30	1	TV		221062	270473
262487	黄逗菌	黄逗菌	2017-05-20	30	WEB			262490
262490	黄逗菌 第2季	黄逗菌 第二季	2018-09-19	29	WEB		262487	
262518	画江湖之不良人Ⅲ	画江湖之不良人 第三季	2018-10-25	40	WEB		183747	313937
262519	魔道祖师 羡云篇		2019-08-03	8	WEB		199423	289944
262573	The Midnight Snack	午夜点心	1941-07-19	1	剧场版		241680	241685
262574	Fraidy Cat	幽灵又出现	1942-01-17	1	剧场版		241685	262575
262575	Dog Trouble	狗惹麻烦	1942-04-18	1	剧场版		262574	262576
262576	Puss n' Toots	猫儿心上人	1942-05-30	1	剧场版		262575	262578
262578	The Bowling Alley-Cat	保龄球馆里的猫	1942-07-18	1	剧场版		262576	262581
262581	Fine Feathered Friend	物以类聚	1942-10-10	1	剧场版		262578	262582
262582	Sufferin' Cats!	受罪猫	1943-01-16	1	剧场版		262581	262698
262677	战斗吧歌姬 第零季	战斗吧歌姬 第零季	2018-10-04	4	WEB			262678
262678	战斗吧歌姬 第一季	战斗吧歌姬 第一季	2018-10-10	12	WEB		262677	283522
262684	乌龙院之活宝传奇 第2季	乌龙院之活宝传奇 第2季	2018-10-10	52	WEB		187700	461763
262698	The Lonesome Mouse	寂寞的老鼠	1943-05-22	1	剧场版		262582	132368
262699	Baby Puss	宝贝猫	1943-12-25	1	剧场版		132368	262700
262700	The Zoot Cat	祖鲁猫	1944-02-26	1	剧场版		262699	262701
262701	The Million Dollar Cat	百万富翁	1944-05-06	1	剧场版		262700	262702
262702	The Bodyguard	保镖	1944-07-22	1	剧场版		262701	262703
262703	Puttin' on the Dog	真假猎犬	1944-10-28	1	剧场版		262702	132370
262704	Mouse in Manhattan	老鼠在曼哈顿	1945-07-07	1	剧场版		275358	262705
262705	Tee for Two	双人高尔夫	1945-07-21	1	剧场版		262704	262828
262708	The Mansion Cat	宅猫	2001-04-08	1	TV		25961	
262714	火焰战士	火焰战士	2009-08-19	52	TV		145131	
262732	武庚纪Ⅲ	武庚纪之三界	2019-12-20	42	WEB		223541	316170
262826	动物合唱团	动物合唱团	2018-09-28	70	WEB			469995
262828	Flirty Birdy	秃鹰变奏曲	1945-09-22	1	剧场版		262705	132372
262830	Springtime for Thomas	汤姆的艳遇	1946-03-30	1	剧场版		132372	262833
262833	The Milky Waif	吃奶的小孤儿	1946-05-18	1	剧场版		262830	262835
262835	Trap Happy	捕鼠大队	1946-06-29	1	剧场版		262833	278224
262836	Cat Fishin'	猫钓鱼	1947-02-22	1	剧场版		278224	262837
262837	Part Time Pal	兼职朋友	1947-03-15	1	剧场版		262836	132373
262852	Pent-House Mouse	顶层公寓里的老鼠	1963-07-27	1	剧场版		634870	262911
262865	異世界かるてっと	异世界四重奏	2019-04-09	12	TV			285422
262889	アーサー 復活の騎士王	复活的骑士王	2018-10-06	5	WEB			282692
262897	ゆるキャン△ SEASON 2	摇曳露营△ 第二季	2021-01-07	13	TV		207195	405785
262911	The Cat Above and the Mouse Below	猫上鼠下	1964-02-25	1	剧场版		262852	262915
262915	Is There a Doctor in the Mouse?	老鼠里有医生吗？	1964-03-24	1	剧场版		262911	262916
262916	Much Ado About Mousing	捕鼠的烦恼	1964-04-14	1	剧场版		262915	262984
262918	연애하루전2	恋爱前一天 2	2018-03-30	15	WEB		254982	
262935	いつか会えるキミに	终有一日会与你相见	2018-10-05	1	WEB		242449	304617
262940	とある科学の超電磁砲T	某科学的超电磁炮T	2020-01-10	25	TV		51928	537743
262943	俺を好きなのはお前だけかよ	喜欢本大爷的竟然就你一个？	2019-10-02	12	TV			297225
262984	Snowbody Loves Me	小雪人喜欢我	1964-05-12	1	剧场版		262916	263158
263001	SEVEN SEVENS 登場篇			1	CM			263002
263002	モンスターブラックス 逆襲篇			1	TV		263001	
263158	The Unshrinkable Jerry Mouse	不收缩的老鼠杰瑞	1964-12-08	1	剧场版		262984	263329
263189	Salt Water Tabby	海水玩具鸭	1947-07-12	1	剧场版		243244	263190
263190	A Mouse in the House	房子里的老鼠	1947-08-30	1	剧场版		263189	263191
263191	The Invisible Mouse	隐形墨水	1947-09-27	1	剧场版		263190	263192
263192	Kitty Foiled	受挫的猫	1948-05-01	1	剧场版		263191	263193
263193	The Truce Hurts	休战的伤害	1948-07-17	1	剧场版		263192	275348
263194	由你玩四年 第一季	由你玩四年第一季	2018-10-16	10	WEB			294877
263324	西行纪之集结篇	西行纪之集结篇	2019-09-11	22	WEB		214741	299263
263329	Ah, Sweet Mouse-Story of Life	甜美的老鼠生活	1965-01-20	1	剧场版		263158	263330
263330	Tom-ic Energy	汤姆的能量	1965-01-27	1	剧场版		263329	263331
263331	Bad Day at Cat Rock	倒霉的一天	1965-02-10	1	剧场版		263330	263405
263405	The Brothers Carry-Mouse-Off	捕鼠兄弟	1965-03-03	1	剧场版		263331	263406
263406	Haunted Mouse	作祟的老鼠	1965-03-24	1	剧场版		263405	263408
263408	I'm Just Wild About Jerry	我为杰瑞狂	1965-04-07	1	剧场版		263406	264757
263750	進撃の巨人 Season 3 Part.2	进击的巨人 第三季 Part.2	2019-04-28	10	TV		217300	285666
263756	マーベル フューチャー・アベンジャーズ2	漫威未来复仇者 第二季	2018-07-30	13	TV		210324	
263808	映画ドラえもん のび太の月面探査記	哆啦A梦：大雄的月球探险记	2019-03-01	1	剧场版		217072	285759
264089	乙女ゲームの破滅フラグしかない悪役令嬢に転生してしまった…	转生成为了只有乙女游戏破灭Flag的邪恶大小姐	2020-04-04	12	TV			309056
264127	宇宙の法 黎明編	宇宙之法 黎明篇	2018-10-12	1	剧场版		131626	351112
264310	PAW Patrol	汪汪队立大功	2013-08-12	26	TV			301845
264319	Summer Camp Island	夏令营岛	2018-07-07	40	TV			439332
264320	Final Space Season 1	太空终界 第一季	2018-02-17	10	TV			284258
264357	我が家のリリアナさん THE ANIMATION	我家的莉莉安娜	2019-01-31	1	OVA			293859,334324
264358	雨色ココアside G	雨色可可 side G	2019-01-08	12	TV		219759	
264588	スター☆トゥインクルプリキュア	Star☆Twinkle 光之美少女	2019-02-03	49	TV		228046	297094
264757	Of Feline Bondage	猫的枷锁	1965-05-19	1	剧场版		263408	264758
264758	The Year of the Mouse	老鼠年	1965-06-09	1	剧场版		264757	264759
264759	The Cat's Me-Ouch	猫的痛感	1965-12-22	1	剧场版		264758	264760
264760	Duel Personality	决斗者	1966-01-20	1	剧场版		264759	266000
265144	Sherlock Gnomes	淘气大侦探	2018-03-23	1	剧场版		113324	
265554	白蛇：缘起	白蛇：缘起	2019-01-11	1	剧场版			443857
265603	有閑倶楽部 犬猫まるごとHOWマッチ	有闲俱乐部 狗猫完整HOW麻吉	1991-07-25	1	OVA			265604
265604	有閑倶楽部 香港より愛をこめて	有闲俱乐部 来自香港的爱	1991-12-14	1	剧场版		265603	
265712	Castlevania Season 3	恶魔城 第三季	2020-03-05	10	WEB		208709	329407
265792	クレヨンしんちゃん外伝 家族連れ狼	蜡笔小新外传 带家之狼	2017-02-22	13	WEB		208400	411082
266000	Jerry, Jerry, Quite Contrary	杰瑞杰瑞正相反	1966-02-17	1	剧场版		264760	266001
266001	Jerry-Go-Round	四处窜的杰瑞	1966-03-03	1	剧场版		266000	266002
266002	Love Me, Love My Mouse	爱吾及鼠	1966-04-28	1	剧场版		266001	280778
266274	Astérix: Le domaine des dieux	阿斯特里克斯历险记：诸神之宫殿	2014-11-26	1	剧场版		311179	311182
266301	ドロヘドロ	异兽魔都	2020-01-12	12	TV			474371
266349	ツキウタ。 THE ANIMATION 2	月歌2	2020-10-07	13	TV		117282	
266372	炎炎ノ消防隊	炎炎消防队	2019-07-05	24	TV			297342
266455	フルーツバスケット 1st season	水果篮子 第一季	2019-04-05	25	TV			291039
266787	HERO≠MASK	英雄面具	2018-12-03	15	WEB			287049
266794	Dr.STONE	石纪元	2019-07-05	24	TV			296261
267162	She-Ra and the Princesses of Power	希瑞与非凡的公主们	2018-11-13	13	WEB			325702
267366	My Little Pony: Equestria Girls Digital Series (Season 1)	小马国女孩 第一季	2017-11-17	37	WEB			419874
267374	My Little Pony Equestria Girls: Magical Movie Night	小马国女孩 魔法公主特别篇	2017-08-08	3	OVA			272055
267381	巴啦啦小魔仙之魔法海萤堡		2018-11-16	26	TV			331202
267432	SDガンダムワールド 三国創傑伝	SD高达世界 三国创杰传	2019-07-26	10	WEB			324786
267437	ゴールデン道画劇場 第2期	黄金神威 小剧场 第二季	2018-10-09	11	WEB		243097	320733
267540	ぷれぷれぷれあです ～クレマンティーヌ逃亡篇～	Play Play 昴宿星团 克莱门汀逃亡篇	2018-11-23	3	WEB		251539	
267598	如果历史是一群喵 春秋战国篇		2019-01-13	13	WEB		259553	280601
267615	ダイヤのA actⅡ	钻石王牌 act2	2019-04-02	52	TV		129844	495238
267658	7SEEDS	幻海奇情	2019-06-28	12	WEB			293421
267732	ロード・エルメロイⅡ世の事件簿 -魔眼蒐集列車 Grace note-	君主·埃尔梅罗二世事件簿 魔眼收集列车 Grace note	2019-07-06	13	TV			340842
267988	ノラと皇女と野良猫ハート 次期	野良和皇女和流浪猫之心 次期			TV		163114	
268048	Blade Runner: Black Lotus	银翼杀手 黑莲花	2021-11-13	13	WEB		225801	
268067	名探偵コナン 紺青の拳	名侦探柯南 绀青之拳	2019-04-12	1	剧场版		227724	295318
268320	アイドルマスター シンデレラガールズ劇場 CLIMAX SEASON	偶像大师 灰姑娘女孩剧场 高潮季	2019-04-02	13	TV		238087	302738
268430	Star Trek: The Animated Series Season 2	星际旅行：动画版 第二季	1974-09-07	6	TV		75015	
268450	万古仙穹Ⅲ 恶人谷篇	万古仙穹 恶人谷篇	2019-03-08	13	WEB		231357	283093
268491	クレヨンしんちゃん 新婚旅行ハリケーン 〜失われたひろし〜	蜡笔小新：新婚旅行飓风之遗失的野原广志	2019-04-19	1	剧场版		227775	291038
268545	痛いのは嫌なので防御力に極振りしたいと思います。	因为太怕痛就全点防御力了。	2020-01-08	12	TV			302766
268941	CYBORG009 CALL OF JUSTICE 第2章	人造人009 CALL OF JUSTICE 第2章	2016-12-02	1	剧场版		187465	268942
268942	CYBORG009 CALL OF JUSTICE 第3章	人造人009 CALL OF JUSTICE 第3章	2016-12-09	1	剧场版		268941	
269023	キラッとプリ☆チャン シーズン2	闪亮美妙☆频道 第二季	2019-04-07	51	TV		236074	296702
269061	巨乳×限界×絵巻2	巨乳×限界×绘卷2	2016-02-25	1		1	92435	269062
269062	巨乳×限界×絵巻3	巨乳×限界×绘卷3	2017-08-09	1		1	269061	269063
269063	メイド系過激リフレ 本日開店！	女仆系过激按摩店 今日开店！	2018-09-11	1		1	269062	310139
269069	He-Man and the Masters of the Universe Season 2	宇宙的巨人希曼 第二季	1984-09-24	52	TV		55426	
269090	HELLO WORLD	你好 世界	2019-09-20	1	剧场版		289310	
269236	熊出没·原始时代		2019-02-05	1	剧场版		229382	328074
269263	喜羊羊与灰太狼之发明大作战	喜羊羊与灰太狼之发明大作战	2017-07-12	52	TV		208085	269265,273458
269265	喜羊羊与灰太狼之奇幻天空岛	喜羊羊与灰太狼之奇幻天空岛	2018-01-27	52	TV		208085,269263	273458,310927
269389	うまよん	赛马娘四格	2020-07-07	12	TV			380506
269422	アニメぷそ煮コミ	动画乱炖	2019-01-07	20	WEB			303799
269537	灵笼:INCARNATION 上半季	灵笼 上半季	2019-07-13	6	WEB			311724
269539	万国志		2019-09-23	16	WEB			312579
269545	百妖谱	百妖谱	2020-04-25	12	WEB			320215
269546	元龙	元龙	2020-07-11	16	WEB			320219
269548	请吃红小豆吧！ 第二季		2019-01-13	16	WEB		253693	294872
269549	汉化日记	汉化日记	2019-07-21	12	WEB			291635
269550	我家大师兄是个反派	我家大师兄是个反派	2020-10-29	13	WEB		234449	325329
269551	大王不高兴		2020-01-01	12	WEB			308826
269552	天宝伏妖录	天宝伏妖录	2020-07-05	13	WEB			320217
269824	BAKUMATSUクライシス	恋爱幕末男友外传～在时空的彼方盛开之恋～CRISIS	2019-04-04	12	TV		241181	
269918	ハイキュー!! TO THE TOP	排球少年 TO THE TOP	2020-01-10	13	TV		173849	295421
269940	Voltron: Legendary Defender Season 8	战神金刚：传奇的保护神 第八季	2018-12-14	13	WEB		254986	
270060	この音とまれ！第2クール	一弦定音！第2部分	2019-10-05	13	TV		254788	
270081	天体のメソッド もうひとつの願い	天体的秩序 另一个愿望	2019-10-11	1	WEB		100040	
270083	The Lego Movie 2: The Second Part	乐高大电影2	2019-02-08	1	剧场版		95784	
270139	アラド：逆転の輪	阿拉德：逆转之轮	2020-04-23	16	TV		209955	451460
270175	バトルスピリッツ サーガブレイヴ	战斗之魂 Saga Brave	2019-06-14	3	WEB		8621	299139
270235	The Shivering Truth	颤抖的真相	2018-05-22	7	TV			317879
270242	王者？别闹！	王者？别闹！	2017-06-13	13	WEB			298425
270279	映画 プリキュアミラクルユニバース	电影 光之美少女 Miracle Universe	2019-03-16	1	剧场版		231716	297318
270413	Miraculous Ladybug Season 3	瓢虫雷迪 第三季	2018-12-01	26	TV		230190	337810
270473	PERSONA5 the Animation Stars and Ours	女神异闻录5 Stars and Ours	2019-03-23	1	TV		262382	
270487	Kunoichi 3: Dark Butterfly	女忍3:黑蝴蝶	2018-12-14	1		1	155017	
270671	Marvel Rising: Secret Warriors	漫威崛起：秘密勇士	2018-09-30	1	TV		258340	274248
270703	Batman: Hush	蝙蝠侠：缄默	2019-07-20	1	OVA			270704
270704	Wonder Woman: Bloodlines	神奇女侠：血脉	2019-10-05	1	OVA		270703	301569
270749	星辰变 第二季		2020-05-03	12	WEB		223148	307982
270776	Highlander: The Animated Series Season 1	高地人动画版 第一季	1994-09-18	13	TV			270777
270777	Highlander: The Animated Series Season 2	高地人动画版 第二季	1995-09-27	27	TV		270776	
271072	百鬼幼儿园 第二季	百鬼幼儿园 第二季	2019-03-26	12	WEB		253831	306767
271073	喂，看见耳朵啦 第二季		2019-02-02	12	WEB		249243	
271145	理系が恋に落ちたので証明してみた。	理科生坠入情网，故尝试证明。	2020-01-10	12	TV			317042
271151	からかい上手の高木さん②	擅长捉弄的高木同学 第二季	2019-07-07	12	TV		219200,241418	347887
271248	玄玄英雄传	玄玄英雄传	2019-01-02	12	WEB		235204	
271256	灵剑尊	灵剑尊	2019-01-15	30	WEB			282740
271257	万界神主	万界神主	2019-02-06	60	WEB			298505
271652	劇場版 Free!-the Final Stroke- 前編	剧场版 Free!-the Final Stroke- 前篇	2021-09-17	1	剧场版		228820,271662	334203
271662	劇場版 Free!-Road to the World-夢	剧场版 Free!-Road to the World-梦	2019-07-05	1	剧场版			271652
271687	虚構推理	虚构推理	2020-01-11	12	TV			320839
272027	餐桌上的世说新语		2018-12-28	12	WEB			293902
272055	My Little Pony: Equestria Girls One-hour Specials (2018)	小马国女孩 特别篇 (2018)	2018-02-17	2	OVA		267374	280443
272188	邪神ちゃんドロップキック’	邪神与厨二病少女’	2020-04-06	11	TV		231722	316131
272475	Fairy gone フェアリーゴーン	Fairy gone	2019-04-07	12	TV			283053
272510	まちカドまぞく	街角魔族	2019-07-11	12	TV			313852
272905	gen:LOCK		2019-01-26	8	WEB			432638
272906	Wild and Woolfy	狼荡不羁	1945-11-03	1			280517	280520
272921	アイカツフレンズ！～かがやきのジュエル～	偶像活动Friends ～闪耀的宝石～	2019-04-04	26	TV		234413	
273363	Lego Marvel Super Heroes: Avengers Reassembled	乐高漫威复仇者联盟:重新集结	2015-11-18	5			273364	585252
273364	Lego Marvel Super Heroes: Maximum Overload	乐高漫威超级英雄:极限过载	2013-11-05	5	WEB			273363
273458	喜羊羊与灰太狼之羊村守护者	喜羊羊与灰太狼之羊村守护者	2019-01-18	60	TV		269263,269265	310927,328079
273551	A3! SEASON SPRING ＆ SUMMER	A3！满开剧团 春&夏	2020-01-13	12	TV			289131
273834	真・中華一番！	厨神小当家	2019-10-11	12	TV			297344
273843	BEASTARS	动物狂想曲	2019-10-09	12	TV			297224
273844	魔入りました！入間くん	入间同学入魔了	2019-10-05	23	TV			301740
274133	BEM		2019-07-14	12	TV			307925
274232	第13回東方M-1ぐらんぷり	第十三届东方M-1漫才大赛	2018-12-30	1	OVA		234266	299576
274234	小林さんちのメイドラゴンS	小林家的龙女仆S	2021-07-07	12	TV		179949	514353
274243	映画 すみっコぐらし とびだす絵本とひみつのコ	电影 角落小伙伴 魔法绘本里的新朋友	2019-11-08	1	剧场版			333260
274248	Marvel Rising: Chasing Ghosts	漫威崛起：幽灵蜘蛛	2019-01-16	1	WEB		270671	283169
274357	パンドラとアクビ 前編 荒野の銃撃戦	潘多拉和小哈欠 前篇	2019-04-05	1	剧场版			277106
274394	Dungeons & Dragons Season 2	归乡历险记 第二季	1984-09-08	8	TV		102523	274395
274395	Dungeons & Dragons Season 3	归乡历险记 第三季	1985-09-14	6	TV		274394	
274601	アグレッシブ烈子 シーズン2	职场小烈 第二季	2019-06-14	10	WEB		247086	288274
274613	Love, Death & Robots	爱、死亡 & 机器人	2019-03-15	18	WEB			284428
274646	プリンセスコネクト！Re:Dive	公主连结 Re:Dive	2020-04-06	13	TV			312958
274653	Transformers: Cyberverse Season 1	变形金刚 塞伯志	2018-09-01	18	TV			528037
274716	ベイブレードバースト ガチ	霸旋陀螺 爆刃对决 GT	2019-04-05	52	WEB		231971	302136
274753	下の妹	最小的妹妹	2018-07-14	2		1		226932
275005	清純系アイドル2 股間節柔軟の激痛に嗚咽 ムービーズ	清纯系偶像2 髋关节柔软的激痛里呜咽 动画	2018-10-27	1		1	391251	
275348	Old Rockin' Chair Tom	老摇椅上的汤姆	1948-09-18	1	剧场版		263193	275349
275349	Professor Tom	汤姆教授	1948-10-30	1	剧场版		275348	275350
275350	Mouse Cleaning	老鼠打扫记	1948-12-11	1	剧场版		275349	275351
275351	Polka-Dot Puss	斑点猫	1949-02-26	1	剧场版		275350	132376
275353	Heavenly Puss	猫儿上天堂	1949-07-09	1	剧场版		243268	275354
275354	The Cat and the Mermouse	猫与人鱼鼠	1949-09-03	1	剧场版		275353	275356
275356	Love That Pup	小鬼难缠	1949-10-01	1	剧场版		275354	275357
275357	Jerry's Diary	杰瑞的日记	1949-10-22	1	剧场版		275356	275360
275358	The Mouse Comes to Dinner	鼠来晚餐	1945-05-05	1	剧场版		132370	262704
275360	Tennis Chumps	网球白痴	1949-12-10	1	剧场版		275357	584308
275392	The Dragon Prince Season 2	龙太子 第二季	2019-02-15	9	WEB		259432	318238
276051	ラディアン 第2シリーズ	虚空魔境 第二季	2019-10-02	21	TV		236597	
276142	Scrat's Continental Crack-Up	大陆之所以漂移	2010-12-25	1	剧场版			276143
276143	Scrat's Continental Crack-Up: Part 2	大陆之所以漂移：第二部分	2011-11-16	1	剧场版		276142	
276175	マスターピース THE ANIMATION		2019-05-31	2	OVA	1		406423
276432	地灵曲 楼兰完结篇		2019-02-25	10	WEB		226014	281086
276641	銀魂 THE FINAL	银魂 THE FINAL	2021-01-08	1	剧场版		240811,309002	
276785	LUPIN THE IIIRD 峰不二子の嘘	鲁邦三世 峰不二子的谎言	2019-05-31	2	剧场版		192442	526159,555830
276788	本好きの下剋上 〜司書になるためには手段を選んでいられません〜	小书痴的下克上 〜为了成为图书管理员而不择手段〜	2019-10-02	14	TV			296129
276792	継つぐもも	继 怪怪守护神	2020-04-05	12	TV		192428	
277105	PSYCHO-PASS サイコパス 3	心理测量者3	2019-10-24	8	TV		396302	296308
277106	パンドラとアクビ 後編 精霊と怪獣の街	潘多拉和小哈欠 后篇	2019-04-05	1	剧场版		274357	
277162	万界仙踪 第二季		2019-04-25	40	WEB		240962	293470
277163	妖神记之黑狱篇	妖神记之黑狱篇	2020-04-08	52	WEB		262125	360077
277168	Ben 10 Season 2	少年骇客 第二季	2006-05-29	13	TV		79093	277169
277169	Ben 10 Season 3	少年骇客 第三季	2006-11-25	13	TV		277168	277170
277170	Ben 10 Season 4	少年骇客 第四季	2007-07-14	13	TV		277169	211271
277171	Ben 10: Alien Force Season 2	少年骇客：外星英雄 第二季	2008-10-10	13	TV		211271	277172
277172	Ben 10: Alien Force Season 3	少年骇客：外星英雄 第三季	2009-09-11	20	TV		277171	277174
277174	Ben 10: Ultimate Alien Season 1	少年骇客：终极异形 第一季	2010-04-23	20	TV		277172	277176
277176	Ben 10: Ultimate Alien Season 2	少年骇客：终极异形 第二季	2011-02-04	12	TV		277174	277177
277177	Ben 10: Ultimate Alien Season 3	少年骇客：终极异形 第三季	2011-09-16	20	TV		277176	277178
277178	Ben 10: Omniverse Story Arc 1	少年骇客：全面进化 第一季	2012-08-01	10	TV		277177	277179
277179	Ben 10: Omniverse Story Arc 2	少年骇客：全面进化 第二季	2012-11-24	10	TV		277178	277180
277180	Ben 10: Omniverse Story Arc 3	少年骇客：全面进化 第三季	2013-02-09	10	TV		277179	277181
277181	Ben 10: Omniverse Story Arc 4	少年骇客：全面进化 第四季	2013-10-05	10	TV		277180	277182
277182	Ben 10: Omniverse Story Arc 5	少年骇客：全面进化 第五季	2014-02-15	10	TV		277181	277183
277183	Ben 10: Omniverse Story Arc 6	少年骇客：全面进化 第六季	2014-10-06	10	TV		277182	277184
277184	Ben 10: Omniverse Story Arc 7	少年骇客：全面进化 第七季	2014-10-20	10	TV		277183	277185
277185	Ben 10: Omniverse Story Arc 8	少年骇客：全面进化 第八季	2014-11-03	10	TV		277184	
277187	Ben 10 Reboot Season 1	少年骇客：再显神威	2016-10-01	40	TV			668133
277191	Generator Rex Season 1	变形小雷 第一季	2010-04-23	21	TV			277192
277192	Generator Rex Season 2	变形小雷 第二季	2011-02-04	19	TV		277191	277193
277193	Generator Rex Season 3	变形小雷 第三季	2011-11-11	20	TV		277192	
277217	ファンタシースターオンライン2 エピソード・オラクル	梦幻之星 神谕篇	2019-10-07	25	TV			139830
277436	伍六七之最强发型师	伍六七之最强发型师	2019-10-23	10	WEB		244008	312700
277518	ギヴン	GIVEN 被赠与的未来	2019-07-11	11	TV			290993
277541	墓王之王 幽都战	墓王之王 幽都战	2019-11-21	26	WEB		226250	343186
277551	地縛少年花子くん	地缚少年花子君	2020-01-09	12	TV			464593
277554	無職転生 ～異世界行ったら本気だす～	无职转生～到了异世界就拿出真本事～	2021-01-10	11	TV			325585
277627	ノー・ガンズ・ライフ	非枪人生	2019-10-10	12	TV			291479
277954	やはり俺の青春ラブコメはまちがっている。完	我的青春恋爱物语果然有问题 完	2020-07-09	12	TV		102134	
278031	転生したらスライムだった件 第2期	关于我转生变成史莱姆这档事 第二季	2021-01-12	12	TV		239816	302523
278202	バキ 大擂台賽編	刃牙 大擂台赛篇	2020-06-04	13	WEB		199373	317852
278224	Solid Serenade	浪漫小夜曲	1946-08-31	1	剧场版		262835	262836
278429	僕のヒーローアカデミア  THE MOVIE ヒーローズ：ライジング	我的英雄学院 英雄:崛起	2019-12-20	1	剧场版		231647	321117
278569	ハイスコアガールⅡ	高分少女 第二季	2019-10-25	9	TV		262277	
278571	The Tom and Jerry Show	新版猫和老鼠	1975-09-06	16	TV		25961	278572
278572	The Tom and Jerry Comedy Show	猫和老鼠喜剧秀	1980-09-06	15	TV		278571	36318
278573	Tom and Jerry Tales	猫和老鼠传奇	2006-09-23	26	TV		36318	101799
278661	ゴブリンスレイヤー GOBLIN’S CROWN	哥布林杀手 哥布林的王冠	2020-02-01	1	剧场版		238006	326867
278815	はたらく細胞!!	工作细胞！！	2021-01-09	8	TV		235612	
278826	Re:ゼロから始める異世界生活 2nd season	Re：从零开始的异世界生活 第二季	2020-07-08	13	TV		140001	316247
278898	魔女見習いをさがして	寻找见习魔女	2020-11-13	1	剧场版		14878	
278899	斉木楠雄のΨ難 Ψ始動編	齐木楠雄的灾难 再始动篇	2019-12-30	6	WEB		251831	
279087	ACCA13区監察課 Regards	ACCA13区监察课 Regards	2020-03-27	1	OVA		183492	
279096	ふたなり娘ヒカリの痴態おなにぃ公開中!		2013-03-16	1		1		279097
279097	ふたりのとばりっ～ヒカリととばるの[ぬきさし]ならない関係～		2013-04-05	1		1	279096	
279202	約束のネバーランド Season 2	约定的梦幻岛 第二季	2021-01-07	11	TV		243916	
279219	BanG Dream! FILM LIVE		2019-09-13	1	剧场版			302228
279232	The Powerpuff Girls Season 2 (2016 TV series)	飞天小女警 第2季(2016年动画)	2017-03-03	43	TV		106264	279347
279268	Unikitty! Season 2	独角猫 第二季	2019-02-04	28	WEB		233797	
279278	麻雀飛翔伝 哭きの竜	麻将飞翔传 哭泣的龙	1988-05-25	3	OVA			528251
279321	TIGER & BUNNY 2	TIGER & BUNNY 第二季	2022-04-08	13	WEB		66202	377507
279347	The Powerpuff Girls Season 3 (2016 TV series)	飞天小女警 第3季(2016年动画)	2018-05-13	35	TV		279232	
279354	コブラ ザ・サイコガン	哥普拉 精神感应枪	2008-08-29	4	OVA		67756	279356
279356	コブラ タイム・ドライブ	哥普拉 时光旅行	2009-04-24	2	OVA		279354	3827
279365	超次元ゲイム ネプテューヌ THE ANIMATION ～ねぷのなつやすみ～	超次元游戏 海王星 ～涅普的暑假～	2020-12-15	1	OVA			351253
279457	ソードアート・オンライン アリシゼーション War of Underworld	刀剑神域 爱丽丝篇 异界战争	2019-10-12	12	TV		225604	292238
279468	爆丸バトルプラネット	爆丸5 星域争霸	2018-12-23	50	TV		83253	303551
279469	わしも-wasimo- 第7シリーズ	WASIMO 第七季	2019-04-01	12	TV		241879	303885
279470	少年アシベ GO!GO!ゴマちゃん 第4シリーズ	少年阿贝GO！GO！小芝麻 第四季	2019-04-02	24	TV		240459	607043
279471	ねこねこ日本史 第4シリーズ	猫猫日本史 第四季	2019-04-03	12	TV		240775	303891
279472	妖怪ウォッチ！	妖怪手表！	2019-04-05	36	TV		83124	333033
279473	あはれ！名作くん 第4期	做得很好！名作君 第四季	2019-04-05	12	TV		239750	301700
279474	デュエル・マスターズ！！	决斗大师！！	2019-04-07	51	TV		240513	303435
279475	テレビ野郎 ナナーナ わくわく洞窟ランド	香蕉怪大叔 呐呐~呐 好奇洞穴乐园	2019-04-11	12	TV		240778	307749
279856	舞 リョナ陵辱の輪舞曲(ロンド)	舞 虐女凌辱的轮舞曲（回旋曲）	2010-09-25	1		1		375273
279891	연애하루전 ZERO	恋爱前一天 ZERO	2018-10-05	19	WEB			254982
280038	てにおはっ！2 THE ANIMATION	一起来吧！2	2019-06-28	2	OVA	1	82207	
280180	Gon的旱獭 第三季	Gon的旱獭 第三季	2019-02-25	20	WEB		254361	
280380	七つの大罪 神々の逆鱗	七大罪 诸神的逆鳞	2019-10-09	24	TV		192978	302639
280442	My Little Pony Friendship is Magic Season 9	小马宝莉：友谊就是魔法 第九季	2019-04-06	26	TV		241427	
280443	My Little Pony Equestria Girls: Spring Breakdown	小马宝莉大电影7：春假	2019-03-30	1	OVA		272055	
280513	Dumb-Hounded	沉默探长	1943-03-20	1				280517
280515	One Froggy Evening	青蛙之夜	1955-12-31	1				696152
280517	The Shooting of Dan McGoo	射杀德鲁比	1945-04-14	1			280513	272906
280520	Northwest Hounded Police	西北警探	1946-08-03	1			272906	280542
280526	Little Rural Riding Hood	田园小红帽	1949-09-17				136857	
280542	Señor Droopy	斗牛士德鲁比	1949-04-09	1			280520	280560
280546	Out Foxed	逮狐狸	1949-11-05	1			280560	653576
280560	Wags to Riches	一夜暴富	1949-08-13	1			280542	280546
280601	如果历史是一群喵 秦楚两汉篇		2019-07-06	12	WEB		267598	291109
280634	宇宙奴隷艦アマド 肉奴隷女船務長		2016-02-28	1		1		280640
280640	宇宙奴隷艦アマド 異種姦孕まされ奴隷・雪		2016-12-06	1		1	280634	
280778	Puss 'n' Boats	船上的猫	1966-05-05	1	剧场版		266002	280939
280939	Filet Meow	鱼缸里的猫叫声	1966-06-30	1	剧场版		280778	280940
280940	Matinee Mouse	午后场的老鼠	1966-07-14	1	剧场版		280939	280941
280941	The A-Tom-Inable Snowman	汤姆小雪人	1966-08-04	1	剧场版		280940	280942
280942	Catty-Cornered	陷入绝境的猫	1966-09-08	1	剧场版		280941	634478
281086	地灵曲 南疆迷雾		2019-08-12	15	WEB		276432	295811
281240	天行九歌 第二部分		2019-04-24	30	WEB		127448	
281271	狐妖小红娘 王权篇	狐妖小红娘2 王权篇	2016-01-08	14	WEB		137937	281272
281272	狐妖小红娘 月红篇	狐妖小红娘3 月红篇	2016-06-24	21	WEB		281271	281277
281277	狐妖小红娘 千颜篇	狐妖小红娘4 千颜篇	2017-02-24	15	WEB		281272	281282
281282	狐妖小红娘 南国篇	狐妖小红娘5 南国篇	2017-11-24	26	WEB		281277	281283
281283	狐妖小红娘 竹业篇	狐妖小红娘6 竹业篇	2019-03-01	12	WEB		281282	282634
281284	恋するシロクマ 「七夕」篇	七夕	2019-06-18	1	剧场版		257453	294281
281305	囀る鳥は羽ばたかない The clouds gather	鸣鸟不飞 The clouds gather	2020-02-15	1	剧场版			317645
281325	グリザイア：ファントムトリガー THE ANIMATION スターゲイザー	灰色：幻影扳机 观星者	2021-03-26	1	剧场版		219263	371829
281408	没出息的阴阳师一家		2019-04-27	12	WEB			309304
281468	淫中毒者キモオヤジ		2018-03-10	2		1		365805
281489	美少女ウルトラヒロイン3 ムービース	美少女奥特女主角3 动画	2018-04-21	1		1	286279	281996
281534	Wish Dragon	许愿神龙	2021-01-15	1	剧场版			575238
281996	美少女ウルトラヒロイン4 ムービース	美少女奥特女主角4 动画	2018-08-31	1		1	281489	
282000	五等分の花嫁∬	五等分的新娘∬	2021-01-07	12	TV		256114	427233
282031	DEVIL MAY CRY	鬼泣	2025-04-03	8	WEB			551576
282169	少年アシベ	少年阿贝	1991-04-04	37	TV			168467
282413	Spider-Man: Across the Spider-Verse	蜘蛛侠：纵横宇宙	2023-06-02	1	剧场版		232067	375476
282434	猪猪侠·不可思议的世界		2019-07-05	1	剧场版		208050	337565
282591	FINAL FANTASY XV: EPISODE ARDYN – PROLOGUE	最终幻想15 艾汀篇 - 序章	2019-02-17	1	WEB			176296
282634	狐妖小红娘 尾生篇	狐妖小红娘7 尾生篇	2019-11-22	10	WEB		281283	282635
282635	狐妖小红娘 金晨曦篇	狐妖小红娘8 金晨曦篇	2020-06-19	10	WEB		282634	309937
282684	のんのんびより のんすとっぷ	悠哉日常大王 Nonstop	2021-01-10	12	TV		215618	
282692	アーサー 騎士王の覚醒	亚瑟王 骑士王的觉醒	2019-05-11	7	WEB		262889	
282734	斗破苍穹 第三季		2019-07-21	12	WEB		212361	291650
282736	魁拔之殊途		2021-01-17	7	WEB			9840,329116
282737	太乙仙魔录之灵飞纪 第三季		2019-07-16	26	WEB		210391	332402
282738	画江湖之轨夜行 上篇		2020-11-10	20	WEB			331347
282740	灵剑尊 第二季		2019-05-28	30	WEB		271256	296258
282741	异世界中药铺	异世界中药铺	2020-05-08	40	WEB			330480
282742	书灵记		2019-09-10	30	WEB			306909
282744	斗魂卫之玄月奇缘 III		2019-05-27	13	WEB		258717	306737
282762	八十亀ちゃんかんさつにっき 2さつめ	八十龟酱观察日记 第二册	2020-01-05	12	TV		247841	315804
282891	幻想万華鏡 妖怪の山決戦の章 ～『東方風神録』より～	幻想万华镜 妖怪之山决战之章	2019-12-31	4	OVA		246771	429899
282971	プロメア 前日譚	普罗米亚 前日谭	2019-05-23	2	WEB			218713
282995	阿衰		2019-04-27	34	WEB			331074
283053	Fairy gone フェアリーゴーン2	Fairy gone 2	2019-10-06	12	TV		272475	
283093	万古仙穹Ⅳ 银月城篇	万古仙穹 银月城篇	2020-04-16	12	WEB		268450	
283169	Marvel Rising: Heart of Iron	漫威崛起：钢铁之心	2019-04-03	1	WEB		274248	290099
283272	指先から本気の熱情-幼なじみは消防士-	指尖传出的真挚热情-青梅竹马是消防员-	2019-07-07	8	TV	1		332655
283300	Marvel's Guardians of the Galaxy Season 3	银河守护者 第三季	2018-03-18	26	TV		226644	
283480	闇芝居 第7期	暗芝居 第七季	2019-07-07	13	TV		250117	321092
283522	战斗吧歌姬！ 第二季	战斗吧歌姬！ 第二季	2019-04-10	14	WEB		262678	
283642	女武神的餐桌	女武神的餐桌	2019-06-28	10	WEB			310687
283643	響け！ユーフォニアム3	吹响吧！上低音号 第三季	2024-04-07	13	TV		386195	
283655	Pingu in the City 2nd Season		2018-10-06	26	TV		224762	
283666	劇場版 Collar×Malice -deep cover- 前編	剧场版 Collar×Malice -deep cover- 前篇	2023-05-26	1	剧场版			411244
283698	美少女ウルトラヒロイン ムービーズ	美少女奥特女主角 动画	2017-07-01	1		1		286279
283782	少年歌行 风花雪月篇 上部		2021-07-28	16	WEB		240738	355470
284258	Final Space Season 2	太空终界 第二季	2019-06-24	13	TV		264320	
284428	Love, Death & Robots Volume 2	爱、死亡 & 机器人 第二季	2021-05-14	8	WEB		274613	333707
284510	ULTRAMAN Season 2	机动奥特曼 第二季	2022-04-14	6	WEB		231247	378504
284546	食戟のソーマ 神ノ皿	食戟之灵  神之皿	2019-10-11	12	TV		232646	296820
284641	凹凸世界 第三季·下		2019-11-29	18	WEB		237991	309092
284819	阴阳师·平安物语 第2季	阴阳师·平安物语 第2季	2019-08-17	12	WEB		226615	363401
284838	ムヒョとロージーの魔法律相談事務所 第2期	魔法律事务所 第二季	2020-07-07	12	TV		240428	
284907	Teen Titans Go! (Season 5)	少年泰坦出击 第五季	2018-07-25	52	TV		230271	
284932	The Magic School Bus	神奇校车	1994-09-10	52	TV			523968
285061	ちみキャラ劇場 4コマ!調査兵団リヴァイ班	进击的巨人 Q版剧场 4格!调查兵团利威尔班	2018-10-17	22	OVA		82510	354778
285074	Soul	心灵奇旅	2020-12-25	1	剧场版		335584	
285109	ゾイドワイルド ZERO	索斯机械兽WILD ZERO	2019-10-04	50	TV		238988	
285130	ぼくたちは勉強ができない！	我们真的学不来！	2019-10-05	13	TV		257369	
285379	戦え!超ロボット生命体 トランスフォーマーV	变形金刚之胜利斗争	1989-03-14	44	TV		77219	296307
285410	ストライクウィッチーズ 劇場版 501部隊発進しますっ！	强袭魔女 剧场版 501部队起飞！	2019-10-04	1	剧场版		253048	
285422	異世界かるてっと２	异世界四重奏 第二季	2020-01-14	12	TV		262865	564421
285530	センコロール 3	CENCOROLL 3					29413	
285664	カードファイト!! ヴァンガード 続・高校生編	卡片战斗先导者 续・高校生篇	2019-05-11	14	TV		209764	
285666	進撃の巨人 The Final Season	进击的巨人 最终季	2020-12-06	16	TV		263750	331752
285724	The Secret Life of Pets 2	爱宠大机密2	2019-06-07	1	剧场版		137892	
285728	阿莉塔的睡前故事		2019-07-23	1				185686
285757	ワンパンマン 第3期	一拳超人 第三季	2025-10-12	12	TV		193619	618527
285759	映画ドラえもん のび太の新恐竜	哆啦A梦：大雄的新恐龙	2020-08-07	1	剧场版		263808	325571
285762	もっと！まじめにふまじめ かいけつゾロリ	更多！正经又不正经 怪侠佐罗利	2020-04-05	25	TV		161702	336281
285784	一人之下3·入世篇		2020-04-24	8	WEB		206925	312310
285804	屈辱		2019-11-01	2	OVA	1		304216
285813	GREAT PRETENDER	大欺诈师	2020-07-08	23	TV			465773
285901	ゴールデンカムイ 第3期	黄金神威 第三季	2020-10-05	12	TV		251547	361095
285936	RWBY Volume 7	红白黑黄 第七季	2019-11-02	13	WEB		256155	316105
286123	ガンダムビルドダイバーズRe:RISE	高达创形者 再起	2019-10-10	13	WEB		236790	297261
286124	劇場版 Gのレコンギスタ II ベルリ 撃進	剧场版 高达Reconguista in G Ⅱ 贝尔利出击	2020-02-21	1	剧场版		152365	286125
286125	劇場版 Gのレコンギスタ III 宇宙からの遺産	剧场版 高达Reconguista in G Ⅲ 来自宇宙的遗产	2021-07-22	1	剧场版		286124	286126
286126	劇場版 Gのレコンギスタ Ⅳ 激闘に叫ぶ愛	剧场版 高达Reconguista in G Ⅳ 在激斗中呼唤爱	2022-07-22	1	剧场版		286125	286127
286127	劇場版 Gのレコンギスタ Ⅴ 死線を越えて	剧场版 高达Reconguista in G Ⅴ 越过死线	2022-08-05	1	剧场版		286126	
286132	バジャのスタジオ ～バジャのみた海～	巴加的工作室 ～巴加眼中的海洋～	2020-02-19	1	OVA		220188	
286186	The Cuphead Show!	茶杯头大冒险	2022-02-18	12	WEB			386950
286279	美少女ウルトラヒロイン2 ムービース	美少女奥特女主角2 动画	2017-11-04	1		1	283698	281489
286339	眷思量		2021-06-14	15	WEB			345810
286349	星骸骑士 上半季		2020-12-30	7	WEB			328028
286353	蜀山奇仙录		2021-12-08	10	WEB			421842
286354	武神主宰	武神主宰	2020-03-08	272	WEB			466778
286358	镜·双城 风起篇	镜·双城 风起篇	2020-08-15	4	WEB			345892
286600	Conan: The Adventurer (Season 2)	柯南冒险 第二季	1993-09-14	52	TV		16926	286675
286670	劇場版 新幹線変形ロボ シンカリオン 未来からきた神速のALFA-X	剧场版 新干线变形机器人 来自未来的神速ALFA-X	2019-12-27	1	剧场版		227240,624836	
286675	Conan and the Young Warriors (1994)	柯南与小战士们		13	TV		286600	
286928	超越神力	超越神力		3	OVA		239370	
286963	What If...? Season 1	假如…？ 第一季	2021-08-11	9	WEB			345972
287049	HERO≠MASK Part Ⅱ	英雄面具 第二季	2019-08-23	9	WEB		266787	
287123	Spider-Man Season 2 (1968)	蜘蛛人 第二季	1968-09-14	19	TV		130129	287124
287124	Spider-Man Season 3 (1970)	蜘蛛人 第三季	1970-03-22	13	TV		287123	
287125	Spider-Man Season 2: Neogenic Nightmare	蜘蛛侠 第二季：新的噩梦	1995-09-09	14	TV		130131	287126
287126	Spider-Man Season 3: The Sins of the Fathers	蜘蛛侠 第三季：父辈们的罪恶	1996-04-27	14	TV		287125	287127
287127	Spider-Man Season 4: Partners in Danger	蜘蛛侠 第四季：伙伴遇险	1997-02-01	11	TV		287126	292016
287316	快把我哥带走3	快把我哥带走3	2019-08-03	12	WEB		219143	311978
287426	Infinity Train	无尽列车	2019-08-05	10	TV			297828
287488	ゾンビランドサガ リベンジ	佐贺偶像是传奇 复仇	2021-04-08	12	TV		252655	353181
287752	京京来乐道		2019-08-06	4	WEB			294248
288274	アグレッシブ烈子 シーズン3	职场小烈 第三季	2020-08-27	10	WEB		274601	350796
288281	Star Wars: Clone Wars Season 2 (2004)	星球大战：克隆战争 第二季 (2004)	2004-03-26	20	TV		164869	288282
288282	Star Wars: Clone Wars Season 3 (2005)	星球大战：克隆战争第三季 (2005)	2005-03-21	5	TV		288281	
288311	ばなにゃ ふしぎななかまたち	香蕉喵 不可思议的伙伴们	2019-10-01	13	TV		168123	513939
288746	天地無用! 魎皇鬼 第伍期	天地无用! 魉皇鬼 第5期	2020-02-28	6	OVA		157922	
288780	四海鲸骑 第二季		2019-10-24	24	WEB		223124	
288787	芭比Girl			1	剧场版			47155
288831	F Is for Family Season 1	福是全家福的福 第一季	2015-12-18	6	WEB			219578
288833	F Is for Family Season 3	福是全家福的福 第三季	2018-11-30	10	WEB		219578	313649
288866	三国演义 第二季 逐鹿中原(上)		2019-04-23	20	WEB		228884	391079
288914	G.I. Joe Season 1	特种部队 第一季	1990-09-25	19	TV		77140	288915
288915	G.I. Joe Season 2	特种部队 第二季	1991-09-23	20	TV		288914	
289031	ケンガンアシュラ パート2	拳愿阿修罗 Part 2	2019-10-31	12	WEB		132817	375512
289033	Men in Black: The Series Season 2	黑衣警探 第二季	1998-09-19	13	TV		16804	289034
289034	Men in Black: The Series Season 3	黑衣警探 第三季	1999-10-02	14	TV		289033	289035
289035	Men in Black: The Series  Season 4	黑衣警探 第四季	2000-09-16	13	TV		289034	
289101	天官赐福	天官赐福	2020-10-31	11	WEB			289102
289102	天官赐福 第二季	天官赐福 第二季	2023-10-18	12	WEB		289101	
289118	WAVE!!～サーフィンやっぺ!!～ 第一章		2020-10-02	1	剧场版			320821
289131	A3! SEASON AUTUMN ＆ WINTER	A3！满开剧团 秋&冬	2020-10-12	12	TV		273551	
289138	岸辺露伴は動かない OVA	岸边露伴一动不动 OVA	2020-03-25	2	OVA		237852	
289166	Masters of the Universe: Revelation	宇宙巨人：启示录	2021-07-23	5	WEB			456632
289215	機甲英雄 機鬥勇者	机甲英雄 机斗勇者	2019-08-16	4	WEB			463539
289310	ANOTHER WORLD		2019-09-13	3	WEB			269090
289593	Minuscule 2 : Les Mandibules du bout du monde	昆虫总动员2-来自远方的后援军	2019-01-30	1	剧场版		95781	
289601	世界一初恋～プロポーズ編～	世界第一初恋～求婚篇～	2020-02-21	1	剧场版		20813	
289829	ミュークルドリーミー	甜梦猫	2020-04-05	48	TV			321387
289860	ラブホリック～魅惑の乙女と白濁カンケイ～ THE ANIMATION		2019-11-29	2	OVA	1		351921
289906	盾の勇者の成り上がり Season 2	盾之勇者成名录 第二季	2022-04-06	13	TV		217660	289907
289907	盾の勇者の成り上がり Season 3	盾之勇者成名录 第三季	2023-10-06	12	TV		289906	476542
289931	SELL OUT 3rd 艶HD		2019-01-27	1		1	310346	
289944	魔道祖师 完结篇		2021-08-07	12	WEB		262519	
290099	Marvel Rising: Battle of the Bands	漫威崛起：乐队之战	2019-08-28	1	WEB		283169	293653
290215	Disenchantment Season 2	幻灭 第二季	2019-09-20	10	WEB		254890	325647
290591	カードファイト!! ヴァンガード 新右衛門編	卡片战斗先导者 新右卫门篇	2019-08-24	31	TV			209764
290897	undone	抹去重来	2019-09-13	8	WEB			394167
290935	スライム冒険記 ウルフくん がんばるの巻	史莱姆冒险记：乌鲁夫奋斗之卷	1998-07-26	1	OVA		612969	141562
290980	ヤマノススメ Next Summit	向山进发 Next Summit	2022-10-04	12	TV		216310	
290993	映画 ギヴン	电影 GIVEN	2020-08-22	1	剧场版		277518	425605
291038	クレヨンしんちゃん 激突! ラクガキングダムとほぼ四人の勇者	蜡笔小新：激战！涂鸦王国和约四位勇士	2020-09-11	1	剧场版		268491	322449
291039	フルーツバスケット 2nd season	水果篮子 第二季	2020-04-06	25	TV		266455	315516
291042	The Mask: The Animated Series Season 2		1996-09-03	30	TV		36116	291043
291043	The Mask: The Animated Series Season 3		1997-07-05	9	TV		291042	
291095	灵笼:INCARNATION 下半季	灵笼 下半季	2020-07-31	6	WEB		311724	331200
291109	如果历史是一群喵 东汉末年篇		2020-01-26	13	WEB		280601	316787
291171	デート・ア・バレット デッド・オア・バレット	约会大作战 赤黑新章：虚或实	2021-03-24	1	OVA			310178
291195	ピーター・グリルと賢者の時間	彼得·格里尔和贤者的时间	2020-07-10	12	TV			356793
291206	万圣街	万圣街	2020-04-01	12	WEB			312314
291213	大王饶命		2021-12-03	12	WEB			368985
291233	OBSOLETE	OBSOLETE	2019-12-03	6	WEB			299655
291286	姜子牙	姜子牙	2020-10-01	1	剧场版			496141
291412	ダンジョンに出会いを求めるのは間違っているだろうかⅢ	在地下城寻求邂逅是否搞错了什么 第三季	2020-10-02	12	TV		238004	326874
291479	ノー・ガンズ・ライフ 第2クール	非枪人生 第2部分	2020-07-09	12	TV		277627	
291494	劇場版 鬼滅の刃 無限列車編	剧场版 鬼灭之刃 无限列车篇	2020-10-16	1	剧场版		245665	328195
291635	汉化日记 第二季	汉化日记 第二季	2020-11-15	12	WEB		269549	326151
291642	那年那兔那些事儿 第五季		2019-10-01	11	WEB		212363	531519
291643	剑网3·侠肝义胆沈剑心Ⅱ	剑网3·侠肝义胆沈剑心 第二季	2019-12-27	12	WEB		253581	313935
291645	梦幻书院	梦幻书院	2019-03-30	14	WEB			291646
291646	梦幻书院 游学季	梦幻书院 游学季	2019-10-07	14	WEB		291645	304669
291650	斗破苍穹 第四季		2021-03-28	24	WEB		282734	343187
291651	战斗王之飓风战魂Ⅱ		2014-02-24	40	TV		55579	522922
291842	耐え子の日常		2019-10-05	26	TV			316108
291844	Four of a kind 新シリーズ	四牌士 新系列	2019-10-06	13	TV		241967	
291945	新キャプテン翼	新足球小将	1989-07-01	13	OVA		5426	
292016	Spider-Man Season 5	蜘蛛侠 第五季	1997-09-12	13	TV		287127	
292052	ルシファー ウェディングゲーム	路西法 结婚游戏	2019-10-05	7	WEB		253250	294820
292073	ストライク・ザ・ブラッド IV	噬血狂袭 IV	2020-04-08	12	OVA		240037	340288
292219	メジャーセカンド 第2シリーズ	棒球大联盟2nd 第二季	2020-04-04	25	TV		227739	
292222	魔王学院の不適合者 ～史上最強の魔王の始祖、転生して子孫たちの学校へ通う～	魔王学院的不适任者～史上最强的魔王始祖，转生就读子孙们的学校～	2020-07-04	13	TV			330054
292233	魔法科高校の劣等生 来訪者編	魔法科高校的劣等生 来访者篇	2020-10-03	13	TV		172494	329436
292238	ソードアート・オンライン アリシゼーション War of Underworld -THE LAST SEASON-	刀剑神域 爱丽丝篇 异界战争 -终章-	2020-07-11	11	TV		279457	407340
292273	キミと僕の最後の戦場、あるいは世界が始まる聖戦	你与我最后的战场，亦或是世界起始的圣战	2020-10-07	12	TV			351349
292298	シャドウバース	影之诗	2020-04-07	48	TV			351943
292316	ありふれた職業で世界最強 2nd season	平凡职业造就世界最强 第二季	2022-01-13	12	TV		231414	400576
292449	ガールズ＆パンツァー 第63回戦車道全国高校生大会 総集編	少女与战车 第63回战车道全国高校生大会 总集篇	2018-09-29	1	剧场版			72266
292503	Genndy Tartakovsky's Primal	史前战纪	2019-10-07	10	TV			396407
292522	ポケットモンスター	宝可梦 旅途	2019-11-17	136	TV		192680	411246
292527	弱キャラ友崎くん	弱角友崎同学	2021-01-08	12	TV			365572
292573	真夜中のオカルト公務員 OVA	深夜的超自然公务员 OVA	2019-10-25	2	OVA		250724	
292861	魔神英雄伝ワタル 七魂の龍神丸	魔神英雄传 七魂的龙神丸	2020-04-10	9	WEB		1972	
292871	Robot Chicken Season 9	机器鸡 第九季	2017-12-10	20	TV		213760	292877
292877	Robot Chicken Season 10	机器鸡 第十季	2019-09-30	20	TV		292871	377775
292969	スライム倒して300年、知らないうちにレベルMAXになってました	打了300年的史莱姆，不知不觉就练到了满级	2021-04-10	12	TV			364844
292970	魔女の旅々	魔女之旅	2020-10-02	12	TV			619632
293008	うたわれるもの 二人の白皇	传颂之物 二人的白皇	2022-07-02	28	TV		136336	
293049	かぐや様は告らせたい?～天才たちの恋愛頭脳戦～	辉夜大小姐想让我告白?～天才们的恋爱头脑战～	2020-04-11	12	TV		248175	317613
293359	Steven Universe: The Movie	史蒂文的宇宙大电影	2019-09-02	1	剧场版		225868	296442
293421	7SEEDS 第2期	幻海奇情 第2期	2020-03-26	12	WEB		267658	
293470	万界仙踪 第三季		2019-10-17	48	WEB		277162	314522
293532	マブラヴ オルタネイティヴ	Muv-Luv Alternative	2021-10-06	12	TV			363263
293614	デュエル・マスターズ チャージ	决斗大师Charge	2004-04-19	52	TV		191115	293616
293616	ゼロ デュエル・マスターズ	Zero决斗大师	2007-04-09	12	TV		293614	293617
293617	デュエル・マスターズ ゼロ	决斗大师Zero	2007-10-06	25	TV		293616	293618
293618	デュエル・マスターズ クロス	决斗大师Cross	2008-04-05	100	TV		293617	293619
293619	デュエル・マスターズ クロスショック	决斗大师Cross Shock	2010-04-03	50	TV		293618	
293620	デュエル・マスターズ ビクトリーV	决斗大师 Victory V	2012-04-07	51	TV		209687	69596
293624	祝!(ハピ☆ラキ)ビックリマン	真仙魔大战	2006-10-15	46	TV		339977	
293633	Amphibia Season 1	奇幻沼泽 第一季	2019-06-14	20	TV			327207
293653	Marvel Rising: Operation Shuri	漫威崛起：苏睿行动	2019-10-11	1	WEB		290099	313974
293658	Bojack Horseman Season 6 (Part I)	马男波杰克6 上	2019-10-25	8	TV		254470	299277
293730	Tuca & Bertie	鸟姐妹的反差生活	2019-05-03	10	WEB			438038
293759	なんだろう	Nandarou	1992-11-01	1				293761
293761	そらいろのたね	天空色的种子	1992-11-23	3	短片		293759	
293847	火凤燎原		2023-04-29	16	WEB			456163
293859	となりの家のアネットさん THE ANIMATION	邻家的安妮特	2020-01-31	3	OVA	1	264357	334324
293872	Hazbin Hotel (Pilot)	地狱客栈 试播集	2019-10-28	1	TV			430135
293902	餐桌上的世说新语 第二季	餐桌上的世说新语 第二季	2019-12-25	12	WEB		272027	
293924	Snoopy in Space Season 1	史努比太空历险记 第一季	2019-11-01	12	TV			568785
294104	Gotham Girls	哥谭妹子	2000-07-27	11	WEB			294106
294106	Gotham Girls Season 2	高谭妹子 第二季	2001-06-05	10	WEB		294104	294108
294108	Gotham Girls Season 3	高谭妹子 第三季	2002-07-16	10	WEB		294106	
294134	少女☆歌劇 レヴュースタァライト ロンド・ロンド・ロンド	少女☆歌剧 Revue Starlight RONDO·RONDO·RONDO	2020-08-07	1	剧场版			294135
294135	劇場版 少女☆歌劇 レヴュースタァライト	剧场版 少女☆歌剧 Revue Starlight	2021-06-04	1	剧场版		214265,294134	
294137	鬼滅の刃 兄妹の絆	鬼灭之刃 兄妹的羁绊	2019-03-29	1	剧场版			349032
294202	アルゴナビス from BanG Dream! ANIMATION	ARGONAVIS from BanG Dream! ANIMATION	2020-04-10	13	TV			348384
294248	京京来乐道 第二季		2019-11-05	6	WEB		287752	
294281	恋するシロクマ 「禁断の恋」篇			1	剧场版		281284	294283
294283	恋するシロクマ 「態度が違う」篇		2019-10-25	1	剧场版		294281	302149
294288	キングダム 第3シリーズ	王者天下 第三季	2020-04-05	26	TV		62281	353266
294290	我是大神仙		2020-11-12	16	WEB			329227
294703	Scooby-Doo! and the Curse of the 13th Ghost	史酷比与第13个幽灵的诅咒	2019-02-05	1	剧场版		631184	
294773	斗罗大陆 再聚首	斗罗大陆 第三季 再聚首	2019-11-23	52	WEB		252950	307088
294820	エンド・オブ・ザ・ワールド	世界终结	2019-11-30	6	WEB		292052	305578
294836	NOMAD メガロボクス2	NOMAD MEGALO BOX 2	2021-04-04	13	TV		227718	
294864	两不疑		2021-04-21	24	WEB			358689
294868	红荒		2021-07-13	13	WEB			358555
294872	请吃红小豆吧！ 第三季		2020-01-12	12	WEB		269548	308028
294873	猫之茗		2021-10-26	13	WEB			390895
294877	由你玩四年之王者大宿舍		2019-12-01	6	WEB		263194	
294878	拾忆长安·明月几时有	拾忆长安·明月几时有	2020-10-28	12	WEB			331893
294880	罗小黑战记 众生之门篇	罗小黑战记 众生之门篇	2021-04-24	12	WEB		13603	593863
294993	呪術廻戦	咒术回战	2020-10-02	24	TV		331559	369304
295039	Star Wars The Clone Wars Season 7	星球大战：克隆人战争 第七季	2020-02-21	12	TV		137318	331945,553949,189703
295090	planetarian～雪圏球～	星之梦～雪圏球～	2021-08-25	1	OVA			176518
295195	SHOW BY ROCK!! ましゅまいれっしゅ!!	SHOW BY ROCK!! Mashumairesh!!	2020-01-09	12	TV			302802
295318	名探偵コナン 緋色の弾丸	名侦探柯南 绯色的子弹	2021-04-16	1	剧场版		268067	359930
295421	ハイキュー!! TO THE TOP 第2クール	排球少年 TO THE TOP 第二期	2020-10-02	12	TV		269918	394621
295473	映画しまじろう しまじろうと そらとぶふね	巧虎大飞船历险记	2021-03-12	1	剧场版		424944	424945,424946
295811	地灵曲 死亡迷沟				WEB		281086	
295862	『ヒプノシスマイク-Division Rap Battle-』Rhyme Anima	催眠麦克风	2020-10-02	13	TV			426049
295884	本好きの下剋上 〜司書になるためには手段を選んでいられません〜 第2期	小书痴的下克上 〜为了成为图书管理员而不择手段〜 第二季	2020-04-04	12	TV		296129	310263
295918	劇場版 生徒会役員共2	剧场版 妄想学生会2	2021-01-01	1	剧场版		200887	
295939	Harley Quinn Season 1	哈莉·奎茵 第一季	2019-11-29	13	WEB			303507
296076	彼女、お借りします	租借女友	2020-07-10	12	TV			315745
296114	FASTENING DAYS 4	拉链超人组 4	2019-12-04	3	WEB		229508	
296129	本好きの下剋上 〜司書になるためには手段を選んでいられません〜 外伝	小书痴的下克上 〜为了成为图书管理员而不择手段〜 外传	2020-03-10	1	OVA		276788	295884
296178	Carmen Sandiego Season 2	大神偷卡门 第二季	2019-10-01	10	WEB		221539	324271
296258	灵剑尊 第三季		2019-12-24	40	WEB		282740	308948
296261	Dr.STONE STONE WARS	石纪元 石之战争	2021-01-14	11	TV		266794	331479
296287	STAND BY ME ドラえもん 2	哆啦A梦：伴我同行2	2020-11-20	1	剧场版		95800	
296295	BanG Dream! ガルパ☆ピコ～大盛り～	BanG Dream! 少女乐团派对！☆PICO～大份～	2020-05-07	26	WEB		246431	338400
296307	トランスフォーマーZ	变形金刚Z	1990-07-21	1	OVA		285379	
296308	PSYCHO-PASS サイコパス 3 FIRST INSPECTOR	心理测量者3 FIRST INSPECTOR	2020-03-27	3	剧场版		277105	
296309	映画 えんとつ町のプペル	烟囱小镇的普佩	2020-12-25	1	剧场版			552670
296367	SSSS.DYNAZENON	SSSS.电光机王	2021-04-02	12	TV			362335
296442	Steven Universe Future	史蒂文的宇宙 未来篇	2019-12-07	20	TV		293359	596089
296659	ラブライブ！虹ヶ咲学園スクールアイドル同好会	Love Live! 虹咲学园校园偶像同好会	2020-10-03	13	TV			335579
296702	キラッとプリ☆チャン シーズン3	闪亮美妙☆频道 第三季	2020-04-05	51	TV		269023	339904
296739	ヴィンランド・サガ SEASON 2	冰海战记 第二季	2023-01-09	24	TV		240386	
296820	食戟のソーマ 豪ノ皿	食戟之灵 豪之皿	2020-04-10	13	TV		284546	
296875	ワールドトリガー 2ndシーズン	境界触发者 第二季	2021-01-09	12	TV		104906	322967
297022	憂国のモリアーティ	忧国的莫里亚蒂	2020-10-11	11	TV			319252
297088	虚構推理 のミニアニメ	虚构推理 迷你动画	2019-11-15	37	WEB			403046
297094	ヒーリングっど♥プリキュア	Healin' Good ♥ 光之美少女	2020-02-02	45	TV		264588	320857
297168	アズールレーン びそくぜんしんっ！	碧蓝航线：微速前行！	2021-01-11	12	TV			454083
297224	BEASTARS 2nd Season	动物狂想曲 第二季	2021-01-06	12	TV		273843	341139
297225	俺を好きなのはお前だけかよ～俺たちのゲームセット～	喜欢本大爷的竟然就你一个？～我们的比赛结束～	2020-09-02	1	OVA		262943	
297257	雪鹰领主之奇遇篇		2020-01-02	4	WEB		245719	312435
297259	择天记 第五季	择天记 第五季	2020-03-16	12	WEB		250189	
297261	ガンダムビルドダイバーズRe:RISE 2nd Season	高达创形者 再起 2nd Season	2020-04-09	13	WEB		286123	
297318	映画 プリキュアミラクルリープ みんなとの不思議な1日	电影 光之美少女 Miracle Leap 与大家不可思议的一天	2020-10-31	1	剧场版		270279	422699
297340	レヱル・ロマネスク	铁路浪漫谭	2020-10-02	12	TV			404284
297342	炎炎ノ消防隊 弐ノ章	炎炎消防队 二之章	2020-07-03	24	TV		266372	382126
297344	真・中華一番！ 続編	厨神小当家 续篇	2021-01-11	12	TV		273834	
297459	フライングベイビーズ☆プチ	小草裙舞女孩	2020-01-08	12	TV		197162	
297464	聖闘士星矢: Knights of the Zodiac パート2	圣斗士星矢：黄道十二宫战士 Part 2	2020-01-23	6	WEB		221295	397125
297555	今天开始做明星	今天开始做明星	2019-12-27	13	WEB			308731
297558	とある路地裏ムービース	某街巷动画	2019-11-25	2		1	321101	304038
297591	自宅警備員2		2020-03-27	8	OVA	1	207230	
297624	くまクマ熊ベアー	熊熊勇闯异世界	2020-10-07	12	TV			323651
297758	有药	有药	2020-07-10	12	WEB			315262
297828	Infinity Train Book 2: Cracked Reflection	无尽列车 第二季	2020-01-06	10	TV		287426	326500
297954	不滅のあなたへ	致不灭的你	2021-04-12	20	TV			348128
297969	ひぐらしのなく頃に 業	寒蝉鸣泣之时 业	2020-10-01	24	TV		288	331033
298070	非人哉 Part.3	非人哉 49-60集	2020-01-08	12	WEB		312629	308545
298119	劇場版ポケットモンスター ココ	剧场版宝可梦: 可可	2020-12-25	1	剧场版		256283	
298425	王者？别闹！ 第二季	王者？别闹！ 第二季	2019-05-02	75	WEB		270242	
298477	メイドインアビス 烈日の黄金郷	来自深渊 烈日的黄金乡	2022-07-06	12	TV		230914	415482
298505	万界神主 第二季	万界神主 第二季	2020-02-01	48	WEB		271257	330179
298525	镇魂街 第二季		2021-05-15	10	WEB		156591	405210
298695	功夫兔与菜包狗 第二季	功夫兔与菜包狗 第二季	2020-01-22	10	WEB		100565	
298698	ログ・ホライズン 円卓崩壊	记录的地平线 圆桌崩坏	2021-01-13	12	TV		100517	
298734	The Witcher: Nightmare of the Wolf	猎魔人：狼之噩梦	2021-08-23	1	WEB			464852
299139	バトルスピリッツ 赫盟のガレット	战斗之魂 赫盟的加雷特	2020-08-28	5	WEB		270175	354780
299263	西行纪之宿命篇		2021-06-02	20	WEB		263324	345807
299264	西行纪之再见悟空	西行纪之再见悟空	2020-05-04	1	WEB			379682
299277	Bojack Horseman Season 6 (Part II)	马男波杰克6 下	2020-01-31	8	TV		293658	
299372	D4DJ First Mix		2020-10-30	13	TV			377556
299378	デビルズライン OAD		2018-08-23	1	OVA		219779	
299498	宇崎ちゃんは遊びたい!	宇崎学妹想要玩！	2020-07-10	12	TV			315744
299554	The Addams Family (2019)	亚当斯一家	2019-10-11	1	剧场版			363288
299576	第14回東方M-1ぐらんぷり	第十四届东方M-1漫才大赛	2019-12-31	1	OVA		274232	324294,450379
299655	OBSOLETE 後編	OBSOLETE 后篇	2020-12-01	6	WEB		291233	
299687	ハクション大魔王2020	喷嚏大魔王2020	2020-04-11	20	TV		53740	
299788	レズ忍 くのいち色技忍法帳 2.1 〈逆襲のクリチンポ〉		2020-01-05	1		1	216593	
299802	ふたりはプリキュア総集編 ～ぶっちゃけ、ありえな～い！？ 2020edition～	两个人是光之美少女总集篇 ～真的不可能吗！？ 2020版～	2020-02-26	5	OVA			341131
300075	StarCrafts Season 7	爆笑星际 第七季	2019-06-22	8	WEB		230902	
300266	Peepoodo & The Super Fuck Friends	屁破多和他的坑爹伙伴们 第一季	2017-07-16	18	TV	1		396385
300449	Moominvalley	姆明山谷	2019-02-25	13	TV			439376
300685	神達に拾われた男	被神捡到的男人	2020-10-04	12	TV			338150
300837	枪神记 深海陷落篇				WEB		258256	
300839	神之塔 -Tower of God-	神之塔	2020-04-01	13	TV			394996
301156	Transformers: War for Cybertron Season 1	变形金刚：赛博坦之战 第一季	2020-07-30	6	WEB			339619
301233	One Room サードシーズン	One Room 第三季	2020-10-05	12	TV		226507	529198
301469	100万の命の上に俺は立っている	我立于百万生命之上	2020-10-02	12	TV			322859
301476	ガル学。～聖ガールズスクエア学院～	GIRL学。～圣GIRLS²学园～	2020-04-06	50	TV			358514
301477	おばけずかん	妖怪图鉴	2020-07-01	39	TV			395810
301541	トニカクカワイイ	总之就是非常可爱	2020-10-02	12	TV			355798
301565	The Simpsons Season 30	辛普森一家 第三十季	2018-09-30	23	TV		235400	301568
301568	The Simpsons Season 31	辛普森一家 第三十一季	2019-09-29	22	TV		301565	379838
301569	Justice League Dark: Apokolips War	黑暗正义联盟：天启星战争	2020-05-05	1	OVA		198910,270704	394882
301700	あはれ！名作くん 第5期	做得很好！名作君 第五季	2020-04-03	37	TV		279473	619052,663691
301740	魔入りました！入間くん 第2シリーズ	入间同学入魔了 第二季	2021-04-17	21	TV		273844	348699
301776	シルバニアファミリー ミニストーリー シーズン2	森林家族小故事 第二季	2018-10-03	12	TV		225156	301779
301779	シルバニアファミリー ミニストーリー クローバー	森林家族小故事 三叶草	2019-10-03	12	TV		301776	407236
301799	ポンコツクエスト～魔王と派遣の魔物たち～ シーズン6		2019-10-09	12	TV		241475	481870
301845	PAW Patrol Season 2	汪汪队立大功 第二季	2014-08-22	26	TV		264310	301852
301852	PAW Patrol Season 3	汪汪队立大功 第三季	2015-11-20	26	TV		301845	301853
301853	PAW Patrol Season 4	汪汪队立大功 第四季	2017-02-06	26	TV		301852	301854
301854	PAW Patrol Season 5	汪汪队立大功 第五季	2018-02-06	26	TV		301853	301855
301855	PAW Patrol Season 6	汪汪队立大功 第六季	2019-02-22	26	TV		301854	659690
301921	めぐみんムービース	惠惠动画	2019-12-09	2		1		380871
302036	Zero Hour	守望先锋2：零点时刻	2019-11-01	1			192702	
302128	デート・ア・ライブⅣ	约会大作战 第四季	2022-04-08	12	TV		228254	389466
302136	ベイブレードバースト スパーキング	霸旋陀螺 爆刃对决 超王	2020-04-03	52	WEB		274716	330869
302148	Simon	超人兔	2016-12-17	52	TV			302153
302149	恋するシロクマ 「キャシーの特訓」篇			1	剧场版		294283	302150
302150	恋するシロクマ 15話（仮）		2020-02-28	1	剧场版		302149	317886
302151	The Boss Baby: Back in Business	宝贝老板：重围商界	2018-04-06	13	WEB			302152
302152	The Boss Baby: Back in Business Season 2	宝贝老板：重围商界 第二季	2018-10-12	13	WEB		302151	
302153	Simon Saison 2	超人兔 第二季	2018-01-01	52	TV		302148	302155
302155	Simon Saison 3	超人兔 第三季	2020-01-01	52	TV		302153	
302157	かいじゅうステップ ワンダバダ	小怪兽成长日记 蹒跚学步	2019-09-27	26	TV			318579
302189	86―エイティシックス―	86 -不存在的战区-	2021-04-10	11	TV			331887
302228	BanG Dream! FILM LIVE 2nd Stage		2021-08-20	1	剧场版		279219	
302286	BLEACH 千年血戦篇	死神 千年血战篇	2022-10-10	13	TV		1600	412916
302293	BURN THE WITCH	龙与魔女	2020-10-02	3	剧场版		454887	
302373	劇場版 きんいろモザイクThank you!!	剧场版 黄金拼图 谢谢你!!	2021-08-20	1	剧场版		175532	
302438	はなかっぱ 第2期	花样河童 第2季	2011-03-28	100	TV		204862	302439
302439	はなかっぱ 第3期	花样河童 第3季	2012-04-02	90	TV		302438	302440
302440	はなかっぱ 第4期	花样河童 第4季	2013-04-01	30	TV		302439	302442
302442	はなかっぱ 第5期	花样河童 第5季	2014-03-31	30	TV		302440	302443
302443	はなかっぱ 第6期	花样河童 第6季	2015-03-30	30	TV		302442	302444
302444	はなかっぱ 第7期	花样河童 第7季	2016-04-04	30	TV		302443	302445
302445	はなかっぱ 第8期	花样河童 第8季	2017-04-03	49	TV		302444	302446
302446	はなかっぱ 第9期	花样河童 第9季	2018-04-02	30	TV		302445	302447
302447	はなかっぱ 第10期	花样河童 第10季	2019-04-01	30	TV		302446	414742
302523	転生したらスライムだった件 第2期 2	关于我转生变成史莱姆这档事 第二季 第2部分	2021-07-06	12	TV		278031	407573
302572	Fate/Grand Order -終局特異点 冠位時間神殿ソロモン-	Fate/Grand Order -终局特异点 冠位时间神殿所罗门-	2021-07-30	1	剧场版		255526	
302639	七つの大罪 憤怒の審判	七大罪 愤怒的审判	2021-01-13	24	TV		280380	356670
302672	恐竜少女ガウ子	恐龙女孩	2019-11-22	20	WEB			302673
302673	恐竜少女ガウ子 シーズン2	恐龙女孩 第二季	2020-03-20	19	WEB		302672	
302728	ボクの弥生さん2		2016-07-29	2	OVA	1	126176	
302738	アイドルマスター シンデレラガールズ劇場 Extra Stage	偶像大师 灰姑娘女孩剧场 Extra Stage	2020-03-24	48	WEB		268320	
302766	痛いのは嫌なので防御力に極振りしたいと思います。2	因为太怕痛就全点防御力了。2	2023-01-11	12	TV		268545	
302797	WIXOSS DIVA(A)LIVE		2021-01-08	12	TV		203812	
302802	SHOW BY ROCK!! STARS!!	SHOW BY ROCK!! STARS!!	2021-01-07	12	TV		154073,295195	
302875	マギアレコード 魔法少女まどか☆マギカ外伝 2nd SEASON -覚醒前夜-	魔法纪录 魔法少女小圆外传 2nd SEASON -觉醒前夜-	2021-07-31	8	TV		159690	339998
303078	アサティール 未来の昔ばなし	未来童话	2020-04-04	13	TV			487318
303135	銀河漂流バイファム  “ケイトの記憶” 涙の奪回作戦!!	银河漂流VIFAM “凯特的记忆”泪之夺回作战	1985-09-25	1	OVA		37295,37471	
303172	魔術士オーフェンはぐれ旅 キムラック編	魔术士奥芬的无赖之旅 基姆拉克篇	2021-01-20	11	TV		241112	401786
303195	東京ミュウミュウ にゅ～♡	东京猫猫 NEW～♡	2022-07-05	12	TV			402136
303399	僕のヒーローアカデミア 第5期	我的英雄学院 第五季	2021-03-27	25	TV		262162	236657
303435	デュエル・マスターズ キング	决斗大师 KING	2020-04-05	47	TV		279474	327242
303507	Harley Quinn Season 2	哈莉·奎茵 第二季	2020-04-03	13	WEB		295939	389821
303551	爆丸アーマードアライアンス	爆丸6 装甲联盟	2020-02-16	52	TV		279468	334921
303799	アニメぷそ煮コミおかわり	动画乱炖 第二季	2020-04-06	20	WEB		269422	
303864	異世界魔王と召喚少女の奴隷魔術Ω	异世界魔王与召唤少女的奴隶魔术Ω	2021-04-08	10	TV		236224	639943
303868	美遊ムービース	美游动画	2020-04-04	2		1		340825
303871	とある緊縛調教ムービーズ	某紧缚调教动画	2019-12-19	2		1	304038	
303877	おしりたんてい 第2シリーズ	屁屁侦探 第二季	2018-12-01	16	TV		239180	303878
303878	おしりたんてい 第3シリーズ	屁屁侦探 第三季	2019-07-06	13	TV		303877	303880
303880	おしりたんてい 第4シリーズ	屁屁侦探 第四季	2020-04-04	13	TV		303878	529232
303885	わしも-wasimo- 第8シリーズ	WASIMO 第八季	2020-03-30	40	TV		279469	365856
303891	ねこねこ日本史 第5シリーズ	猫猫日本史 第五季	2020-04-08	32	TV		279471	
303899	忍たま乱太郎 第26シリーズ	忍者乱太郎 第26季	2018-04-02	76	TV		193065	303901
303901	忍たま乱太郎 第27シリーズ	忍者乱太郎 第27季	2019-04-01	76	TV		303899	303902
303902	忍たま乱太郎 第28シリーズ	忍者乱太郎 第28季	2020-03-30	76	TV		303901	375671
303963	スーパードラゴンボールヒーローズ ビッグバンミッション	超级龙珠英雄BIGBANG MISSION	2020-03-05	19	WEB		246914	378125
304002	Simsala Grimm Season 1	新格林童話 第一季		13	TV			304003
304003	Simsala Grimm Season 2	新格林童話 第二季		13	TV		304002	304004
304004	Simsala Grimm Season 3	新格林童話 第三季		26	TV		304003	
304038	とある生体実験ムービーズ	某生体实验动画	2019-12-02	2		1	297558	303871
304051	歌舞伎町シャーロック OVA	歌舞伎町夏洛克 OVA	2020-08-26	1	OVA		256649	
304087	ARIA The CREPUSCOLO	水星领航员 The CREPUSCOLO	2021-03-05	1	剧场版		124341	329948
304150	とーとつにエジプト神	埃及神明们的日常	2020-12-07	10	WEB			343996
304195	Marvel's Spider-Man: Maximum Venom	漫威蜘蛛侠 第三季：超大号毒液	2020-04-19	6	TV		251025	
304216	屈辱2 The Animation		2020-06-26	2	OVA	1	285804	
304319	現実主義勇者の王国再建記	现实主义勇者的王国再建记	2021-07-03	13	TV			350771
304617	大垣まつりにいこうよ！		2020-03-29	1	WEB		262935	
304669	梦幻书院 第三季	梦幻书院 第三季	2020-04-06	14	WEB		291646	316183
304670	观海策之铁骑雄关	观海策之铁骑雄关	2020-04-26	16	WEB		234080	
304727	攻殻機動隊 SAC_2045 シーズン2	攻壳机动队 SAC_2045 第二季	2022-05-23	12	WEB		212610	
304831	ガチロリマグワイ～カワロリちゃんとキモおじさんのパコハメシンフォニー～		2019-11-01	2		1		365796
304835	ニンジャボックス	忍者之箱	2019-08-08	6	WEB			304838
304838	ニンジャボックス シーズン2	忍者之箱 第二季	2019-10-24	16	WEB		304835	304840
304840	ニンジャボックス 新シリーズ	忍者之箱 新系列	2020-03-25		WEB		304838	
305058	BanG Dream! Episode of Roselia Ⅰ : 約束	BanG Dream! Episode of Roselia Ⅰ : 约定	2021-04-23	1	剧场版			315490
305059	BanG Dream! ぽっぴん'どりーむ！	剧场版 BanG Dream! Poppin'Dream！	2022-01-01	1	剧场版		246430	
305402	京剧猫之脚踏实地	京剧猫之脚踏实地	2020-03-24	26	WEB		258191	
305515	雾山五行	雾山五行	2020-07-26	3	WEB			312658
305544	香肠派对3	香肠派对 第三季	2018-10-23	20	WEB		260625	305545
305545	香肠派对4	香肠派对 第四季	2019-01-08	20	WEB		305544	305546
305546	香肠派对5	香肠派对 第五季	2019-03-12	20	WEB		305545	305547
305547	香肠派对6	香肠派对 第六季	2019-05-28	20	WEB		305546	305548
305548	香肠派对7	香肠派对 第七季	2019-08-13	20	WEB		305547	305549
305549	香肠派对8	香肠派对 第八季	2019-10-29	20	WEB		305548	305550
305550	香肠派对9	香肠派对 第九季	2020-01-14	20	WEB		305549	305551
305551	香肠派对10	香肠派对 第十季	2020-03-31	20	WEB		305550	308824
305577	别惹流氓兔马修2	别惹流氓兔马修 第2季	2019-10-25	70	WEB		239904	311817
305578	モンスターストライク THE MOVIE ルシファー 絶望の夜明け		2020-11-06	1	剧场版		294820	
305579	吸血鬼すぐ死ぬ	吸血鬼马上死	2021-10-04	12	TV			355802
305596	爱不冬眠2	爱不冬眠2 年到了 暖到了	2019-01-21	1	WEB		235444	305598
305598	爱不冬眠3 新年别冻队	爱不冬眠3 新年别冻队	2020-01-08	1	WEB		305596	
305743	甜心格格 第四季	甜心格格 第四季	2018-11-10	26	TV		208408	305744
305744	甜心格格 第五季	甜心格格 第五季	2020-03-28	52	TV		305743	
305943	峡谷重案组3	峡谷重案组 第三季	2018-11-09	13	WEB		234061	305946
305946	峡谷重案组 王者现长安	峡谷重案组 王者现长安	2019-12-20	12	WEB		305943	
305960	魔晶猎人 第五季	魔晶猎人 第五季 暮色燃烧	2020-01-17	26	WEB		222960	
305981	汽车人总动员2：疯狂逆袭				剧场版		137504	
306019	紫川		2021-12-21	42	WEB			449338
306190	神在月のこども	神在月的孩子	2021-10-08	1	剧场版			597679
306193	半妖の夜叉姫	半妖的夜叉姬	2020-10-03	24	TV		2785	331164
306210	Solar Opposites Season 1	外星也难民 第一季	2020-05-08	8	WEB			330042
306250	怪物公寓 第3季	怪物公寓 第三季	2019-05-06	13	WEB		229099	311844
306381	A Shaun the Sheep Movie: Farmageddon	小羊肖恩2：末日农场	2019-09-26	1	剧场版		132197	557818
306590	Randy Cunningham: 9th Grade Ninja		2012-08-13	26	TV			306594
306594	Randy Cunningham: 9th Grade Ninja (Season 2)	忍者好小子	2014-07-19	24	TV		306590	
306660	夏が終わるまで The Animation	直到夏天结束	2020-07-22	2	OVA	1		487560
306706	无上神帝	无上神帝	2020-05-18	64	WEB			336025
306737	斗魂卫之玄月奇缘 IV	斗魂卫之玄月奇缘 第四季	2020-05-19	13	WEB		282744	363810
306742	ラブライブ！スーパースター!!	Love Live! Superstar!!	2021-07-11	12	TV			354146
306767	百鬼幼儿园 第三季	百鬼幼儿园 第三季	2020-05-21	12	WEB		271072	337814
306876	全职法师Ⅳ	全职法师 第四季	2020-05-27	12	WEB		249608	309838
306907	烈阳天道Ⅰ	烈阳天道	2020-08-06	1	WEB			312439
306908	末世觉醒之溯源	末世觉醒之溯源	2020-12-22	13	WEB		256721	330886
306909	书灵记 第二季	书灵记 第二季	2020-10-28	40	WEB		282742	383209
306914	首席御灵师	首席御灵师	2020-06-20	40	WEB			329158
306971	劇場版 Fate/kaleid liner プリズマ☆イリヤ Licht 名前の無い少女	剧场版 Fate/kaleid liner 魔法少女☆伊莉雅 Licht 无名的少女	2021-08-27	1	剧场版		147466,193373	
307088	斗罗大陆 海神岛	斗罗大陆 第四季 海神岛	2020-11-21	52	WEB		294773	356976
307288	长剑风云	长剑风云	2021-01-22	10	WEB			358666
307305	少年师爷 第十四部	少年师爷之稽山阳明	2019-11-04	26	TV		307319	
307319	少年师爷 第十三部	少年师爷之智慧丝路	2019-10-28	26	TV		247570	307305
307354	小花仙之四时花语 春季篇		2019-07-24	26	WEB		260733	508405
307360	小凉帽之白鹭归来	小凉帽之白鹭归来	2019-12-25	26	TV			307361,395543,395547
307361	小凉帽2之魔法凉帽		2020-05-01	26	TV		307360	395543
307402	W.I.T.C.H. Season 2		2006-06-05	26	TV		175546	
307749	テレビ野郎 ナナーナ 怪物クラーケンを追え！	香蕉怪大叔 呐呐~呐 北海妖怪追追追！	2020-04-16	24	TV		279475	
307869	タイトファンタジー		2020-04-18	1		1		362101
307925	劇場版 BEM ～BECOME HUMAN～	剧场版 BEM ～BECOME HUMAN～	2020-10-02	1	剧场版		274133	
307982	星辰变 第三季		2021-09-05	12	WEB		270749	345808
307995	风雨廊桥	风雨廊桥	2020-06-15	1	WEB			345788
308028	请吃红小豆吧！ 第四季	请吃红小豆吧！ 第四季	2020-07-10	12	WEB		294872	378091
308504	Monkie Kid: A Hero is Born	乐高悟空小侠之英雄出世	2020-06-01	2	WEB			525825
308545	非人哉 Part.4	非人哉 61-72集	2020-06-17	12	WEB		298070	328512
308558	SHAMAN KING	通灵王	2021-04-01	52	TV			378797
308588	EDENS ZERO	伊甸星原	2021-04-10	25	TV			368289
308731	今天开始闪耀登场	今天开始闪耀登场	2023-03-30	15	WEB		297555	
308822	Balto III: Wings of Change	雪地灵犬3	2004-09-30		剧场版		308823	
308823	Balto II: Wolf Quest	雪地灵犬2	2002-02-19		剧场版		169132	308822
308824	香肠派对11	香肠派对 第十一季	2020-06-16	20	WEB		305551	314562
308826	大王不高兴2	大王不高兴 第二季	2020-07-21	12	WEB		269551	
308936	東京リベンジャーズ	东京复仇者	2021-04-10	24	TV			360783
308948	灵剑尊 第四季	灵剑尊 第四季	2020-09-08	180	WEB		296258	464007
308961	文豪ストレイドッグス わん！	文豪野犬 汪！	2021-01-12	12	TV			603352
308978	로보트 태권브이	机器人跆拳V	1976-07-24		剧场版			310520
308998	マスター・オブ・トルク Master of Torque Epilogue	扭矩大师 终章	2016-12-26	1	WEB		176577	
309002	銀魂 THE SEMI-FINAL	银魂 THE SEMI-FINAL	2021-01-15	2	WEB		240811	276641
309056	乙女ゲームの破滅フラグしかない悪役令嬢に転生してしまった…Ｘ	转生成为了只有乙女游戏破灭Flag的邪恶大小姐X	2021-07-02	12	TV		264089	349223
309092	凹凸世界 第四季		2022-04-29	20	WEB		284641	
309234	うっかりペネロペ 【第1シリーズ】		2006-11-20	28	TV			309235
309235	うっかりペネロペ 【第2シリーズ】		2009-06-29	26	TV		309234	309236
309236	うっかりペネロペ 【第3シリーズ】		2013-07-02	13	TV		309235	309237
309237	うっかりペネロペ 【第4シリーズ】		2017-10-04	13	TV		309236	
309304	没出息的阴阳师一家2	没出息的阴阳师一家 第二季	2020-07-15	12	WEB		281408	351283
309331	バトルアスリーテス大運動会 ReSTART!	搏斗运动员们 大运动会 重启！	2021-04-10	12	TV		10413,49189	
309600	武动乾坤 第二季	武动乾坤 第二季	2020-07-12	12	WEB		224641	312437
309708	Crossing Swords Season 1	十字剑 第一季	2020-06-12	10	WEB			451191
309753	イジらないで、長瀞さん	不要欺负我，长瀞同学	2021-04-10	12	TV			354042
309838	全职法师V	全职法师 第五季	2021-07-28	12	WEB		306876	345804
309868	爆TECH!爆丸 ガチ	爆TECH!爆丸 激撞	2013-04-06	39	TV		37859	
309899	Gon的旱獭之獭獭突然想到	獭獭突然想到	2020-07-08	12	WEB			363400
309910	おそ松さん 第3期	阿松 第三季	2020-10-12	25	TV		212609	497881
309937	狐妖小红娘 沐天城篇	狐妖小红娘9 沐天城篇	2020-12-11	12	WEB		282635	328707
310139	学園系過激リフレ 本日開店!	学园系过激按摩 今日开店！	2020-07-17	1		1	269063	
310150	超普通都市カシワ伝説R	超普通都市柏传说R	2020-07-06	10	TV		310818	414866
310178	デート・ア・バレット ナイトメア・オア・クイーン	约会大作战 赤黑新章：红或白	2021-03-24	1	OVA		291171	
310194	Re:ゼロから始める休憩時間 2nd Season	Re：从零开始的休息时间2	2020-07-10	25	WEB		185837	516311
310263	本好きの下剋上 〜司書になるためには手段を選んでいられません〜 第3期	小书痴的下克上 〜为了成为图书管理员而不择手段〜 第三季	2022-04-11	10	TV		295884	469104
310346	SELL OUT 2nd 艶HD		2019-01-19	1		1	310347	289931
310347	SELL OUT 1st 艶HD		2019-01-12	1		1		310346
310520	로보트 태권V 제2탄 - 우주작전	机器人跆拳V：宇宙大战	1976-01-01	1	剧场版		308978	310523
310523	로보트 태권브이 제3탄 - 수중 특공대	机器人跆拳V：水下突击队	1977-01-01		剧场版		310520	
310687	女武神的餐桌Ⅱ	女武神的餐桌 第二季	2020-07-17	8	WEB		283642	
310760	がんばれ！キッカーズスペシャル ひとりぼっちのエースストライカー	加油！吉塔斯特别篇：单独一人的王牌前锋	1988-01-05	1	TV		56995	
310817	超普通都市カシワ伝説	超普通都市柏传说	2016-02-13	10	WEB			310818
310818	超普通都市カシワ伝説Z	超普通都市柏传说Z	2019-07-12	10	WEB		310817	310150
310899	せいぜいがんばれ！魔法少女くるみ 3期	尽量加油吧！魔法少女胡桃 第三季	2020-10-07	25	TV		256948	
310927	喜羊羊与灰太狼之跨时空救兵		2019-07-12	60	TV		269265,273458	328079
311021	플라워링 하트 시즌2	Flowering Heart 2	2017-05-29	26	TV		178642	
311160	Swat Kats: The Radical Squadron Season 1	霹雳特警猫 第一季	1993-09-11	13	TV			311162
311162	Swat Kats: The Radical Squadron Season 2	霹雳特警猫 第二季	1994-09-10	13	TV		311160	
311179	Astérix et les Vikings	高卢英雄大战维京海盗	2006-04-12	1	剧场版		261319	266274
311182	Astérix: Le secret de la potion magique	高卢英雄：魔法的秘密	2018-12-05	1	剧场版		266274	
311199	キリンのものしり館		1975-01-01	52	TV		377554	311798
311295	日本漫画映画発達史・漫画映画誕生	日本漫画电影发展史·漫画电影诞生	1971-09-11		剧场版			311311
311311	日本漫画映画発達史・アニメ新画帖	日本漫画电影发展史·动画新画帖	1973-03-31		剧场版		311295	
311384	潜艇总动员：海底两万里		2018-06-01	1	剧场版		134423	311386
311386	潜艇总动员：外星宝贝计划		2019-06-01	1	剧场版		311384	493561
311528	村又さんの秘密	村又的秘密	2020-07-17	2	OVA	1		659249
311615	やくならマグカップも	如果烧陶的话也做个马克杯吧	2021-04-02	12	TV			339694
311672	拳皇·觉醒	拳皇·觉醒		1	剧场版		165251	
311673	镖人	镖人	2023-06-01	15	WEB			449343
311687	荒神录之玲珑山	荒神录之玲珑山	2025-05-02	12	WEB			449381
311693	DC Showcase's Batman: Death In The Family	蝙蝠侠：家庭之死	2020-10-13	1	OVA		65923	
311713	跳跃战士2	跳跃战士 第二季	2019-08-01	32	WEB		241763	
311724	灵笼:INCARNATION 中章	灵笼 中章	2019-11-17	1	WEB		269537	291095
311759	結城友奈は勇者である -大満開の章-	结城友奈是勇者 -大满开之章-	2021-10-01	12	TV		195937	
311770	火线小剧场 第二季	火线小剧场 第二季	2016-08-31	9	WEB		205534	311772
311772	火线小剧场 第三季	火线小剧场 第三季	2017-05-10	10	WEB		311770	
311777	吃鸡大作战 第2季 沙岛生存大挑战	吃鸡大作战 第二季 沙岛生存大挑战	2019-07-30	20	WEB		247425	311778
311778	吃鸡大作战 第3季 冰天雪地大挑战	吃鸡大作战 第三季 冰天雪地大挑战	2020-07-03	24	WEB		311777	340940
311798	キリンあしたのカレンダー	麒麟剧场 明天的日历	1980-01-01	52	TV		311199	
311800	がんばれ!!タブチくん!! 第2弾 激闘ペナントレース		1980-05-03	1	剧场版		414719	311842
311817	别惹流氓兔马修3	别惹流氓兔马修 第3季	2020-07-22	70	WEB		305577	
311822	精灵梦叶罗丽 第7季	精灵梦叶罗丽 第七季	2019-08-08	26	WEB		259939	312114
311832	阿狸布塔故事集	阿狸布塔故事集	2016-11-24	13	WEB			311836
311836	阿狸童话故事集	阿狸童话故事集 第二季	2020-01-08	13	WEB		311832	
311842	がんばれ!!タブチくん!! 第3弾 あゝツッパリ人生		1980-12-13	1	剧场版		311800	
311844	怪物公寓之崭新生活	怪物公寓之崭新生活	2020-07-29	11	WEB		306250	
311850	喜羊羊与灰太狼之羊羊趣冒险	喜羊羊与灰太狼之羊羊趣冒险	2020-08-01	26	TV			567617
311978	快把我哥带走4	快把我哥带走4	2020-08-05	12	WEB		287316	345805
312114	精灵梦叶罗丽 第8季	精灵梦叶罗丽 第八季	2020-08-06	26	WEB		311822	402425
312297	龙族		2022-08-19	17	WEB			408897
312298	诛仙		2022-08-02	26	WEB			415679
312310	一人之下4 出发！碧游村		2021-09-24	12	WEB		285784	360773
312314	万圣街 第二季	万圣街 第二季	2020-10-14	12	WEB		291206	345809
312352	绝顶	绝顶	2021-02-06	26	WEB			405216
312370	雄兵连Ⅲ雷霆万钧	雄兵连3雷霆万钧	2022-05-29	27	WEB		244232	395269
312435	雪鹰领主 第二季	雪鹰领主 第二季	2020-12-31	22	WEB		245719,297257	343184
312437	武动乾坤 第三季	武动乾坤 第三季	2022-05-01	12	WEB		309600	395285
312439	烈阳天道Ⅱ	烈阳天道2	2021-02-12	1	WEB		306907	
312537	大理寺日志 贰		2022-11-26	12	WEB		183957	449346
312579	万国志 第二季				WEB		269539	
312581	馒头日记 第二季				WEB		91612	
312629	非人哉 第二部分	非人哉 第二部分	2018-07-26	36	WEB		233593	298070
312658	雾山五行 犀川幻紫林	雾山五行 犀川幻紫林	2023-07-26	4	WEB		305515	450560
312700	伍六七之玄武国篇 上篇	伍六七之玄武国篇 上篇	2021-01-27	5	WEB		277436	329160
312958	プリンセスコネクト！Re:Dive Season 2	公主连结 Re:Dive 第二季	2022-01-10	12	TV		274646	
312966	NOBLESSE -ノブレス-	大贵族	2020-10-07	13	TV		168466	
313009	ちいさなあくま2		2015-02-20			1		214218
313010	ちいさなあくま4		2016-02-20			1	214218	
313063	きもしば 2	恶搞柴犬 第二季	2017-04-02	13	TV		254418	
313213	The Owl House	猫头鹰魔法社	2020-01-10	19	TV			343589
313634	凡人修仙传之凡人风起天南 贰	凡人修仙传之凡人风起天南 贰	2020-10-11	9	WEB		223147	320242
313649	F Is for Family Season 4	福是全家福的福 第四季	2020-06-12	10	WEB		288833	439359
313669	Mr.ペンペン	企鹅先生	1986-03-31	1	TV			313670
313670	Mr.ペンペンII	企鹅先生2	1986-12-29	1	TV		313669	
313673	戦え!超ロボット生命体トランスフォーマー スクランブルシティ発動編	变形金刚：大都市发动篇		1	OVA		442368	442367
313829	王女＆女騎士Ｗド下品露出～恥辱の見世物奴隷～		2020-08-28	2	OVA	1		353928
313852	まちカドまぞく 2丁目	街角魔族 2丁目	2022-04-07	12	TV		272510	
313935	剑网3·侠肝义胆沈剑心 第三季（上卷）		2022-07-08	12	WEB		291643	398804
313937	画江湖之不良人Ⅳ	画江湖之不良人 第四季	2021-04-29	13	WEB		262518	343183
313974	Marvel Rising: Playing With Fire	漫威崛起：火焰游戏	2019-12-18	1	WEB		293653	
314041	Star Trek: Lower Decks Season 1	星际迷航：下层舰员 第一季	2020-08-06	10	WEB			347693
314163	さよなら私のクラマー	再见了，我的克拉默	2021-04-04	13	TV		314169	
314169	映画 さよなら私のクラマー ファーストタッチ	电影 再见了，我的克拉默 First Touch	2021-06-11	1	剧场版			314163
314174	Rick and Morty: Samurai & Shogun	瑞克和莫蒂：武士与将军	2020-03-29	1	WEB			508737
314183	まんがはじめて面白塾	有趣的漫画教室	1989-02-04	52	TV		382935	
314253	アイドルマスター シンデレラガールズ スターライトステージ 5周年記念！「Go Just Go!」アニメPV	偶像大师 灰姑娘女孩 星光舞台 5周年纪念「Go Just Go!」动画PV	2020-09-03	1	PV			348358
314429	ぬ～ぼ～・きえたメダル		1990-03-28	1	OVA			315736
314518	聖女の魔力は万能です	圣女的魔力是万能的	2021-04-06	12	TV			373787
314522	万界仙踪 第四季	万界仙踪 第四季	2020-09-14	48	WEB		293470	339708
314562	香肠派对12	香肠派对 第十二季	2020-09-01	20	WEB		308824	
314706	Little Polar Bear しろくまくん, ふねにのる	小北极熊 白熊君，乘船	1991-12-01	1	OVA		501564	
314865	冒険者たち ガンバと7匹のなかま	冒险者们 刚巴与七位伙伴	1984-03-04	1	剧场版			139360
315026	銀河英雄伝説 Die Neue These 激突 第1章	银河英雄传说 Die Neue These 激突 第1章	2022-03-04	4	剧场版		226224	361384
315069	ホリミヤ	堀与宫村	2021-01-09	13	TV			425992
315262	有药2		2023-09-27	24	WEB		297758	
315263	邪王追妻之一世倾城		2020-12-11	12	WEB		223129	351122
315271	クリィミーマミ ソングスペシャル2 カーテンコール	我是小甜甜 谢幕	1986-02-01	1	OVA		108940	
315375	劇場版 ソードアート・オンライン プログレッシブ 星なき夜のアリア	剧场版 刀剑神域 进击篇 无星之夜的咏叹调	2021-10-30	1	剧场版			355004
315456	SK∞ エスケーエイト	无限滑板	2021-01-09	12	TV			340867
315490	BanG Dream! Episode of Roselia Ⅱ : Song I am.		2021-06-25	1	剧场版		305058	
315516	フルーツバスケット The Final	水果篮子 最终季	2021-04-05	13	TV		291039	
315574	ウマ娘 プリティーダービー Season 2	赛马娘 Pretty Derby 第二季	2021-01-04	13	TV		212003	407332
315672	バッドばつ丸のオレは優等生	酷企鹅 我是优等生	1995-10-21	1	OVA			315760
315736	ぬーぼー	NOOBOW	1995-10-05	26	TV		314429	
315744	宇崎ちゃんは遊びたい！ω	宇崎学妹想要玩！ω	2022-10-01	13	TV		299498	
315745	彼女、お借りします 第2期	租借女友 第二季	2022-07-01	12	TV		296076	401783
315760	バッドばつ丸の男度胸の思いやり		1995-10-21	1	OVA		315672	508442
315779	夏目友人帳 石起こしと怪しき来訪者	夏目友人帐 唤石者与怪异的访客	2021-01-16	1	剧场版		227392	
315804	八十亀ちゃんかんさつにっき 3さつめ	八十龟酱观察日记 第三册	2021-01-10	12	TV		282762	359527
315898	BIOHAZARD：Infinite Darkness	生化危机：无尽黑暗	2021-07-08	4	WEB		41888	
316103	秘密結社 鷹の爪 ～ゴールデン・スペル～	秘密结社 鹰之爪 ~Golden Spell~	2020-10-04	12	TV		181834	616830
316105	RWBY Volume 8	红白黑黄 第八季	2020-11-07	14	WEB		285936	390395
316108	耐え子の日常 第二期		2020-07-01	52	TV		291842	
316131	邪神ちゃんドロップキック X	邪神与厨二病少女 X	2022-07-05	12	TV		272188	433729,409383
316170	武庚纪 第四季 上篇		2021-07-22	24	WEB		262732	413616
316182	少女前线：治愈篇2	少女前线 人型小剧场 第二季	2020-10-07	12	WEB		217405	
316183	梦幻书院 第四季	梦幻书院 第四季	2020-10-12	14	WEB		304669	331894
316247	Re:ゼロから始める異世界生活 2nd season 後半クール	Re：从零开始的异世界生活 第二季 后半部分	2021-01-06	12	TV		278826	425998
316261	新灰姑娘	新灰姑娘	2018-10-01	1	剧场版			393950
316285	Winnie the Pooh and the Honey Tree	小熊维尼和蜂蜜树	1966-02-04		剧场版			132403
316484	淫魔バスターズ 3		2020-03-31	1		1	316516	
316491	メゾン・de・パーヴ202 笠原いずみ		2019-04-30	1		1		409621
316515	淫魔バスターズ 1		2019-02-26					316516
316516	淫魔バスターズ2		2019-06-27	1			316515	316484
316607	ワンダーエッグ・プライオリティ	奇蛋物语	2021-01-12	12	TV			331935
316612	ファイアボール ゲボイデ＝ボイデ	火球最终章	2020-11-08	10	WEB		223134	
316709	South Park Season 24	南方公园 第24季	2020-09-30	2	TV		209063	366527
316765	Ben 10 Reboot Season 4	少年骇客再显神威 第四季	2020-01-19	34	TV		668134	668136
316787	如果历史是一群喵 乱世三国篇		2020-10-11	13	WEB		291109	323874
316789	肥志百科 第1季	肥志百科 第1季	2020-10-22	12	WEB			324269
316793	The Smokey Bear Show	斯莫基熊	1969-09-06	17	TV		656950	
316795	幼女社長	幼女社长	2021-01-01	15	WEB			401970
316957	シャドーハウス	影宅	2021-04-10	13	TV			349084
316962	Transformers: Cyberverse Season 3	变形金刚：赛博志3	2020-03-15	26	TV		528037	
317002	鬼滅の刃 那田蜘蛛山編	鬼灭之刃 那田蜘蛛山篇	2020-10-17	1	TV		349033	322102
317042	理系が恋に落ちたので証明してみた。r=1-sinθ	理科生坠入情网，故尝试证明。[r=1-sinθ]♡	2022-04-01	12	TV		271145	
317275	月が導く異世界道中	月光下的异世界之旅	2021-07-07	12	TV			350235
317376	劇場版ツルネ －はじまりの一射－	剧场版 弦音 -起始的一箭-	2022-08-19	1	剧场版			396988
317613	かぐや様は告らせたい-ウルトラロマンティック-	辉夜大小姐想让我告白-超级浪漫-	2022-04-08	13	TV		293049	389474,425211
317615	ヘタリア World★Stars	黑塔利亚 World★Stars	2021-04-01	12	WEB		120369	698130
317645	囀る鳥は羽ばたかない The storm breaks	鸣鸟不飞 The storm breaks			剧场版		281305	
317683	分解世界	分解世界		26	动态漫画			317684
317684	49%的灵魂	49%的灵魂		26	动态漫画		317683	
317687	Blood of Zeus	宙斯之血	2020-10-27	8	WEB			511554
317691	極主夫道	极主夫道	2021-04-08	5	WEB			332696
317694	リラックマと遊園地	轻松小熊：主题乐园大冒险	2022-08-25	8	WEB		217573	
317777	大鬧畫室	大闹画室		1	剧场版			317890
317785	劇場版 とっとこハム太郎 ハムハムランド大冒険	哈姆太郎：哈姆哈姆乐园大冒险	2001-12-15	1	剧场版			417387
317852	範馬刃牙	范马刃牙	2021-09-30	12	WEB		278202	375541
317877	DuckTales Season 2	新唐老鸭俱乐部 第二季	2018-10-20	24	TV		220342	317878
317878	DuckTales Season 3	新唐老鸭俱乐部 第三季	2020-04-04	22	WEB		317877	
317879	The Shivering Truth Season 2	颤抖的真相 第二季	2020-05-10	6	TV		270235	
317886	恋するシロクマ 16話（仮）			1	剧场版		302150	317887
317887	恋するシロクマ 「おしえてシャチさん」篇		2020-08-07	1	剧场版		317886	
317890	紙人搗亂記	纸人捣乱记		1			317777	
317963	悪の女幹部フルムーンナイトR	恶之女干部 满月之夜R	2020-10-02	2	OVA	1	66601	
318238	The Dragon Prince Season 3	龙太子 第三季	2019-11-22	9	WEB		275392	407561
318411	人体のサバイバル！		2020-07-31	1	剧场版			338262
318541	バクテン!!	后空翻!!	2021-04-08	12	TV			339916
318579	かいじゅうステップ ワンダバダ 第2シリーズ	小怪兽成长日记 二期	2020-09-25	26	TV		302157	
318582	どうしても干支にはいりたい2	无论如何都想加入生肖2	2020-10-06	13	TV		145912	
318597	ママサプリ ヤンデレママ編		2019-12-01	1		1		318598
318598	ママサプリ ダメママ編		2020-11-02	1		1	318597	
318599	火狩りの王	狩火之王	2023-01-14	10	TV			425129
319252	憂国のモリアーティ 2クール目	忧国的莫里亚蒂 第二季	2021-04-04	13	TV		297022	
319284	べあべあべあくまー！		2020-10-09	12	WEB			435076
319390	宇宙戦艦ヤマト2205 新たなる旅立ち 前章 -TAKE OFF-	宇宙战舰大和号2205 新的旅程 前篇 -TAKE OFF-	2021-10-08	4	剧场版		246898	352905
319513	カノジョも彼女	女友成堆	2021-07-02	12	TV			398949
319664	The SpongeBob Movie: Sponge on the Run	海绵宝宝：营救大冒险	2020-08-14	1	剧场版			465185
319739	真の仲間じゃないと勇者のパーティーを追い出されたので、辺境でスローライフすることにしました	因为不是命中注定的同伴而被赶出了勇者的队伍、从此以后过上了悠闲的隐居生活	2021-10-06	13	TV			406628
320031	秦时明月之亡秦必楚	秦时明月之亡秦必楚			WEB		405652	
320052	佐々木と宮野	佐佐木与宫野	2022-01-09	12	TV			376008
320215	百妖谱 第二季		2021-07-18	12	WEB		269545	350795
320217	天宝伏妖录 第二季		2021-04-25	13	WEB		269552	344492
320218	仙王的日常生活 第二季		2021-10-30	12	WEB		247977	358742
320219	元龙 第二季		2021-07-03	16	WEB		269546	358648
320222	李林克的小馆儿	李林克的小馆儿	2021-04-27	10	WEB			340821
320224	时光代理人	时光代理人	2021-04-30	11	WEB			341311
320230	咸鱼哥	咸鱼哥	2021-07-29	16	WEB			405226
320241	永生		2022-01-29	12	WEB			405213
320242	凡人修仙传 特别篇：燕家堡之战	凡人修仙传 特别篇：燕家堡之战	2021-01-31	4	WEB		313634	348240
320413	开心宝贝之开心超人		2011-01-15	52	TV		10997	320414
320414	开心宝贝之开心超人大作战		2011-07-16	52	TV		320413	320415
320415	开心宝贝之开心大冒险		2012-01-09	52	TV		320414	320416
320416	开心宝贝之开心星星球		2012-08-04	52	TV		320415	320417
320417	开心宝贝之古灵星历险记		2013-04-27	52	TV		320416	320418
320418	开心宝贝之开心联盟争霸战		2014-01-06	52	TV		320417	320419
320419	开心宝贝之奇幻之旅		2014-05-30	40	TV		320418	320420
320420	开心超人联盟之超时空保卫战		2015-08-07	52	TV		320419	320421
320421	开心超人联盟之英雄归来		2016-07-16	52	TV		320420	320422
320422	开心超人联盟之星际危机		2017-08-22	52	TV		320421	320423
320423	开心超人联盟之星际联盟	开心超人联盟之星际联盟	2019-02-04	52	TV		320422	320424
320424	开心超人联盟之能源核守护者		2020-03-01	52	TV		320423	320427
320427	开心超人联盟之星之力		2020-10-12	52	TV		320424	333379
320435	开心超人2：启源星之战		2014-07-18		剧场版		78967	389666
320456	B-PROJECT ～熱烈＊ラブコール～	B-PROJECT ～热烈＊Love Call～	2023-10-02	12	TV		226806	
320493	私に天使が舞い降りた！プレシャス・フレンズ	天使降临到了我身边！Precious Friends	2022-10-14	1	剧场版		249637	
320733	ゴールデン道画劇場 第3期	黄金神威 小剧场 第三季	2020-10-06	11	WEB		267437	403801
320821	WAVE!!～サーフィンやっぺ!!～ 第二章		2020-10-16	1	剧场版		289118	320822
320822	WAVE!!～サーフィンやっぺ!!～ 第三章		2020-10-30	1	剧场版		320821	
320839	虚構推理 Season2	虚构推理 第二季	2023-01-08	12	TV		271687	
320843	SpongeBob SquarePants (Season 12)	海绵宝宝 第十二季	2018-11-11	26	TV		237614	320844
320844	SpongeBob SquarePants (Season 13)	海绵宝宝 第十三季	2020-10-22	26	TV		320843	462604
320851	精霊幻想記	精灵幻想记	2021-07-05	12	TV			355803
320857	トロピカル〜ジュ！プリキュア	热情闪耀！光之美少女	2021-02-28	46	TV		297094	364932
321081	Heavy Metal 2000	宇宙奇趣录 2000	2000-04-19	1	剧场版		113087	321083
321083	The Metalverse		2023-07-01		剧场版		321081	
321092	闇芝居 第8期	暗芝居 第八季	2021-01-10	13	TV		283480	338201
321101	痴漢電車ムービーズ	痴汉电车动画	2019-11-14	2		1		297558
321117	僕のヒーローアカデミア THE MOVIE ワールドヒーローズミッション	我的英雄学院 World Heros' Mission	2021-08-06	1	剧场版		278429	449154
321215	Glass the movie		2017-07-01	1		1		360361
321315	中国传媒大学 2015级联合创作作品展		2018-07-15	21	短片			626281
321360	中国传媒大学动画与数字艺术学院 2015级动画专业毕业设计展映		2019-06-14	30	短片		564891	571639
321387	ミュークルドリーミー みっくす！	甜梦猫 MIX!	2021-04-11	37	TV		289829	
321469	コードギアス 奪還のロゼ 第1幕	Code Geass 夺还的罗赛 第1幕	2024-05-10	1	剧场版			470832
321686	アイドルランドプリパラ	偶像大陆美妙天堂	2021-08-18	13	WEB		204200	622634
321864	レミリアムービーズ 急所破壊徹底陵辱	蕾米莉亚动画 急所破坏彻底凌辱	2019-11-28	2		1		328968
321885	チェンソーマン	链锯人	2022-10-11	12	TV			470660
322102	鬼滅の刃 柱合会議・蝶屋敷編	鬼灭之刃 柱合会议・蝶屋敷篇	2020-12-20	1	TV		317002	350764
322257	アリス探偵局 第1期	爱丽丝侦探局 第1期	1995-04-05	28	TV			565999
322449	クレヨンしんちゃん 謎メキ!花の天カス学園	蜡笔小新：谜团！花之天下春日部学院	2021-07-30	1	剧场版		291038	361697
322518	Hilda Season 2	希尔达 第二季	2020-12-14	13	WEB		261806	361027
322859	100万の命の上に俺は立っている 第2シーズン	我立于百万生命之上 第二季	2021-07-09	12	TV		301469	
322876	Phineas and Ferb Season 2	飞哥与小佛 第二季	2009-02-19	38	TV		39507	322879
322879	Phineas and Ferb Season 3	飞哥与小佛 第三季	2011-03-04	35	TV		322876	322880
322880	Phineas and Ferb Season 4	飞哥与小佛 第四季	2012-12-07	37	TV		322879	513137
322900	終末のワルキューレ	终末的女武神	2021-06-17	12	WEB			346982
322926	おとなの防具屋さんII	大人的防具店 第二季	2021-01-08	12	TV		262112	
322967	ワールドトリガー 3rdシーズン	境界触发者 第三季	2021-10-09	14	TV		296875	
323398	Sofia the First Season 4	小公主苏菲亚 第四季	2017-04-28	26	TV		149647	662033
323433	Adventure Time: Distant Lands	探险活宝：遥远的秘境	2020-06-25	4	WEB			364996
323651	くまクマ熊ベアーぱーんち！	熊熊勇闯异世界 Punch!	2023-04-03	12	TV		297624	
323655	オリエント	东方少年	2022-01-05	12	TV			375511
323874	如果历史是一群喵 两晋南北篇		2021-04-11	13	WEB		316787	340851
323960	アイドリッシュセブン Third BEAT!	IDOLiSH7-偶像星愿- Third BEAT!	2021-07-04	13	TV		253042	331751
323983	Looney Tunes Cartoons	乐一通卡通	2020-05-27	52	WEB			445276
324060	ノーラ	诺拉	1985-01-21	1	OVA			214759
324269	肥志百科 第2季	肥志百科 第2季	2021-04-03	13	WEB		316789	339466
324271	Carmen Sandiego Season 3	大神偷卡门 第三季	2020-10-01	5	WEB		296178	325402
324278	PiNMeN rework		2005-05-25	8	OVA		425176	
324287	Carmen Sandiego: To Steal or Not to Steal	大神偷卡门：偷不偷？	2020-03-10	1	WEB			
324294	【袿姫】第１５回東方M-1ぐらんぷり	【袿姬版】第十五届东方M-1漫才大赛	2020-12-25	1	OVA		299576	366493
324300	Mickey Mouse Season 5	米老鼠2013 第五季	2018-10-06	18	TV		222400	
324476	狂神魔尊		2021-05-20	62	WEB			360080
324720	THE FIRST SLAM DUNK	灌篮高手	2022-12-03	1	剧场版		1608	
324786	SDガンダムワールド ヒーローズ	SD高达世界 群英集	2021-04-08	24	WEB		267432	
324935	Screwball Squirrel	精怪松鼠	1944-04-01	1	剧场版			667053
325097	最遊記RELOAD -ZEROIN-	最游记 RELOAD -ZEROIN-	2022-01-06	13	TV		187976	
325178	PUI PUI モルカー	PUI PUI 天竺鼠车车	2021-01-05	12	TV			385541
325329	我家大师兄有点靠谱		2023-01-06	13	WEB		269550	
325402	Carmen Sandiego Season 4	大神偷卡门 第四季	2021-01-15	8	WEB		324271	324287
325482	The Wonderful World of Mickey Mouse	米老鼠的奇妙世界	2020-11-18	20	WEB			709334
325571	映画ドラえもん のび太の宇宙小戦争2021	哆啦A梦：大雄的宇宙小战争 2021	2022-03-04	1	剧场版		285759	390873
325585	無職転生 ～異世界行ったら本気だす～ 第2クール	无职转生～到了异世界就拿出真本事～ 第2部分	2021-10-03	12	TV		277554	373247
325638	新幹線変形ロボ シンカリオンＺ	新干线变形机器人Z	2021-04-09	41	TV		227240,624836	
325647	Disenchantment Season 3	幻灭 第三季	2021-01-15	10	WEB		290215	366215
325676	PIZZA配達淫 The Movie		2020-07-31	1		1		408959
325702	She-Ra and the Princesses of Power: Season 2	希瑞与非凡的公主们 第二季	2019-08-26	7	WEB		267162	325703
325703	She-Ra and the Princesses of Power: Season 3	希瑞与非凡的公主们 第三季	2019-08-02	6	WEB		325702	325704
325704	She-Ra and the Princesses of Power: Season 4	希瑞与非凡的公主们 第四季	2019-11-05	13	WEB		325703	325705
325705	She-Ra and the Princesses of Power: Season 5	希瑞与非凡的公主们 第五季	2020-05-15	13	WEB		325704	
325727	探偵はもう、死んでいる。	侦探已经死了。	2021-07-04	12	TV			393010
325808	地獄楽	地狱乐	2023-04-01	13	TV			443446
325866	手机里的浣熊小镇	手机里的浣熊小镇	2021-01-21	26	WEB			341275
325878	淫乱爆乳女教師		2019-11-29	1		1		655278
326151	汉化日记 第三季		2022-07-31	12	WEB		291635	405136
326432	Tomb Raider: The Legend of Lara Croft	古墓丽影 劳拉·克劳馥传奇	2024-10-10	8	WEB			609143
326500	Infinity Train Book 3: Cult of the Conductor	无尽列车 第三季	2020-08-13	10	TV		297828	439375
326505	進化の実～知らないうちに勝ち組人生～	进化果实～不知不觉踏上胜利的人生～	2021-10-04	12	TV			376399
326867	ゴブリンスレイヤーⅡ	哥布林杀手 第二季	2023-10-06	12	TV		238006,278661	
326874	ダンジョンに出会いを求めるのは間違っているだろうかⅣ 新章 迷宮篇	在地下城寻求邂逅是否搞错了什么 第四季 新章 迷宫篇	2022-07-22	11	TV		291412	402223
327055	死神坊ちゃんと黒メイド	死神少爷与黑女仆	2021-07-04	12	TV			349319
327207	Amphibia Season 2	奇幻沼泽 第二季	2020-07-11	20	TV		293633	386267
327242	デュエル・マスターズ キング！	决斗大师 KING！	2021-04-04	43	TV		303435	396444
327550	劇場短編マクロスF ～時の迷宮～	剧场短篇 超时空要塞F 时之迷宫	2021-10-08	1	剧场版		12618	
327568	喜羊羊与灰太狼之筐出胜利		2021-01-22	60	TV		328080	343244,350880
327606	カッコウの許嫁	杜鹃的婚约	2022-04-23	24	TV			505303
327771	iiiあいすくりん	冰冰冰淇淋君	2021-04-06	12	TV			381157
327772	カードファイト!! ヴァンガード overDress	卡片战斗先导者overDress	2021-04-03	12	TV			349387
328028	星骸骑士 下半季		2021-05-19	7	WEB		286349	345891
328074	熊出没·狂野大陆		2021-02-12	1	剧场版		269236	332365
328079	喜羊羊与灰太狼之奇趣外星客		2020-01-10	60	TV		273458,310927	328080
328080	喜羊羊与灰太狼之异国大营救		2020-07-17	60	TV		328079	327568,343244,384723
328195	鬼滅の刃 遊郭編	鬼灭之刃 游郭篇	2021-12-05	11	TV		350764,291494	369768
328197	特『刀剣乱舞-花丸-』～雪月華～雪ノ巻	特『刀剑乱舞-花丸-』～雪月花～雪之卷	2022-05-20	1	剧场版		208370	365705
328313	世界最高の暗殺者、異世界貴族に転生する	世界顶尖的暗杀者转生为异世界贵族	2021-10-06	12	TV			456077
328443	白蛇Ⅱ：青蛇劫起	白蛇2：青蛇劫起	2021-07-23	1	剧场版		443857	
328447	錆喰いビスコ	食锈末世录	2022-01-10	12	TV			445903
328466	DOTA: Dragon's Blood	刀塔：龙之血	2021-03-25	8	WEB			341937
328512	非人哉 Part.5	非人哉 73-84集	2021-02-03	12	WEB		308545	341360
328514	枕刀歌	枕刀歌	2021-02-05	12	WEB			345812,348537
328516	爱在西元前 第2季		2021-02-14	16	WEB		225880	
328518	星武神诀		2021-01-28	40	WEB			387612
328609	ぼっち・ざ・ろっく！	孤独摇滚！	2022-10-08	12	TV			537409
328707	狐妖小红娘 两生花篇	狐妖小红娘10 两生花篇	2021-03-26	12	WEB		309937	345761
328968	レミリアムービーズ2	蕾米莉亚动画2	2021-02-05	2		1	321864	
329114	陰の実力者になりたくて！	想要成为影之实力者！	2022-10-05	20	TV			419846
329116	魁拔之殊途 相生篇		2023-12-29	8	WEB		282736	
329158	首席御灵师 第二季		2021-03-03	60	WEB		306914	
329160	伍六七之玄武国篇 下篇	伍六七之玄武国篇 下篇	2021-04-07	5	WEB		312700	335032,403430
329191	The Snoopy Show Season 1	史努比秀 第一季	2021-02-05	6	WEB			441149
329227	我是大神仙 第二季		2021-02-25	16	WEB		294290	339213
329407	Castlevania Season 4	恶魔城 第四季	2021-05-13	10	WEB		265712	
329436	魔法科高校の劣等生 追憶編	魔法科高校的劣等生 追忆篇	2021-12-31	1	TV		292233	364522
329906	SPY×FAMILY	间谍过家家	2022-04-09	12	TV			373267
329948	ARIA The BENEDIZIONE	水星领航员 The BENEDIZIONE	2021-12-03	1	剧场版		304087	
330042	Solar Opposites Season 2	外星也难民 第二季	2021-03-26	8	WEB		306210	359770
330054	魔王学院の不適合者 ～史上最強の魔王の始祖、転生して子孫たちの学校へ通う～ Ⅱ	魔王学院的不适任者～史上最强的魔王始祖，转生就读子孙们的学校～ 第二季	2023-01-07	12	TV		292222	455981
330057	はたらく魔王さま！！	打工吧！！魔王大人	2022-07-14	12	TV		50814	403225
330179	万界神主 第三季		2021-03-17	48	WEB		298505	466769
330480	异世界中药铺 第二季		2021-04-27	60	WEB		282741	
330869	ベイブレードバースト ダイナマイトバトル	霸旋陀螺 爆刃对决 DB	2021-04-02	52	WEB		302136	549999
330886	末世觉醒之溯源 续篇		2021-04-13	13	WEB		306908	
330894	境界戦機	境界战机	2021-10-04	13	TV			363959
331033	ひぐらしのなく頃に 卒	寒蝉鸣泣之时 卒	2021-07-01	15	TV		297969	662606
331074	阿衰 第二季		2021-09-30	34	WEB		282995	331075
331075	阿衰 第三季		2020-07-11	34	WEB		331074	331076
331076	阿衰 第四季		2021-02-17	34	WEB		331075	339462
331164	半妖の夜叉姫 弐の章	半妖的夜叉姬 第二季	2021-10-02	24	TV		306193	
331200	灵笼:INCARNATION 终章		2021-05-01	2	WEB		291095	335160
331202	巴啦啦小魔仙之魔法海萤堡 第二季		2020-09-21	26	TV		267381	
331347	画江湖之轨夜行 下篇		2021-12-14	20	WEB		282738	
331479	Dr.STONE 龍水	石纪元 龙水	2022-07-10	1	TV		296261	363101
331489	映画 五等分の花嫁	电影 五等分的新娘	2022-05-20	1	剧场版		427233	492352
331559	劇場版 呪術廻戦 0	剧场版 咒术回战 0	2021-12-24	1	剧场版			294993
331646	Invincible	无敌少侠	2021-03-25	8	WEB			441139
331647	Paradise PD Season 2		2020-03-06	8	WEB		259037	331648
331648	Paradise PD Season 3	天堂镇警局 第三季	2021-03-12	12	WEB		331647	439374
331651	Jurassic World: Camp Cretaceous	侏罗纪世界：露营白垩纪	2020-09-18	8	WEB			335280
331652	劇場版 うたの☆プリンスさまっ♪ マジLOVEスターリッシュツアーズ	剧场版 歌之王子殿下 真爱之星	2022-09-02	1	剧场版		203863	471868
331692	ヴァニタスの手記	瓦尼塔斯的手记	2021-07-02	12	TV			338270
331725	魔法 (Official Video)	魔法	2021-03-28	1	MV			348126
331751	アイドリッシュセブン Third BEAT! 第2クール	IDOLiSH7-偶像星愿- Third BEAT! 第2部分	2022-10-02	17	TV		323960	534901
331752	進撃の巨人 The Final Season Part.2	进击的巨人 最终季 Part.2	2022-01-09	12	TV		285666	376739
331887	86―エイティシックス― 第2クール	86 -不存在的战区- 第2部分	2021-10-02	12	TV		302189	
331893	拾忆长安·明月几时有 贰		2021-04-15	12	WEB		294878	
331894	梦幻书院之科学小记者		2021-04-12	12	WEB		316183	388329
331935	ワンダーエッグ・プライオリティ 特別編	奇蛋物语 特别篇	2021-06-29	1	TV		316607	
331936	Rick and Morty Season 5	瑞克和莫蒂 第五季	2021-06-20	10	TV		246238	358934
331945	Star Wars: The Bad Batch	星球大战：残次品小队	2021-05-04	16	WEB		295039	362559
331946	RE:cycle of the PENGUINDRUM [前編] 君の列車は生存戦略	RE:cycle of the PENGUINDRUM [前篇] 你的列车是生存战略	2022-04-29	1	剧场版			379789
332133	風都探偵	风都侦探	2022-08-08	12	TV		501859	
332188	D5小队		2019-03-08	13	WEB			405806
332261	ジョジョの奇妙な冒険 ストーンオーシャン	JOJO的奇妙冒险 石之海	2022-01-07	12	TV		235128	375913
332291	万界独尊		2021-04-06	50	WEB			360140
332365	熊出没·重返地球		2022-02-01	1	剧场版		328074	400129
332402	太乙仙魔录之地煞万象		2021-05-16	12	WEB		282737	
332655	指先から本気の熱情2-恋人は消防士-	指尖传出的真挚热情2-恋人是消防员-	2021-07-04	8	TV	1	283272	
332696	極主夫道 パート2	极主夫道 Part 2	2021-10-07	5	WEB		317691	402740
332757	Peppa Pig season 2	小猪佩奇 第二季	2006-09-04	52	TV		219075	234371
332758	Peppa Pig season 4	小猪佩奇 第四季	2011-05-23	52	TV		234371	332760
332760	Peppa Pig season 5	小猪佩奇 第五季	2016-10-24	52	TV		332758	332761
332761	Peppa Pig season 6	小猪佩奇 第六季	2019-02-05	52	TV		332760	332762
332762	Peppa Pig season 7	小猪佩奇 第七季	2021-03-05	52	TV		332761	
332973	Animation vs. Minecraft	火柴人 VS 我的世界	2015-12-15	37			220989	
333033	妖怪ウォッチ♪	妖怪手表♪	2021-04-09	98	TV		279472	
333158	その着せ替え人形は恋をする	更衣人偶坠入爱河	2022-01-08	12	TV			398951
333258	映画ざんねんないきもの事典	电影 遗憾生物事典	2022-07-08	1	剧场版			366189
333260	映画 すみっコぐらし 青い月夜のまほうのコ	电影 角落小伙伴 蓝色月夜的魔法之子	2021-11-05	1	剧场版		274243	422904
333267	ざんねんないきもの事典	遗憾的进化	2018-08-06	25	TV			366189
333300	洛克王国大冒险		2013-08-20	52	TV			333301
333301	洛克王国大冒险2之恩佐日记		2014-04-29	52	TV		333300	333302
333302	洛克王国大冒险3八大徽章		2015-06-21	40	TV		333301	
333304	生肖传奇之十二生肖闯江湖	生肖传奇之十二生肖闯江湖		52	TV			130795
333379	开心超人联盟之机械堡奇遇记		2021-08-02	52	TV		320427	410023
333442	最果てのパラディン	世界尽头的圣骑士	2021-10-09	12	TV			363569
333448	骸骨騎士様、只今異世界へお出掛け中	骸骨骑士大人异世界冒险中	2022-04-07	12	TV			528828
333598	かぎなど	键等	2021-10-12	12	TV			363880
333623	ビルディバイド -#000000-	创之界限 -#000000-	2021-10-09	12	TV			333624
333624	ビルディバイド -#FFFFFF-	创之界限 -#FFFFFF-	2022-04-02	12	TV		333623	
333707	Love, Death & Robots Volume 3	爱、死亡 & 机器人 第三季	2022-05-20	9	WEB		284428	395855
333716	劇場版 抱かれたい男1位に脅されています。～スペイン編～	我让最想被拥抱的男人给威胁了。～西班牙篇～	2021-10-09	1	剧场版		241265	
333853	異世界食堂2	异世界食堂 第二季	2021-10-01	12	TV		192252	
333883	小美人鱼的奇幻冒险	小美人鱼的奇幻冒险	2021-04-17	1	剧场版			452045
334105	劇場版 魔法少女まどか☆マギカ〈ワルプルギスの廻天〉	剧场版 魔法少女小圆〈瓦尔普吉斯的回天〉	2026-08-28	1	剧场版		44693	
334190	The Hobbit	霍比特人	1977-11-27	1	TV			616567
334203	劇場版 Free!-the Final Stroke- 後編	剧场版 Free!-the Final Stroke- 后篇	2022-04-22	1	剧场版		271652	
334324	アネットさんとリリアナさん THE ANIMATION	安妮特与莉莉安娜 THE ANIMATION	2021-07-30	1	OVA	1	264357,293859	
334399	Jackie Chan Adventures Season 2	成龙历险记 第二季	2001-09-08	39	TV		39024	334400
334400	Jackie Chan Adventures Season 3	成龙历险记 第三季	2002-09-14	17	TV		334399	334401
334401	Jackie Chan Adventures Season 4	成龙历险记 第四季	2003-09-13	13	TV		334400	334402
334402	Jackie Chan Adventures Season 5	成龙历险记 第五季	2004-09-11	13	TV		334401	
334585	风姿物语银河篇（上）		2021-05-04	8	WEB			339915
334921	爆丸ジオガンライジング	爆丸7 Geogan Rising	2021-01-24	26	TV		303551	382137
335032	伍六七大电影			1	剧场版		329160	
335036	Arcane	英雄联盟：双城之战	2021-11-07	9	WEB			358801
335160	灵笼:INCARNATION 特别篇		2021-05-15	1	WEB		331200	336268
335225	古見さんは、コミュ症です。	古见同学有交流障碍症	2021-10-06	12	TV			363242
335276	Close Enough Season 1	脱序一家亲 第一季	2020-07-09	8	TV			335279
335279	Close Enough Season 2	脱序一家亲 第二季	2021-02-25	8	TV		335276	439378
335280	Jurassic World: Camp Cretaceous (Season 2)	侏罗纪世界：露营白垩纪 第二季	2021-01-22	8	WEB		331651	
335283	Libres!	自由的她们	2021-01-27	10	WEB			465899
335286	Memorias de Idhún (Season 1)	伊敦传奇 第一季	2020-09-10	5	TV			335321
335321	Memorias de Idhún (Season 2)	伊敦传奇 第二季	2021-01-08	5	WEB		335286	
335389	オーバーロードIV	OVERLORD 第四季	2022-07-05	13	TV		242170	335390
335390	劇場版 オーバーロード 聖王国編	剧场版 OVERLORD 圣王国篇	2024-09-20	1	剧场版		335389	
335502	ドラゴンボール超 スーパーヒーロー	龙珠超 超级英雄	2022-06-11	1	剧场版		240287	
335579	ラブライブ！虹ヶ咲学園スクールアイドル同好会 2期	Love Live! 虹咲学园校园偶像同好会 第二季	2022-04-02	13	TV		296659	408883
335584	22 vs. Earth	22大战地球	2021-04-30	1	WEB			285074
335671	Daria Season 2	拽妹黛薇儿 第二季	1998-02-16	13	TV		208355	335676
335676	Daria Season 3	拽妹黛薇儿 第三季	1999-02-17	13	TV		335671	335677
335677	Daria Season 4	拽妹黛薇儿 第四季	2000-02-25	13	TV		335676	341695
335678	Daria Season 5	拽妹黛薇儿 第五季	2001-02-19	13	TV		341695	341696
335725	Kipo and the Age of Wonderbeasts (Season 1)	奇波和神奇动物的时代 第一季	2020-01-14	10	WEB			335726
335726	Kipo and the Age of Wonderbeasts (Season 2)	奇波和神奇动物的时代 第二季	2020-06-12	10	WEB		335725	335728
335728	Kipo and the Age of Wonderbeasts (Season 3)	奇波和神奇动物的时代 第三季	2020-10-12	10	WEB		335726	
335729	Helluva Boss Season 1	极恶老大	2020-10-31	8	WEB			430298
336025	无上神帝 第二季		2021-05-21	64	WEB		306706	466773
336230	Big Mouth Season 1	大嘴巴 第一季	2017-09-29	10	TV			336231
336231	Big Mouth Season 2	大嘴巴 第二季	2018-10-05	10	TV		336230	336232
336232	Big Mouth Season 3	大嘴巴 第三季	2019-10-04	11	TV		336231	336233
336233	Big Mouth Season 4	大嘴巴 第四季	2020-12-04	10	TV		336232	336234
336234	Big Mouth Season 5	大嘴巴 第五季	2021-11-05	10	TV		336233	336235
336235	Big Mouth Season 6	大嘴巴 第六季	2022-10-28	10	TV		336234	455725
336268	灵笼 第二季	灵笼 第二季	2025-05-23	12	WEB		335160,558706	575219
336281	もっと！まじめにふまじめ かいけつゾロリ 第2シリーズ	更多！正经又不正经 怪侠佐罗利 第2系列	2021-04-02	25	TV		285762	353906
336340	吞噬星空 第二季		2021-12-29	26	WEB		244239	583978
336523	Fate/ゼロカフェ 第2弾	Fate/Zero cafe 第2弹	2016-03-19	1	剧场版		77552	
337274	劇場版アルゴナビス 流星のオブリガート	剧场版 ARGONAVIS 流星的obbligato	2021-11-19	1	剧场版			348384
337430	ルパン三世 PART6	鲁邦三世 PART6	2021-10-16	24	TV		219164	
337449	小狮子赛几		2021-03-24	52	WEB			414975
337454	赛尔号第1季：雷伊传说		2012-01-10	52	TV			463604
337456	摩尔庄园	摩尔庄园	2011-06-20	52	TV			463618
337459	アオアシ	青之芦苇	2022-04-09	24	TV			555605
337565	猪猪侠大电影·恐龙日记		2021-05-01	1	剧场版		282434	384767
337586	機動戦士ガンダムSEED FREEDOM	机动战士高达SEED FREEDOM	2024-01-26	1	剧场版		1861,54277,522411	
337697	Jurassic World: Camp Cretaceous (Season 3)	侏罗纪世界：露营白垩纪 第三季	2021-05-21	10	WEB			520515
337771	Monsters at Work	工作怪兽	2021-07-07	10	WEB			441144
337810	Miraculous Ladybug Season 4	瓢虫雷迪 第四季	2021-04-11	26	TV		270413	477747
337814	百鬼幼儿园 第四季		2021-05-28	12	WEB		306767	
338150	神達に拾われた男2	被神捡到的男人 第二季	2023-01-08	12	TV		300685	
338201	闇芝居 第9期	暗芝居 第九季	2021-07-11	13	TV		321092	362733
338261	映画おしりたんてい スフーレ島のひみつ	电影屁屁侦探 舒芙蕾岛的秘密	2021-08-13	1	剧场版		341389	366217
338262	深海のサバイバル！		2021-08-13	1	剧场版		318411	
338270	ヴァニタスの手記 第2クール	瓦尼塔斯的手记 第2部分	2022-01-14	12	TV		331692	
338353	POKÉTOON	POKÉTOON动画系列	2020-06-05	8	WEB			513788
338371	おそ松さん ～ヒピポ族と輝く果実～	阿松 ～希皮波族与闪耀的果实～	2022-07-08	1	剧场版		257740	338372
338372	おそ松さん～魂のたこ焼きパーティーと伝説のお泊り会～	阿松～魂之章鱼烧派对与传说的留宿～	2023-07-21	1	剧场版		338371	
338400	BanG Dream! ガルパ☆ピコ ふぃーばー！	BanG Dream! 少女乐团派对！☆PICO FEVER！	2021-10-07	26	WEB		296295	540449
338424	雄狮少年	雄狮少年	2021-12-17	1	剧场版			422351
338802	令和のデ・ジ・キャラット	令和的Di Gi Charat	2022-10-07	16	TV		38072	
339213	我是大神仙 第三季		2024-10-28	16	WEB		329227	
339462	阿衰 第五季		2021-06-12	34	WEB		331076	370350
339466	肥志百科 第3季	肥志百科 第3季	2021-07-24	12	WEB		324269	349644
339515	幼女戦記Ⅱ	幼女战记 第二季	2026-07-08	12	TV		234771	
339533	幼女戦記 砂漠のパスタ大作戦	幼女战记 沙漠意面大作战	2021-06-19	1	OVA			234771
339619	Transformers: War for Cybertron Season 2	变形金刚：赛博坦之战 第二季	2020-12-30	6	WEB		301156	339620
339620	Transformers: War for Cybertron Season 3	变形金刚：赛博坦之战 第三季	2021-07-29	6	WEB		339619	
339665	中国传媒大学2013级 动画专业毕业创作展		2017-06-13	31	短片			564891
339679	Batman: The Long Halloween, Part One	蝙蝠侠：漫长的万圣节（上）	2021-06-22	1	OVA			345628
339694	やくならマグカップも 二番窯	如果烧陶的话也做个马克杯吧 二番窑	2021-10-01	12	TV		311615	
339708	万界仙踪 第五季	万界仙踪 第五季	2021-06-28	112	WEB		314522	466775
339710	Винни-Пух	小熊维尼		1	剧场版			347800
339904	ワッチャプリマジ！	哇恰美妙魔法！	2021-10-03	51	TV			468758
339915	风姿物语银河篇（下）		2021-07-27	12	WEB		334585	402009
339916	映画 バクテン!!	电影 后空翻!!	2022-07-02	1	剧场版		318541	
339977	ビックリマン2000	仙魔大战2000	1999-11-01	52	TV		134971	293624
339998	マギアレコード 魔法少女まどか☆マギカ外伝 Final SEASON ‐浅き夢の暁‐	魔法纪录 魔法少女小圆外传 Final SEASON -浅梦的黎明-	2022-04-03	4	TV		302875	
340263	成何体统		2024-06-14	24	WEB			521431
340288	ストライク・ザ・ブラッドFINAL	噬血狂袭 最终季	2022-03-30	4	OVA		292073	
340526	画江湖之换世门生 第二季	画江湖之换世门生 第二季	2021-05-12	21	TV		222914	
340677	真・一騎当千	真·一骑当千	2022-05-17	3	TV		262276	
340821	李林克的小馆儿 第二季		2023-01-30	10	WEB		320222	
340825	美遊ムービーズ2	美游动画2	2021-07-08	2		1	303868	
340837	Star Wars: Visions	星球大战：幻境	2021-09-22	9	WEB			385455
340842	ロード・エルメロイⅡ世の事件簿 -魔眼蒐集列車 特別編	君主·埃尔梅罗二世事件簿 魔眼收集列车 特别篇	2021-12-31	1	TV		267732	
340851	如果历史是一群喵 隋唐风云篇		2021-10-17	12	WEB		323874	376674
340866	The Boss Baby: Family Business	宝贝老板2	2021-07-02	1	剧场版		208044	
340867	SK∞ エスケーエイト 第2期	无限滑板 第2期			TV		315456	
340938	万域封神		2021-12-28	52	WEB			620766
340940	吃鸡大作战 第4季		2021-07-03	24	WEB		311778	
340998	勇者動畫系列	勇者动画系列	2021-07-04	6	TV			506109
341131	ふたりはプリキュア Max Heart 総集編 ～ありがとう＆あいしてる 2021edition～	光之美少女 Max Heart 总集篇 ～谢谢&我爱你 2021版～	2021-06-16	6	OVA		299802	
341139	BEASTARS FINAL SEASON Part1	动物狂想曲 最终季 第一部分	2024-12-05	12	WEB		297224	485990
341141	デジモンアドベンチャー02 THE BEGINNING	数码宝贝02：最初的召唤	2023-10-27	1	剧场版		3129,255547	
341163	ブルーロック	蓝色监狱	2022-10-08	24	TV			426123
341168	ぐんまちゃん	群马酱	2021-10-03	13	TV			418484
341275	手机里的浣熊小镇 第二季		2021-10-29	26	WEB		325866	
341311	时光代理人 第二季	时光代理人 第二季	2023-07-14	12	WEB		320224	555710
341352	おしりたんてい カレーなる じけん	屁屁侦探 咖哩香料事件	2019-04-26	1	剧场版			341389
341360	非人哉 Part.6	非人哉 85-96集	2021-07-21	12	WEB		328512	393947
341383	攻殻機動隊 SAC_2045 持続可能戦争	攻壳机动队 SAC_2045 永续战争	2021-11-12	1	剧场版			425994
341389	おしりたんてい テントウムシいせきの なぞ	屁屁侦探 瓢虫遗迹之谜	2020-08-14	1	剧场版		341352	338261
341513	Obey Me!		2021-07-16	12	WEB			392661
341657	怪盗クイーンはサーカスがお好き	怪盗皇后喜欢马戏团	2022-06-17	1	剧场版			461307
341695	Is It Fall Yet?		2000-08-27	1	剧场版		335677	335678
341696	Is It College Yet?		2002-01-21	1	剧场版		335678	
341937	DOTA: Dragon's Blood Season 2	刀塔：龙之血 第二季	2022-01-18	8	WEB		328466	386949
342667	この素晴らしい世界に祝福を！3	为美好的世界献上祝福！第三季	2024-04-10	11	TV		220631	544024
343125	メガトン級ムサシ	百万吨级武藏	2021-10-01	13	TV			361290
343136	一念永恒 第二季		2022-07-20	54	WEB		244226	445375
343182	我的三体 第四季		2024-07-14	9	WEB		246001	
343183	画江湖之不良人Ⅴ	画江湖之不良人 第五季	2022-01-20	12	WEB		313937	367712
343184	雪鹰领主 第三季		2021-12-27	26	WEB		312435	
343186	墓王之王 水无痕				WEB		277541	
343187	斗破苍穹 特别篇3 三年之约		2021-10-31	13	WEB		291650	345781
343244	喜羊羊与灰太狼之决战次时代		2021-07-09	60	TV		327568,328080	384723
343589	The Owl House season 2	猫头鹰魔法社 第二季	2021-06-12	21	TV		313213	413594
343656	阿波連さんははかれない	测不准的阿波连同学	2022-04-01	12	TV			506922
343986	贝肯熊2：金牌特工	贝肯熊2：金牌特工	2021-07-23	1	剧场版		201944	
343996	とーとつにエジプト神２	埃及神明们的日常 第二季	2023-01-10	10	WEB		304150	
344492	天宝伏妖录 第三季				WEB		320217	
344605	Bigfoot Junior	我的爸爸是森林之王	2017-07-26	1	剧场版			344606
344606	Bigfoot Family	我的爸爸是森林之王2	2020-08-05	1	剧场版		344605	
344748	三毛从军记	三毛从军记		13	TV		148319	
345056	セリア先生のわくわくまじかる教室	瑟莉亚老师的激动人心魔法教室	2021-05-25	18	WEB			448950
345628	Batman: The Long Halloween, Part Two	蝙蝠侠：漫长的万圣节（下）	2021-07-27	1	OVA		339679	
345761	狐妖小红娘 无暮篇	狐妖小红娘11 无暮篇	2023-06-24	12	WEB		328707	449344
345762	恶魔法则	恶魔法则	2023-09-29	24	WEB			555748
345768	遮天 第一季 缘起	遮天	2023-05-03	53	WEB			489334
345771	しょうたいむ！～歌のお姉さんだってしたい	Show Time！唱歌的大姐姐也想做	2021-10-03	8	TV	1		359059
345781	斗破苍穹之迦南学院	斗破苍穹 年番	2022-07-31	52	WEB		343187	443867
345784	斗破苍穹 缘起		2022-07-17	3	WEB			212361
345788	风雨廊桥2昆仑摩勒	风雨廊桥 昆仑摩勒	2024-07-21	1	WEB		307995	434425
345802	仙逆	仙逆	2023-09-25	24	WEB			481211
345803	斗罗大陆Ⅱ绝世唐门	斗罗大陆2绝世唐门	2023-06-24	182	WEB		407017	
345804	全职法师Ⅵ	全职法师 第六季	2023-06-02	12	WEB		309838	507822
345805	快把我哥带走5	快把我哥带走5	2022-06-29	12	WEB		311978	
345806	全职高手3	全职高手 第三季	2024-05-31	17	WEB		217235	577158
345807	西行纪之重生篇		2022-06-01	12	WEB		299263	395284
345808	星辰变 第四季	星辰变 第四季	2022-01-23	16	WEB		307982	379023
345809	万圣街 第三季	万圣街 第三季	2022-01-26	12	WEB		312314	440072
345810	眷思量 第二季		2024-06-01	15	WEB		286339	487854
345811	完美世界 第二季	完美世界 第二季	2021-10-08	52	WEB		244224	403251
345812	枕刀歌2：将军卸印	枕刀歌之将军卸印	2023-12-05	14	WEB		328514	432776
345813	山河剑心 第二季	山河剑心 第二季			WEB		244231	
345814	穿书自救指南 仙盟篇	穿书自救指南 仙盟篇			WEB		244229	
345816	剑道第一仙	剑道第一仙	2022-06-20	20	WEB			497688
345824	诡秘之主 小丑篇	诡秘之主 小丑篇	2025-06-28	13	WEB			577227
345825	剑来	剑来	2024-08-15	26	WEB			520300
345826	元尊	元尊	2024-05-30	26	WEB			554293
345827	修罗武神	修罗武神	2023-09-26	16	WEB			542324
345831	狂王	狂王	2024-02-28	9	WEB			576783
345833	人间最得意	人间最得意	2021-10-27	60	WEB			525800
345836	武双姝	武双姝	2023-11-01	12	WEB			463589
345868	开局一座山	开局一座山	2022-04-15	12	WEB			449349
345889	左手上篮		2023-02-02	8	WEB			449393
345891	星骸骑士之星火重燃		2022-01-01	1	WEB		328028	365331
345892	镜·双城		2021-11-15	18	WEB		286358	
345972	What If...? Season 2	假如…？ 第二季	2023-12-22	9	WEB		286963	465709
346077	My Little Pony: A New Generation	小马宝莉：新世代	2021-09-24	1	WEB			416736
346426	治癒魔法の間違った使い方	治愈魔法的错误使用方法	2024-01-05	13	TV			506957
346429	白色闪电	白色闪电	2024-07-20	6	WEB			672995
346982	終末のワルキューレⅡ 前編	终末的女武神Ⅱ 前篇	2023-01-26	10	WEB		322900	425937
347191	Fate/kaleid liner プリズマ☆イリヤ FINALE	Fate/kaleid liner 魔法少女☆伊莉雅 FINALE			TV		306971	
347340	Gargoyles Season 2	夜行神龙 第二季	1995-09-04	52	TV		8199	347364
347364	Gargoyles: The Goliath Chronicles	夜行神龙 第三季	1996-09-07	13	TV		347340	
347693	Star Trek: Lower Decks Season 2	星际迷航：下层舰员 第二季	2021-08-12	10	WEB		314041	396699
347800	Винни-Пух идёт в гости	小熊维尼去做客	1971-07-10	1	剧场版		339710	516844
347804	チキップダンサーズ	小鸡舞者	2021-10-05	26	TV			396487
347843	Dug Days	小逗的日子	2021-09-01	5	WEB		11602	439523
347887	からかい上手の高木さん③	擅长捉弄的高木同学 第三季	2022-01-07	12	TV		271151	347888
347888	劇場版 からかい上手の高木さん	擅长捉弄的高木同学 剧场版	2022-06-10	1	剧场版		347887	
348126	シオン (Official Video)	紫苑	2021-09-01	1	MV		331725	
348128	不滅のあなたへ Season 2	致不灭的你 第二季	2022-10-23	20	TV		297954	424242
348240	凡人修仙传 年番		2021-11-14	51	WEB		320242	445681
348358	アイドルマスター シンデレラガールズ スターライトステージ 6周年記念！「星環世界」アニメPV	偶像大师 灰姑娘女孩 星光舞台 6周年纪念「星环世界」动画PV	2021-09-03	1	WEB		314253	
348376	乙女はお姉さまに恋してる～3つのきら星～	少女爱上姐姐～三颗闪耀之星～	2022-01-28	1	OVA		3828,10457	
348384	劇場版アルゴナビス AXIA	剧场版ARGONAVIS AXIA	2023-03-24	1	剧场版		294202,337274	
348537	枕刀歌 特别篇	枕刀歌 特别篇	2021-09-30	2	WEB		328514	
348699	魔入りました！入間くん 第3シリーズ	入间同学入魔了 第三季	2022-10-08	21	TV		301740	524486
349032	鬼滅の刃 浅草編	鬼灭之刃 浅草篇	2021-09-12	1	TV		294137	349033
349033	鬼滅の刃 鼓屋敷編	鬼灭之刃 鼓屋敷篇	2021-09-18	1	TV		349032	317002
349063	The Spectacular Spider-Man Season 1	神奇蜘蛛侠 第一季	2008-03-08	13	TV			349064
349064	The Spectacular Spider-Man Season 2	神奇蜘蛛侠 第二季	2009-06-22	13	TV		349063	
349067	Spider-Man and His Amazing Friends Season 1	蜘蛛侠和他的神奇朋友们 第一季	1981-09-12	13	TV			349068
349068	Spider-Man and His Amazing Friends Season 2	蜘蛛侠和他的神奇朋友们 第二季	1982-09-18	3	TV		349067	349069
349069	Spider-Man and His Amazing Friends Season 3	蜘蛛侠和他的神奇朋友们 第三季	1983-09-17	8	TV		349068	
349072	Lion Force Voltron	战神金刚	1984-09-10	52	TV			349073,349074,349076
349073	Vehicle Team Voltron	战神金刚 第二季	1984-12-14	52	TV		349072	349075
349074	Lion Force Voltron Part II	战神金刚 第三季	1985-10-21	20	TV		349072	
349075	Voltron: Fleet of Doom	战神金刚：末日舰队	1986-09-10	1	OVA		349073	
349076	Voltron: The Third Dimension	星际争霸战	1998-09-12	26	TV		349072	
349084	シャドーハウス 2nd Season	影宅 第二季	2022-07-08	12	TV		316957	
349093	FAIRY TAIL 100年クエスト	妖精的尾巴 百年任务	2024-07-07	25	TV		174186	
349223	劇場版 乙女ゲームの破滅フラグしかない悪役令嬢に転生してしまった...	剧场版 转生成为了只有乙女游戏破灭Flag的邪恶大小姐	2023-12-08	1	剧场版		309056	
349227	Tom and Jerry in New York	猫和老鼠在纽约	2021-07-01	7	WEB		169850	441862
349319	死神坊ちゃんと黒メイド 第2期	死神少爷与黑女仆 第二季	2023-07-09	12	TV		327055	455835
349387	カードファイト!! ヴァンガード overDress Season2	卡片战斗先导者overDress 第二季	2021-10-04	13	TV		327772	349388
349388	カードファイト!! ヴァンガード will+Dress	卡片战斗先导者 will+Dress	2022-07-04	13	TV		349387	349389
349389	カードファイト!! ヴァンガード will+Dress Season2	卡片战斗先导者 will+Dress 第二季	2023-01-14	12	TV		349388	402835
349441	機動戦士ガンダム 水星の魔女	机动战士高达 水星的魔女	2022-10-02	12	TV		391706	403238
349616	月曜日のたわわ2	星期一的丰满 第二季	2021-09-20	12	WEB		194877	
349644	肥志百科 第4季	肥志百科 第4季	2021-10-30	12	WEB		339466	376675
350185	劇場版 転生したらスライムだった件 紅蓮の絆編	剧场版 关于我转生变成史莱姆这档事 红莲之绊篇	2022-11-25	1	剧场版		421174	515595
350224	転生したら剣でした	转生就是剑	2022-10-05	12	TV			412008
350235	月が導く異世界道中 第二幕	月光下的异世界之旅 第二幕	2024-01-08	25	TV		317275	501044
350613	宇宙护卫队之钢甲霸王龙		2021-09-06	52	TV		429335	429337
350764	鬼滅の刃 無限列車編	鬼灭之刃 无限列车篇	2021-10-10	7	TV		245665,322102	328195,422759
350771	現実主義勇者の王国再建記 第二部	现实主义勇者的王国再建记 第二部	2022-01-08	13	TV		304319	
350795	百妖谱·京师篇		2022-07-25	12	WEB		320215	405211
350796	アグレッシブ烈子 シーズン4	职场小烈 第四季	2021-12-16	10	WEB		288274	402657
350880	喜羊羊与灰太狼之筐出未来		2022-02-01	1	剧场版		327568	656156
350946	中华小岳云	中华小岳云		52	TV			551613
351112	宇宙の法―エローヒム編―	宇宙之法 伊罗兴篇	2021-10-08	1	剧场版		264127	
351122	邪王追妻之神女归来		2021-09-29	16	WEB		315263	
351253	超次元ゲイム ネプテューヌ THE ANIMATION ～ねぷねぷだらけの感謝祭～	超次元游戏 海王星 ～充满涅普涅普的感谢祭～	2022-10-26	1	OVA		279365	383525
351283	没出息的阴阳师一家3	没出息的阴阳师一家3	2021-09-30	12	WEB		309304	
351349	キミと僕の最後の戦場、あるいは世界が始まる聖戦 Season II	你与我最后的战场，亦或是世界起始的圣战 第二季	2024-07-10	12	TV		292273	
351373	シュガーアップル・フェアリーテイル	银砂糖师与黑妖精	2023-01-06	12	TV			425916
351389	Lastman Heroes	拳馆英雄 一众英雄	2022-10-28	6	TV		197260	
351719	老鹰抓小鸡	老鹰抓小鸡	2021-10-01	1	剧场版			446295
351897	デジモンクロスウォーズ〜悪のデスジェネラルと七つの王国〜	数码宝贝合体战争～邪恶的死亡指挥官与七个王国～	2011-04-03	24	TV		4631	22507
351917	放課後ポニーテール	放学后的马尾辫	2021-06-19	2		1		375082
351921	ママホリック～魅惑のママと甘々カンケイ～ THE ANIMATION		2021-11-26	2	OVA		289860	
351943	シャドウバースF	影之诗F	2022-04-02	50	TV		292298	425969
352153	萌妻食神之再结良缘		2021-10-09	12	WEB		221021	358735
352184	时光照相馆的日常	时光照相馆的日常	2021-10-10	18	WEB			629167
352336	新テニスの王子様 U-17 WORLD CUP	新网球王子 U-17 世界杯	2022-07-06	13	TV		103809	439197
352777	ディズニー ツイステッドワンダーランド ザ アニメーション エピソード オブ ハーツラビュル	迪士尼 扭曲仙境 EPISODE of HEARTSLABYUL	2025-10-29	8	WEB			524988
352905	宇宙戦艦ヤマト2205 新たなる旅立ち 後章 -STASHA-	宇宙战舰大和号2205 新的旅程 后篇 -STASHA-	2022-02-04	4	剧场版		319390	366256
352950	The Loud House Season 2	喧闹一家亲 第二季	2016-11-09	26	TV		193267	354327
353181	ゾンビランドサガ ゆめぎんがパラダイス	佐贺偶像是传奇 梦想银河乐园	2025-10-24	1	剧场版		287488	
353266	キングダム 第4シリーズ	王者天下 第四季	2022-04-09	26	TV		294288	403503
353605	モブサイコ100 Ⅲ	灵能百分百 第三季	2022-10-05	12	TV		240760	
353645	ポプテピピック 再放送(リミックス版)	pop子和pipi美的日常 再放送	2021-10-09	12	TV			363600
353655	Mr. Pickles Season 4	腌黄瓜先生 第四季	2019-11-17	1	TV		241326	
353748	Young Justice Season 4: Phantoms	少年正义联盟 幻影	2021-10-16	26	TV		197417	
353906	もっと！まじめにふまじめ かいけつゾロリ 第3シリーズ	更多！正经又不正经 怪侠佐罗利 第3系列	2022-04-06	25	TV		336281	
353928	続・王女＆女騎士Wド下品露出		2021-10-15	2	OVA	1	313829	
354026	Inside Job Season 1 Part.1	阴谋办公室 第一季 Part.1	2021-10-22	10	WEB			406514
354042	イジらないで、長瀞さん 2nd Attack	不要欺负我，长瀞同学 二次攻击	2023-01-07	12	TV		309753	
354146	ラブライブ！スーパースター!! 2期	Love Live! Superstar!! 第二季	2022-07-17	12	TV		306742	404480
354190	アークナイツ【黎明前奏/PRELUDE TO DAWN】	明日方舟：黎明前奏	2022-10-28	8	TV			411268
354327	The Loud House Season 3	喧闹一家亲 第三季	2018-01-19	26	TV		352950	357466
354682	BIRDIE WING -Golf Girls' Story-	小鸟之翼 高尔夫少女	2022-04-05	13	TV			389998
354700	ちいかわ	吉伊卡哇	2022-04-04	257	TV			569138
354778	ちみキャラ劇場 4コマ!調査兵団ファイナル	进击的巨人 Q版剧场 四格!调查兵团final	2021-07-07	16	OVA		285061	
354780	バトルスピリッツミラージュ	战斗之魂 幻影	2021-10-29	4	WEB		299139	
355004	劇場版 ソードアート・オンライン プログレッシブ 冥き夕闇のスケルツォ	剧场版 刀剑神域 进击篇 黯淡黄昏的谐谑曲	2022-10-22	1	剧场版		315375	
355470	少年歌行 风花雪月篇 下部		2022-01-26	16	WEB		283782	403696,414005
355796	Star Trek Prodigy	星际迷航 神童	2021-10-28	20	WEB			500678
355798	トニカクカワイイ 第2期	总之就是非常可爱 第二季	2023-04-07	12	TV		301541	441233
355802	吸血鬼すぐ死ぬ2	吸血鬼马上死 第二季	2023-01-09	12	TV		305579	
355803	精霊幻想記2	精灵幻想记 第二季	2024-10-07	12	TV		320851	708829
356413	文豪ストレイドッグス 第4シーズン	文豪野犬 第四季	2023-01-04	13	TV		254762	426815
356474	FINAL FANTASY VII ADVENT CHILDREN COMPLETE	最终幻想7：降临之子 完全版	2009-04-16	1	OVA		20117	
356529	和女儿的日常 第三季	和女儿的日常 第三季	2018-10-09	18	TV		211228	
356658	賭ケグルイ双	狂赌之渊 双	2022-08-04	6	WEB			209408
356670	七つの大罪 怨嗟のエジンバラ 前編	七大罪 怨嗟的爱丁堡 前篇	2022-12-20	1	WEB		302639	446249
356774	よふかしのうた	彻夜之歌	2022-07-07	13	TV			484623
356793	ピーター・グリルと賢者の時間 Super Extra	彼得·格里尔的贤者时间 Super Extra	2022-10-09	12	TV		291195	
356976	斗罗大陆 第五季	斗罗大陆 第五季	2021-11-20	52	WEB		307088	407787
357210	もののがたり	物之古物奇谭	2023-01-09	12	TV			426531
357466	The Loud House Season 4	喧闹一家亲 第四季	2019-05-27	26	TV		354327	465903
357754	シュート！Goal to the Future	足球风云 通往未来的一球	2022-07-02	13	TV		32488	
357961	スキップとローファー	跃动青春	2023-04-04	12	TV			529367
357962	魔都精兵のスレイブ	魔都精兵的奴隶	2024-01-04	12	TV			486054
358514	ガル学。II～Lucky Stars～	GIRL学。Ⅱ～Lucky Stars～	2022-01-10	10	TV		301476	
358555	红荒 第二季	红荒 第二季			WEB		294868	
358557	第一序列	第一序列	2023-07-19	16	WEB			461585
358570	风灵玉秀 第二章		2023-07-02	12	WEB		212333	454033
358571	君有云		2022-04-21	24	WEB			402358
358573	胶囊计划		2022-09-16	12	WEB			406466
358638	龙蛇演义		2022-01-28	16	WEB			406521
358648	元龙 第三季		2022-11-24	16	WEB		320219	
358660	中国奇谭	中国奇谭	2023-01-01	8	WEB			423036
358663	兵主奇魂 第一季（上）		2022-01-04	12	WEB			415749
358666	长剑风云 第二季		2023-04-26	10	WEB		307288	
358668	赘婿		2023-04-23	12	WEB			456166
358689	两不疑 第二季		2022-10-26	24	WEB		294864	
358692	靠你啦！战神系统		2022-07-27	16	WEB			406863
358724	食草老龙被冠以恶龙之名	食草老龙被冠以恶龙之名	2022-07-30	12	WEB			456164
358735	萌妻食神之欢喜追婚		2022-07-05	12	WEB		352153	
358741	有兽焉		2023-04-14	12	WEB			442553
358742	仙王的日常生活 第三季		2022-10-02	12	WEB		320218	405214
358753	小魔头暴露啦！		2022-01-15	13	WEB			376666
358769	无脑魔女	无脑魔女	2023-07-04	15	WEB			448623
358801	Arcane Season 2	英雄联盟：双城之战 第二季	2024-11-09	9	WEB		335036	
358909	あんさんぶるスターズ！！-Road to Show!!-	偶像梦幻祭！！-Road to Show!!-	2022-03-04	1	剧场版		159159	
358934	Rick and Morty Season 6	瑞克和莫蒂 第六季	2022-09-04	10	TV		331936	441140
359059	しょうたいむ！～歌のお姉さんだってしたい 第2期	Show Time！唱歌的大姐姐也想做 第二季	2023-01-08	8	TV	1	345771	
359527	八十亀ちゃんかんさつにっき 4さつめ	八十龟酱观察日记 第四册	2022-04-09	10	TV		315804	
359768	A Very Solar Holiday Opposites Special	外星也难民：圣诞特别篇	2021-11-22	1	WEB			442518
359770	Solar Opposites Season 3	外星也难民 第三季	2022-07-13	11	WEB		330042	359771
359771	Solar Opposites Season 4	外星也难民 第四季	2023-08-14	11	WEB		359770	458225
359930	名探偵コナン ハロウィンの花嫁	名侦探柯南 万圣节的新娘	2022-04-15	1	剧场版		295318	407515
359980	乙女ゲー世界はモブに厳しい世界です	恋爱游戏世界对路人角色很不友好	2022-04-03	12	TV			412144
360077	妖神记 第五季		2021-10-30	52	WEB		277163	405302
360080	狂神魔尊 第二季				WEB		324476	
360121	悪魔くん	恶魔君	2023-11-09	12	WEB		213111	
360140	万界独尊 第二季		2022-08-16	224	WEB		332291	577150
360361	New Glass the movie		2017-10-14	1		1	321215	
360499	エロリーマン	好色上班族	2022-02-25	4	OVA	1		393586
360715	Hit-Monkey	杀手猴	2021-11-17	10	TV			502219
360756	Timmy Time: Season 2	咪咪羊：第二季	2010-05-17	26	TV		360757	
360757	Timmy Time: Season 1	咪咪羊：第一季	2009-04-06	26	TV			360756
360773	一人之下5 决战！碧游村		2022-12-09	12	WEB		312310	507819
360783	東京リベンジャーズ 聖夜決戦編	东京复仇者 圣夜决战篇	2023-01-07	13	TV		308936	427329
361027	Hilda and the Mountain King	希尔达与山丘之王	2021-12-30	1	WEB		322518	455340
361095	ゴールデンカムイ 第4期	黄金神威 第四季	2022-10-03	13	TV		285901	443106
361110	弱虫ペダル LIMIT BREAK	飙速宅男 突破极限	2022-10-08	25	TV		217629	
361290	メガトン級ムサシ シーズン2	百万吨级武藏 第二季	2022-10-07	15	TV		343125,386549,406772	
361384	銀河英雄伝説 Die Neue These 激突 第2章	银河英雄传说 Die Neue These 激突 第2章	2022-04-01	4	剧场版		315026	361385
361385	銀河英雄伝説 Die Neue These 激突 第3章	银河英雄传说 Die Neue These 激突 第3章	2022-05-13	4	剧场版		361384	381839
361425	冰火魔厨		2021-12-11	52	WEB			395441
361697	クレヨンしんちゃん もののけニンジャ珍風伝	蜡笔小新：幽灵忍者珍风传	2022-04-22	1	剧场版		322449	410418
362101	タイトファンタジー2		2021-12-04	2		1	307869	
362335	グリッドマン ユニバース	古立特宇宙	2023-03-24	1	剧场版		218712,296367	
362559	Star Wars: The Bad Batch Season 2	星球大战：残次品小队 第二季	2023-01-04	16	WEB		331945	454237
362733	闇芝居 第10期	暗芝居 第十季	2022-01-09	13	TV		338201	432751
363037	超★痴女メイド！ [DVD Edition]		2016-05-27	1		1		363039
363039	超★痴女メイド！2 ［DVD Edition］		2017-08-25	1		1	363037	
363041	僕が愛したすべての君へ	致我深爱的每个你	2022-10-07	1	剧场版		363042	
363042	君を愛したひとりの僕へ	致深爱你的那个我	2022-10-07	1	剧场版			363041
363101	Dr.STONE NEW WORLD	石纪元 新世界	2023-04-06	11	TV		331479	424372
363102	るろうに剣心 －明治剣客浪漫譚－	浪客剑心 －明治剑客浪漫谭－	2023-07-06	24	TV			470599
363191	四季童年	四季童年	2023-12-15	1	剧场版			578008
363242	古見さんは、コミュ症です。2期	古见同学有交流障碍症 第二季	2022-04-06	12	TV		335225	
363263	マブラヴ オルタネイティヴ 第2期	Muv-Luv Alternative 第二季	2022-10-05	12	TV		293532	
363285	Sing 2	欢乐好声音2	2021-12-22	1	剧场版		183590	
363286	Spirit Untamed	奔驰吧！小马王	2021-06-04	1	剧场版		39503,498930	
363287	摇滚藏獒：蓝色光芒	摇滚藏獒：蓝色光芒	2021-06-11	1	剧场版		180137	422678
363288	The Addams Family 2	亚当斯一家2	2021-10-01	1	剧场版		299554	
363309	地球外少年少女 後編	地球外少年少女 后篇	2022-02-11	3	剧场版		247182	
363400	Gon的旱獭之獭獭突然想到 第二季		2022-01-11	12	WEB		309899	
363401	阴阳师·平安物语 第3季		2022-01-25	12	WEB		284819	
363569	最果てのパラディン 鉄錆の山の王	世界尽头的圣骑士 铁锈之山的君王	2023-10-07	12	TV		333442	
363600	ポプテピピック TVアニメーション作品第二シリーズ	pop子和pipi美的日常 第二季	2022-10-01	12	TV		212279,353645	
363801	蒼穹のファフナー BEHIND THE LINE	苍穹之法芙娜 BEHIND THE LINE	2023-05-17	1	OVA		14109	60901
363810	斗魂卫之玄月奇缘 V		2021-12-28	13	WEB		306737	
363854	Paw Patrol: The Movie	汪汪队立大功大电影	2021-08-20	1	剧场版			441028
363880	かぎなど シーズン2	键等 第二季	2022-04-12	12	TV		333598	
363948	The Land Before Time II: The Great Valley Adventure		1994-12-13	1	剧场版		113262	
363959	境界戦機 第二部	境界战机 第二部	2022-04-11	12	TV		330894	
364252	MFゴースト	极速车魂	2023-09-30	12	TV			470738
364450	リコリス・リコイル	莉可丽丝	2022-07-02	13	TV			419872
364468	うる星やつら	福星小子	2022-10-13	23	TV			413635
364522	魔法科高校の劣等生 第3シーズン	魔法科高校的劣等生 第三季	2024-04-05	13	TV		329436	501729
364543	Junk Head		2021-03-26	1	剧场版		542812	
364822	お隣の天使様にいつの間にか駄目人間にされていた件	关于邻家的天使大人不知不觉把我惯成了废人这档子事	2023-01-07	12	TV			458684
364844	スライム倒して300年、知らないうちにレベルMAXになってました ～そのに～	打了300年的史莱姆，不知不觉就练到了满级 第二季	2025-04-05	12	TV		292969	
364856	真武巅峰		2021-12-24	40	WEB			403736
364857	剑域风云		2021-11-28	40	WEB			403734
364859	九天玄帝诀		2021-08-16	40	WEB			385706
364862	星学院之明日传说		2021-10-01	26	WEB		247808	
364864	时间囚徒		2021-10-03	12	WEB			378475
364932	デリシャスパーティ♡プリキュア	美味派对♡光之美少女	2022-02-06	45	TV		320857	409323
364996	Adventure Time: Fionna & Cake Season 1	探险时光：菲奥娜与蛋糕 第一季	2023-08-31	10	WEB		323433	469280
365297	じゃんたま PONG☆	雀魂 PONG☆	2022-04-08	11	TV			473805
365331	星骸骑士 第二季				WEB		345891	
365439	龙隐于雪		2022-01-12	3	WEB			467714
365572	弱キャラ友崎くん 2nd STAGE	弱角友崎同学 第二季	2024-01-03	13	TV		292527	
365702	Avatar:Republic City Hustle		2013-08-09	3	WEB			10599
365705	特『刀剣乱舞-花丸-』～雪月華～月ノ巻	特『刀剑乱舞-花丸-』～雪月花～月之卷	2022-07-08	1	剧场版		328197	365706
365706	特『刀剣乱舞-花丸-』～雪月華～華ノ巻	特『刀剑乱舞-花丸-』～雪月花～花之卷	2022-09-01	1	剧场版		365705	
365726	大鱼海棠贰	大鱼海棠2		1	剧场版		14830	459469
365727	大护法2			1	剧场版		186620	
365782	Hotel Transylvania 4: Transformania	精灵旅社4：变身大冒险	2022-01-14	1	剧场版		178606	668349
365784	淫中毒者キモオヤジ3ー2人できょうりょく・討伐性交ー		2020-07-17	1		1	365805	
365796	ガチロリマグワイ2～クールロリちゃんとキモおじさんのパコハメハーモニー～		2019-11-29	1		1	304831	
365805	淫中毒者キモオヤジ2ー快酔欲嬢ー		2019-04-26	2		1	281468	365784
365827	The Ghost and Molly McGee	幽灵与莫莉	2021-10-01	20	TV			626164
365856	わしも-wasimo- 第9シリーズ	WASIMO 第九季	2021-03-30	40	TV		303885	
366189	ざんねんないきもの事典 第2期	遗憾生物事典 第二季	2019-07-29	8	TV		333258,333267	366332
366215	Disenchantment Season 4	幻灭 第四季	2022-02-09	10	WEB		325647	448366
366217	映画おしりたんてい シリアーティ	屁屁侦探剧场版 股里亚蒂	2022-03-18	1	剧场版		338261	455630
366227	Bluey Season 1	布鲁伊 第一季	2018-09-30	52	TV			366228
366228	Bluey Season 2	布鲁伊 第二季	2020-03-17	52	TV		366227	421357
366250	大雪海のカイナ	大雪海的卡纳	2023-01-11	11	TV			414590
366256	ヤマトよ永遠に REBEL3199 第一章 黒の侵略	永远的大和号 REBEL3199 第一章 黑之侵略	2024-07-19	2	剧场版		352905	473412
366332	ざんねんないきもの事典 第3期	遗憾生物事典 第三季	2021-01-31	5	TV		366189	
366447	Type S: Chiaki's Journey		2022-01-20	4	WEB			429900
366493	第16回東方M-1ぐらんぷり	第十六届东方M-1漫才大赛	2021-12-31	1	OVA		324294,450379	447961
366526	『あなたを一言で表してください』の質問が苦手だ.	我对一句话介绍自己的提问感到苦恼	2022-01-12	1	短片			416752
366527	South Park Season 25	南方公园 第25季	2022-02-02	6	TV		316709	424998
366897	神印王座		2022-04-28	26	WEB			395289
367468	熊出没之夏日连连看		2016-02-13	52	TV		367471	367469
367469	熊出没之秋日团团转		2016-06-09	52	TV		367468	231889
367470	熊出没之春日对对碰		2014-11-27	52	TV		107535	367471
367471	熊出没之冬日乐翻天		2015-07-10	52	TV		367470	367468
367472	小鸡不好惹		2010-09-09	52	TV			367473
367473	小鸡不好惹之咸蛋寺			52	TV		367472	
367712	画江湖之不良人Ⅵ	画江湖之不良人 第六季	2023-03-02	12	WEB		343183	435075
367726	BASTARD!! -暗黒の破壊神-	BASTARD！！暗黑破坏神	2022-06-30	13	WEB			390312
368116	NieR: Automata Ver1.1a	尼尔：自动人形 Ver1.1a	2023-01-07	12	TV			446618
368289	EDENS ZERO 第2期	伊甸星原 第二季	2023-04-01	25	TV		308588	
368541	星河至尊		2021-06-10	45	WEB			378347
368625	The Legend of Vox Machina	机械之声的传奇	2022-01-28	12	WEB			418359
368802	Futurama Season 11 on Hulu	飞出个未来 第11季(Hulu版)	2023-07-24	10	WEB		22346	572758
368833	全力ウサギ	全力兔子	2023-10-07	12	TV			523889
368834	キャップ革命 ボトルマン	帽子革命瓶子人	2020-10-09	25	WEB			372925
368985	大王饶命 第二季	大王饶命 第二季	2023-12-30	12	WEB		291213	507820
369303	Reiムービーズ	零动画	2021-10-28	2		1	369348	
369304	呪術廻戦 懐玉・玉折／渋谷事変	咒术回战 怀玉･玉折 / 涩谷事变	2023-07-06	23	TV		294993	472741
369348	レイ プラグスーツ性唇汚染 幻夢姦・機械姦・壊れる日常	零 紧身服装性唇污染 幻梦奸・机械奸・坏掉的日常	2011-01-22	1		1		369303
369768	鬼滅の刃 刀鍛冶の里編	鬼灭之刃 刀匠村篇	2023-04-09	11	TV		328195	441939
370350	阿衰 第六季		2021-10-02	34	WEB		339462	370351
370351	阿衰 第七季		2022-01-29	34	WEB		370350	419209
371546	ようこそ実力至上主義の教室へ 2nd Season	欢迎来到实力至上主义的教室 第二季	2022-07-04	13	TV		214272	373266
371829	グリザイア：ファントムトリガー	灰色：幻影扳机	2025-01-01	13	TV		281325	
372010	狼と香辛料 MERCHANT MEETS THE WISE WOLF	狼与香辛料 行商邂逅贤狼	2024-04-01	25	TV			514926
372304	OPENING ANIME COLLECTION			3	OVA			372306
372306	URACON Ⅲ OPENING ANIMATION		1984-08-18	1	剧场版		372304	
372890	ミルキー☆ハイウェイ	银河☆高速公路	2022-02-23	1	短片			545328
372925	キャップ革命 ボトルマンDX	帽子革命瓶子人 DX	2022-04-03	51	TV		368834	
373088	Tarzan, Lord of the Jungle Season 1	森林之王：人猿泰山 第一季	1976-09-11	16	TV			373089
373089	Tarzan, Lord of the Jungle Season 2	森林之王：人猿泰山 第二季	1977-09-10	6	TV		373088	373090
373090	Tarzan, Lord of the Jungle Season 3	森林之王：人猿泰山 第三季	1978-09-09	6	TV		373089	373091
373091	Tarzan, Lord of the Jungle Season 4	森林之王：人猿泰山 第四季	1979-09-15	8	TV		373090	
373247	無職転生Ⅱ ～異世界行ったら本気だす～	无职转生 第二季 ～到了异世界就拿出真本事～	2023-07-02	13	TV		325585	444557
373266	ようこそ実力至上主義の教室へ 3rd Season	欢迎来到实力至上主义的教室 第三季	2024-01-03	13	TV		371546	510710
373267	SPY×FAMILY 第2クール	间谍过家家 第2部分	2022-10-01	13	TV		329906	411427
373390	HIGH CARD	至高之牌	2023-01-09	12	TV			426156
373787	聖女の魔力は万能です Season2	圣女的魔力是万能的 第二季	2023-10-03	12	TV		314518	
373904	是王者啊？	是王者啊？	2022-03-18	14	WEB			407308
373923	武映三千道		2022-03-27	10	WEB			450927
374206	スパイ教室	间谍教室	2023-01-05	12	TV			428418
374395	Ooops! Die Arche ist weg...	诺亚方舟漂流记	2015-05-01	1	剧场版			374398
374398	Ooops! 2 - Land in Sicht	诺亚方舟漂流记2	2020-09-24	1	剧场版		374395	
374563	永久少年 Eternal Boys	永久少年 Eternal Boys	2022-10-10	24	TV			425604
375082	放課後ポニーテール2	放学后的马尾辫2	2022-03-09	4		1	351917	
375217	FLCL: Grunge		2023-09-09	3	TV		175399	375218
375218	FLCL: Shoegaze		2023-09-30	3	TV		175398	
375273	闘姫麗辱 緊縛のマリオネット	斗姬丽辱 紧缚的玩偶	2011-05-26	1		1	279856	
375425	デッドデッドデーモンズデデデデデストラクション 前章	恶魔的破坏 DEAD DEAD DEMON'S DEDEDEDE DESTRUCTION 前篇	2024-03-22	1	剧场版			452432
375476	Spider-Man: Beyond the Spider-Verse	蜘蛛侠：超越宇宙	2027-06-18	1	剧场版		282413	
375511	オリエント 第2クール	东方少年 第2部分	2022-07-11	12	TV		323655	
375512	ケンガンアシュラ Season2	拳愿阿修罗 Season2	2023-09-21	12	WEB		289031	455677
375541	範馬刃牙 2期	范马刃牙 第二季	2023-07-26	27	WEB		317852	487716
375671	忍たま乱太郎 第29シリーズ	忍者乱太郎 第29季	2021-03-30	76	TV		303902	411969
375913	ジョジョの奇妙な冒険 ストーンオーシャン 第2クール	JOJO的奇妙冒险 石之海 第2部分	2022-10-07	12	TV		332261	395782
376008	映画 佐々木と宮野ー卒業編ー	电影 佐佐木与宫野ー毕业篇ー	2023-02-17	1	剧场版		320052	
376137	異世界のんびり農家	异世界悠闲农家	2023-01-06	12	TV			575057
376215	Pacific Rim: The Black Season 2	环太平洋：黑色禁区 第二季	2022-04-19	7	WEB		107070	
376249	サキュバスの喉		2022-03-09	1		1		510488
376399	真・進化の実～知らないうちに勝ち組人生～	真・进化果实～不知不觉踏上胜利的人生～	2023-01-13	12	TV		326505	
376433	政宗くんのリベンジR	政宗君的复仇R	2023-07-03	12	TV		185762	
376666	小魔头暴露啦！第二季	小魔头暴露啦！第二季	2022-04-09	13	WEB		358753	
376674	如果历史是一群喵 盛世大唐篇		2022-04-24	12	WEB		340851	402739
376675	肥志百科 第5季	肥志百科 第5季	2022-04-23	12	WEB		349644	389538
376739	進撃の巨人 The Final Season 完結編 前編	进击的巨人 最终季 完结篇 前篇	2023-03-03	1	TV		331752	415779
377125	わたしの幸せな結婚	我的幸福婚姻	2023-07-05	12	TV			455626
377130	とんがり帽子のアトリエ	尖帽子的魔法工房	2026-04-06	13	TV			664690
377507	TIGER & BUNNY 2 パート2	TIGER & BUNNY 第二季 Part.2	2022-10-07	12	WEB		279321	
377537	晶翠仙尊		2022-01-18	20	WEB			406920
377554	世界ものしり旅行	世界博学旅行	1971-10-01	52	TV		377608	311199
377556	D4DJ All Mix		2023-01-13	12	TV		299372	
377557	インスタントヒストリー	即时历史	1961-05-01	52	TV			377558
377558	おとぎマンガカレンダー	漫画年表	1962-06-25	52	TV		377557	377609
377608	キリンものしり大学 マンガ人物史	麒麟博学大学·漫画人物史	1970-08-03	52	TV		377609	377554
377609	ものしり大学 明日のカレンダー	博学大学·明日的日历	1966-07-01	52	TV		377558	377608
377769	青のオーケストラ	蓝色管弦乐	2023-04-09	24	TV			458673
377774	Smiling Friends Season 1	微笑朋友 第一季	2020-04-01	9	TV			488563
377775	Robot Chicken Season 11	机器鸡 第十一季	2021-09-07	20	TV		292877	
377776	Lucas Bros. Moving Co. Season 1	卢卡斯兄弟搬家公司 第一季	2013-11-23	6	TV			377777
377777	Lucas Bros. Moving Co. Season 2	卢卡斯兄弟搬家公司 第二季	2014-10-27	11	TV		377776	
377962	アイカツ! 10th STORY ～未来へのSTARWAY～	偶像活动 10th STORY ～通往未来的STARWAY～	2022-07-15	1	剧场版		141616	
378015	Overwatch New Hero Origin Story	英雄故事	2015-07-08	12	短片			388139
378031	The Ice Age Adventures of Buck Wild	冰川时代：巴克·怀尔德的冒险之旅	2022-01-28	1	剧场版		161942	378042
378042	Ice Age: Scrat Tales	冰川时代：鼠奎特历险记	2022-04-13	6	TV		378031	
378091	请吃红小豆吧！第0.5季		2022-05-05	16	WEB		308028	665621
378101	異世界はスマートフォンとともに。2	带着智能手机闯荡异世界。 第二季	2023-04-03	12	TV		211723	
378125	スーパードラゴンボールヒーローズ ウルトラゴッドミッション	超级龙珠英雄ULTRA GOD MISSION	2022-02-23	10	WEB		303963	570688
378297	Minions: The Rise of Gru	小黄人大眼萌：神偷奶爸前传	2022-07-01	1	剧场版		111359	628212
378298	望まぬ不死の冒険者	事与愿违的不死冒险者	2024-01-08	12	TV			528829
378347	星河至尊 第二季		2022-04-13	6	WEB		368541	466777
378374	Being Pretty	完美人生	2017-08-31	1				233769
378475	时间囚徒之迷雾	时间囚徒 第二季	2022-04-27	12	WEB		364864	
378504	ULTRAMAN Final Season	机动奥特曼 最终季	2023-05-11	12	WEB		284510	
378797	SHAMAN KING FLOWERS	通灵王 FLOWERS	2024-01-09	13	TV		308558	
378809	巴啦啦小魔仙之魔法星缘堡		2022-04-21	26	TV			449824
378877	홍길동 장곤	洪吉童将军	1969-07-21		剧场版		518605	
379023	星辰变 第五季		2022-12-26	28	WEB		345808	448535
379456	夜は猫といっしょ	关于养猫我一直是新手	2022-08-03	30	WEB			414969
379513	神墓		2022-07-21	16	WEB			403697,458937
379605	劇場版 美少女戦士セーラームーンCosmos 前編	剧场版 美少女战士Cosmos 前篇	2023-06-09	1	剧场版		218446	415728
379682	西行纪之穷奇地洞		2022-08-19	1	WEB		299264	389051
379687	冰剣の魔術師が世界を統べる	冰剑的魔术师将要统一世界	2023-01-05	12	TV			654294
379789	RE:cycle of the PENGUINDRUM [後編] 僕は君を愛してる	RE:cycle of the PENGUINDRUM [后篇] 我爱你	2022-07-22	1	剧场版		331946	
379838	The Simpsons Season 32	辛普森一家 第三十二季	2020-09-27	22	TV		301568	379840
379840	The Simpsons Season 33	辛普森一家 第三十三季	2021-09-26	22	TV		379838	430656
380229	The Bad Guys	坏蛋联盟	2022-04-22	1	剧场版		604363	487185
380448	ウマ娘 プリティーダービー ROAD TO THE TOP	赛马娘 Pretty Derby 巅峰之路	2023-04-16	4	WEB			472620
380466	少年白马醉春风 上部		2022-07-27	10	WEB			402199
380473	暗河传上部·惊蛰之变篇		2023-08-02	12	WEB			458981
380506	うまゆる	马娘摇曳	2022-10-16	24	WEB		269389	555332
380580	ネコこのゴロ 令和版		2020-02-13	20	TV		186567	565325
380722	アニメ親子劇場	动画 亲子剧场	1981-10-09	26	TV			115985
380792	七つの大罪 黙示録の四騎士	七大罪 默示录的四骑士	2023-10-08	24	TV		446249	486102
380871	続 爆焔美少女ムービース	续 爆焰美少女动画	2022-05-29	2		1	301921	
380899	POWER DoLLS Detachment of Limited Line Service プロジェクトα	特勤机甲队 α计划	1998-03-01	1	OVA		37463	
381157	iiiあいすくりん2	冰冰冰淇淋君 第二季	2022-07-02	12	TV		327771	
381165	パソコントラベル探偵団	电脑旅行侦探团	1983-04-04	26	TV		115985	
381168	プロ野球を10倍楽しく見る方法		1983-04-29		剧场版			382540
381384	KJファイル	怪兽档案	2022-07-10	13	TV			403671
381839	銀河英雄伝説 Die Neue These 策謀 第1章	银河英雄传说 Die Neue These 策谋 第1章	2022-09-30	4	剧场版		361385	381841
381841	銀河英雄伝説 Die Neue These 策謀 第2章	银河英雄传说 Die Neue These 策谋 第2章	2022-10-28	4	剧场版		381839	381842
381842	銀河英雄伝説 Die Neue These 策謀 第3章	银河英雄传说 Die Neue These 策谋 第3章	2022-11-25	4	剧场版		381841	463779
381846	ぴったんこ！！ねこざかな		2017-10-09	112	TV		459695	
382126	炎炎ノ消防隊 参ノ章	炎炎消防队 叁之章	2025-04-04	12	TV		297342	502876
382137	爆丸エボリューションズ	爆丸革命	2022-04-01	26	WEB		334921	425936
382230	まんがどうして物語	求知奇遇记	1984-04-07	52	TV		53786	382935
382540	プロ野球を10倍楽しく見る方法 PART2		1984-04-21		剧场版		381168	
382584	刀剣乱舞 廻 -虚伝 燃ゆる本能寺-	刀剑乱舞 回 -虚传 燃烧的本能寺-	2024-04-02	8	TV		495674	
382836	缇可秋季篇	缇可之秋季篇		52	TV		40814,121785,121786	
382935	まんがなるほど物語		1986-04-05	52	TV		382230	314183
383209	书灵记 第三季		2022-05-18	60	WEB		306909	
383308	哪吒之魔童闹海	哪吒之魔童闹海	2025-01-29	1	剧场版		231261	536891
383525	超次元ゲイム ネプテューヌ THE ANIMATION ～陽だまりの茄花～	超次元游戏 海王星 ～沐浴阳光的紫茄子花～	2023-04-26	1	OVA		351253	
383649	鲤氏侦探事务所		2022-12-23	6	WEB		414710	
383864	大运河奇缘		2019-12-28	26	TV			405278
384280	伊藤潤二『マニアック』	伊藤润二狂热集	2023-01-19	12	WEB		218453	568120
384723	喜羊羊与灰太狼之奇妙大营救		2022-07-15	60	TV		328080,343244	411253,555629
384726	猪猪侠之超星五灵侠		2021-08-13	26	TV		384761	384727
384727	猪猪侠之超星五灵侠 第二季		2021-12-30	26	TV		384726	384728
384728	猪猪侠之超星五灵侠 第三季		2022-05-27	26	TV		384727	441153
384731	猪猪侠之拼装特工队		2016-12-29	26	TV		208076	384732
384732	猪猪侠之超星萌宠 1		2017-05-27	26	TV		384731	237176,384733
384733	猪猪侠之超星萌宠 2		2017-07-07	26	TV		384732	384734
384734	猪猪侠之超星萌宠 3		2017-10-26	36	TV		384733	384735
384735	猪猪侠之超星萌宠 4		2017-12-28	36	TV		384734	
384736	猪猪侠之竞球小英雄 3		2018-11-30	26	TV		260322	384737
384737	猪猪侠之竞球小英雄 4		2019-02-28	26	TV		384736	
384738	猪猪侠之恐龙日记 1		2019-04-30	26	TV		246981	384739,384748
384739	猪猪侠之恐龙日记 2		2019-08-16	26	TV		384738	384740
384740	猪猪侠之恐龙日记 3		2020-06-24	26	TV		384739	384741
384741	猪猪侠之恐龙日记 4		2020-08-12	26	TV		384740	384743
384743	猪猪侠之恐龙日记 5		2022-02-08	26	TV		384741	384744
384744	猪猪侠之恐龙日记 6		2022-04-15	26	TV		384743	500789
384748	猪猪侠之竞速小英雄 1		2019-10-25	26	TV		384738	384753,384757
384753	猪猪侠之竞速小英雄 2		2019-11-29	26	TV		384748	384755
384755	猪猪侠之竞速小英雄 3		2019-12-20	26	TV		384753	384756
384756	猪猪侠之竞速小英雄 4		2019-12-27	26	TV		384755	471439
384757	猪猪侠之深海小英雄 1		2020-07-15	26	TV		384748	384758,384761
384758	猪猪侠之深海小英雄 2		2020-09-21	26	TV		384757	384759
384759	猪猪侠之深海小英雄 3		2020-11-23	26	TV		384758	384760
384760	猪猪侠之深海小英雄 4		2020-12-25	26	TV		384759	
384761	猪猪侠之南海日记 1		2021-02-19	26	TV		384757	384726,384762
384762	猪猪侠之南海日记 2		2021-04-30	26	TV		384761	
384765	猪猪侠之终极决战前夜篇		2015-06-10	52	TV			208063
384767	猪猪侠大电影·海洋日记		2022-08-06	1	剧场版		337565	423649
385006	蓝猫龙骑团之龙骑归来		2022-12-24	26	WEB		208396	
385187	剑仙在此	剑仙在此	2022-05-21	36	WEB			434961
385210	Paradox Live THE ANIMATION		2023-10-03	12	TV			656794
385455	Star Wars: Visions Volume 2	星球大战：幻境 第二季	2023-05-04	9	WEB		340837	524894
385541	PUI PUI モルカー DRIVING SCHOOL	PUI PUI 天竺鼠车车 驾校篇	2022-10-08	12	TV		325178	476683
385706	九天玄帝诀 第二季		2022-05-02	52	WEB		364859	403743
386195	特別編 響け！ユーフォニアム～アンサンブルコンテスト～	特别篇 吹响吧！上低音号～合奏比赛～	2023-08-04	1	剧场版		216372	283643
386267	Amphibia Season 3	奇幻沼泽 第三季	2021-10-02	18	TV		327207	
386440	不白吃话山海经		2021-10-19	35	WEB			531869
386549	メガトン級ムサシ シーズン1特別篇	百万吨级武藏 第一季特别篇	2022-07-08	13	TV			361290
386626	Sonic Prime	索尼克：回家大冒险	2022-12-15	8	WEB			445288
386627	I Am Groot	我是格鲁特	2022-08-10	5	WEB			449187
386680	神级龙卫		2022-06-26	26	WEB			403770
386809	【推しの子】	【我推的孩子】	2023-04-12	11	TV			443428
386923	Give and Tyke	野狗与家犬	1957-03-29	1	剧场版			386924
386924	Scat Cats	猫给我走开	1957-07-26	1	剧场版		386923	
386947	Castlevania: Nocturne	恶魔城：夜曲	2023-09-28	8	WEB			458596
386949	DOTA: Dragon's Blood Season 3	刀塔：龙之血 第三季	2022-08-11	8	WEB		341937	
386950	The Cuphead Show! Season 2	茶杯头大冒险 第二季	2022-08-19	13	WEB		286186	410486
387104	ゆかいなアニマルバス 第二期	动物巴士 第二季	2017-07-02	12	TV		208325	
387612	星武神诀 第二季		2022-06-24	40	WEB		328518	
387613	极道龙神		2022-07-02	40	WEB			403774
387892	Puss in Boots: The Last Wish	穿靴子的猫：最后的愿望	2022-12-21	1	剧场版		34237	
387921	霹雳勇士之元气勇者			52	TV		54603	387931
387931	元气拯救队		2016-05-09	52	TV		387921	
388088	Kung Fu Panda: The Dragon Knight	功夫熊猫 神龙骑士	2022-07-14	11	WEB			415065
388139	Overwatch2 Origin Story	守望先锋2 英雄故事	2022-06-17	7	短片		378015	
388170	TRIGUN STAMPEDE	枪神 斯坦比特	2023-01-07	12	TV			426100
388329	梦幻书院 第六季		2021-10-25	12	WEB		331894	388330
388330	梦幻书院 第七季		2022-06-20	12	WEB		388329	424486
388469	劇場版 モノノ怪 唐傘	剧场版 物怪 唐伞	2024-07-26	1	剧场版		2496	505488
388781	师兄啊师兄		2023-01-19	13	WEB			428130
388807	Prep & Landing Stocking Stuffer: Operation: Secret Santa	精灵兰尼和韦恩的圣诞前夜：圣诞老人秘密行动	2010-12-07	1			619652	619653
388981	ベルセルク 黄金時代篇 MEMORIAL EDITION	剑风传奇 黄金时代篇 MEMORIAL EDITION	2022-10-01	13	TV			162040
389051	西行纪之暗影魔城		2023-01-18	1	WEB		379682	
389052	中国惊奇先生 · 极道仙师		2023-11-30	1	WEB		98367	
389147	元气奇事		2022-07-11	24	WEB			474954
389466	デート・ア・ライブV	约会大作战 第五季	2024-04-10	12	TV		302128	551559
389474	かぐや様は告らせたい-ファーストキッスは終わらない- 映画	辉夜大小姐想让我告白-初吻不会结束- 电影	2022-12-17	1	剧场版		317613	565802
389538	肥志百科 第6季	肥志百科 第6季	2022-07-30	12	WEB		376675	402649
389571	マッシュル-MASHLE-	物理魔法使马修	2023-04-07	12	TV			443493
389647	懲らしめ2～狂育的デパガ指導～	惩戒2～狂热的从业员指导～	2022-09-30	4	OVA	1	74420	
389666	开心超人之英雄的心		2022-07-22	1	剧场版		320435	442116
389821	Harley Quinn Season 3	哈莉·奎茵 第三季	2022-07-28	10	WEB		303507	441141
389998	BIRDIE WING -Golf Girls' Story- Season 2	小鸟之翼 高尔夫少女 第二季	2023-04-07	12	TV		354682	
390312	BASTARD!! -暗黒の破壊神- 第2クール	BASTARD！！暗黑破坏神 第二部分	2022-09-15	11	WEB		367726	414753
390353	俺だけレベルアップな件	我独自升级	2024-01-06	12	TV			487630
390395	RWBY Volume 9	红白黑黄 第九季	2023-02-18	10	WEB		316105	569153
390555	New PANTY & STOCKING with GARTERBELT	新 吊带袜天使	2025-07-09	13	TV		8402	
390677	Despicable Me 4	神偷奶爸4	2024-07-03	1	剧场版		111361	
390794	ダークギャザリング	黑暗集会	2023-07-09	25	TV			601910
390859	ぷれぷれぷれあです4	Play Play 昴宿星团 4	2022-07-05	13	WEB		251539	
390867	How Countries Fight Their Wars	各国是如何打仗的	2020-04-16	1	WEB			402447
390873	映画ドラえもん のび太と空の理想郷	哆啦A梦：大雄与天空的理想乡	2023-03-03	1	剧场版		325571	444359
390888	苍兰诀		2022-07-15	12	WEB			402540
390895	猫之茗 第二季		2023-04-08	11	WEB		294873	607944
390980	シャングリラ・フロンティア～クソゲーハンター、神ゲーに挑まんとす～	香格里拉边境	2023-10-01	25	TV			487684
391079	三国演义 第三季		2023-01-01	26	WEB		288866	
391251	清純系ムービーズ	清纯系动画	2019-11-14	2		1		275005
391706	機動戦士ガンダム 水星の魔女 PROLOGUE	机动战士高达 水星的魔女 PROLOGUE	2022-09-25	1	WEB			349441
391849	神澜奇域无双珠		2022-07-23	15	WEB			405493
392347	The Garfield Show	加菲猫的幸福生活	2009-11-02	26	TV			465353
392350	蓝猫淘气3000问之平安出行	蓝猫淘气3000问之平安出行		108	TV		208059	406270
392661	Obey Me! The Anime Season 2	Obey Me! 第二季	2022-07-22	12	WEB		341513	
392711	Tangled: The Series (Season 3)	魔发奇缘影集 第三季	2019-10-07	17	TV		236893	
392973	自動販売機に生まれ変わった俺は迷宮を彷徨う	转生成自动贩卖机的我今天也在迷宫徘徊	2023-07-05	12	TV			455617
393010	探偵はもう、死んでいる。 Season 2	侦探已经死了。 第二季	2026-10-07	13	TV		325727	
393038	佐々木とピーちゃん	佐佐木与文鸟小哔	2024-01-05	12	TV			486456
393238	とんでもスキルで異世界放浪メシ	拥有超常技能的异世界流浪美食家	2023-01-10	12	TV			462459
393586	エロリーマン2	好色上班族2	2022-10-28	2	OVA	1	360499	
393857	故宫里的大怪兽之洞光宝石的秘密		2021-07-30	26	WEB			400775
393947	非人哉 第二季	非人哉 第二季	2022-08-10	12	WEB		341360	413619
393950	新灰姑娘2		2022-10-01	1	剧场版		316261	
394167	Undone Season 2	抹去重来 第二季	2022-04-29	8	WEB		290897	
394260	僕の心のヤバイやつ	我心里危险的东西	2023-04-01	12	TV			441795
394412	熊出没之探险日记2		2019-02-11	52	TV		231889	394413
394413	熊出没之怪兽计划		2020-10-01	52	TV		394412	394414
394414	熊出没之怪兽计划2		2022-08-12	52	TV		394413	
394621	劇場版ハイキュー!! ゴミ捨て場の決戦	排球少年！！垃圾场决战	2024-02-16	1	剧场版		295421	396016
394623	怪獣8号	怪兽8号	2024-04-13	12	TV			501844
394784	MIX MEISEI STORY 2ND SEASON ～二度目の夏、空の向こうへ～	MIX：明青故事 第二季 ～第二个夏天，迈向晴空～	2023-04-01	24	TV		255980	
394882	DC Showcase: Constantine - The House of Mystery	康斯坦丁：神秘之所	2022-05-03	1	OVA		301569	
394996	神之塔 -Tower of God- 2nd Season	神之塔 第二季	2024-07-07	26	TV		300839	
395269	雄兵连4终焉之战			24	WEB		312370	
395284	西行纪 年播剧集	西行纪年番	2023-08-02	64	WEB		345807	
395285	武动乾坤 第四季		2023-11-25	12	WEB		312437	507613
395289	神印王座 第二季		2022-11-10	182	WEB		366897	
395378	ダンジョン飯	迷宫饭	2024-01-04	24	TV			499073
395441	冰火魔厨 第二季		2022-12-03	104	WEB		361425	458944
395543	小凉帽3之白豚湾奇遇		2021-10-22	26	TV		307360,307361	395547
395547	小凉帽4之山海奇境		2022-10-03	26	TV		307360,307361,395543	
395657	逆天邪神		2023-09-23	30	WEB			487522
395658	大主宰	大主宰	2023-06-30	52	WEB			491775
395782	ジョジョの奇妙な冒険 ストーンオーシャン 第3クール	JOJO的奇妙冒险 石之海 第3部分	2023-01-06	14	TV		375913	
395810	おばけずかん！	妖怪图鉴！	2022-10-05	11	TV		301477	
395855	Love, Death & Robots Volume 4	爱、死亡 & 机器人 第四季	2025-05-15	10	WEB		333707	
395881	Kung Fu Panda 4	功夫熊猫4	2024-03-08	1	剧场版		115615	
396016	劇場版ハイキュー!! VS小さな巨人	剧场版排球少年 VS小巨人			剧场版		394621	541282
396302	劇場版 PSYCHO-PASS サイコパス PROVIDENCE	剧场版 心理测量者 PROVIDENCE	2023-05-12	1	剧场版		239926	277105
396385	Peepoodo & The Super Fuck Friends Season 2	屁破多和他的坑爹伙伴们 第二季	2020-01-01	8	WEB	1	300266	
396407	Primal Season 2	史前战纪 第二季	2022-07-22	10	WEB		292503	588451
396443	デュエル・マスターズWIN	决斗大师WIN	2022-09-04	29	TV		396444	426044
396444	デュエル・マスターズ キングMAX	决斗大师 KING MAX	2022-04-03	17	TV		327242	396443
396487	チキップダンサーズ 2期	小鸡舞者 第二季	2022-09-27	26	TV		347804	451858
396699	Star Trek: Lower Decks Season 3	星际迷航：下层舰员 第三季	2022-08-25	10	WEB		347693	449437
396988	ツルネ －つながりの一射－	弦音 -连结的一射-	2023-01-04	13	TV		228378,317376	
397025	異世界でチート能力を手にした俺は、現実世界をも無双する～レベルアップは人生を変えた～	在异世界获得超强能力的我，在现实世界照样无敌～等级提升改变人生命运～	2023-04-06	13	TV			459601
397125	聖闘士星矢：Knights of the Zodiac バトル・サンクチュアリ	圣斗士星矢：黄道十二宫战士 战斗圣域	2022-07-31	12	WEB		297464	460503
397808	アンデッドアンラック	不死不幸	2023-10-06	24	TV			506120
398263	ハックルベリー・フィン物語	哈克的故事	1994-08-26	26	TV		23611	
398762	ぷにるんず	噗尼轮轮	2022-10-02	25	TV			513375
398799	斩神之凡尘神域		2024-07-31	15	WEB			520299
398804	剑网3·侠肝义胆沈剑心 第三季（下卷）		2024-01-26	12	WEB		313935	
398813	毛毛镇第一季	毛毛镇第一季	2019-04-02	26	TV			398815
398815	毛毛镇第二季	毛毛镇第二季		26	WEB		398813	398816
398816	毛毛镇第三季	毛毛镇第三季	2022-01-10	52	WEB		398815	625397
398943	女神のカフェテラス	女神咖啡厅	2023-04-07	12	TV			442673
398948	青蛙王国之极限运动		2022-09-10	1	剧场版		164075	425424
398949	カノジョも彼女 Season 2	女友成堆 第二季	2023-10-06	12	TV		319513	
398951	その着せ替え人形は恋をする Season 2	更衣人偶坠入爱河 第二季	2025-07-05	12	TV		333158	
399179	Archer (Season 7)	间谍亚契 第七季	2016-03-31	10	TV		126628	213290
399282	百炼成神		2022-11-04	52	WEB			453312
399354	Pantheon	万神殿	2022-09-01	8	TV			405639
399379	Big Hero 6: The Series Season 2	剧版超能陆战队 第二季	2019-05-06	24	TV		171364	399383
399383	Big Hero 6: The Series Season 3	剧版超能陆战队 第三季	2020-09-21	10	TV		399379	
399390	신병	新兵	2019-01-10	14	WEB		399392	
399392	신병0	新兵 第0季	2022-04-26		WEB			399390
399820	魔法使いの嫁 SEASON2	魔法使的新娘 第二季	2023-04-06	12	TV		210864	442523
400129	熊出没·伴我“熊芯”		2023-01-22	1	剧场版		332365	440068
400576	ありふれた職業で世界最強 season 3	平凡职业造就世界最强 第三季	2024-10-14	16	TV		292316	
400601	シルバニアファミリー フレアのハッピーダイアリー	森林家族小故事 芙蕾雅的快乐日记	2022-10-06	12	TV			515300
400602	葬送のフリーレン	葬送的芙莉莲	2023-09-29	28	TV			515759
400730	Inside Out 2	头脑特工队2	2024-06-14	1	剧场版		119035	
400731	Mufasa: The Lion King	狮子王：木法沙传奇	2024-12-20	1	剧场版			209567
400775	故宫里的大怪兽之月光迷宫		2022-09-16	26	WEB		393857	626072
400776	あんさんぶるスターズ！！追憶セレクション『エレメント』	偶像梦幻祭 追忆Selection『Element』	2023-04-06	6	WEB			432044
400914	まめきちまめこニートの日常	豆吉豆子的家里蹲日常	2022-10-03	48	TV			445878
401301	SYNDUALITY Noir	奇异贤伴 黑色天使	2023-07-10	12	TV			456042
401783	彼女、お借りします 第3期	租借女友 第三季	2023-07-07	12	TV		315745	503450
401786	魔術士オーフェンはぐれ旅 アーバンラマ編	魔术士奥芬的无赖之旅 拉玛城篇	2023-01-18	12	TV		303172	414597
401960	にじよん あにめーしょん	虹四动画	2023-01-06	12	TV			471926
401970	幼女社長R	幼女社长R	2023-07-01	13	WEB		316795	
402009	风姿物语 仙罗篇		2022-10-03	20	WEB		339915	
402112	ゴジラVSガイガンレクス	哥斯拉VS盖刚雷克斯	2022-11-03	1	WEB		410952	
402128	Fate/strange Fake -Whispers of Dawn-	命运-奇异赝品 黎明低语	2023-07-02	1	TV			443831
402136	東京ミュウミュウ にゅ～♡ 第2期	东京猫猫 NEW～♡ 第二季	2023-04-04	12	TV		303195	
402199	少年白马醉春风 下部		2022-12-14	10	WEB		380466	449570
402212	湖池屋SDGs劇場 サスとテナ		2021-10-03	13	TV			402216
402216	湖池屋SDGs劇場 サスとテナ シーズン2		2022-04-03	13	TV		402212	406800
402223	ダンジョンに出会いを求めるのは間違っているだろうかⅣ 深章 厄災編	在地下城寻求邂逅是否搞错了什么 第四季 深章 灾厄篇	2023-01-06	11	TV		326874	463778
402358	君有云 第二季	君有云 第二季	2025-05-28	32	WEB		358571	
402425	精灵梦叶罗丽 第9季 逆亡之战		2022-01-06	26	WEB		312114	453861
402426	冰球旋风		2022-01-30	26	TV			538958
402427	这个年纪还能当大侠吗	这个年纪还能当大侠吗	2023-01-05	10	WEB			559631
402447	How Countries Fight Their Wars 2	各国是如何打仗的2	2022-09-16	1	WEB		390867	
402540	苍兰诀 下部		2022-12-23	12	WEB		390888	423976
402649	肥志百科 第7季	肥志百科 第7季	2022-10-22	12	WEB		389538	424989
402656	青春ブタ野郎はおでかけシスターの夢を見ない	青春猪头少年不会梦到娇怜外出妹	2023-06-23	1	剧场版		260680	426239
402657	アグレッシブ烈子 シーズン5	职场小烈 第五季	2023-02-16	10	WEB		350796	
402659	UniteUp!	众星齐聚	2023-01-07	12	TV			447954
402739	如果历史是一群喵 五代十国篇		2022-10-30	12	WEB		376674	436681
402740	極主夫道 シーズン2	极主夫道 第二季	2023-01-01	5	WEB		332696	
402835	カードファイト!! ヴァンガード will+Dress Season3	卡片战斗先导者 will+Dress 第三季	2023-07-08	13	TV		349389	440878
403046	虚構推理 のミニアニメSeason2	虚构推理 迷你动画第二季	2022-02-11	16	WEB		297088	
403225	はたらく魔王さま！！ 2nd Season	打工吧！！魔王大人 第二季	2023-07-13	12	TV		330057	
403238	機動戦士ガンダム 水星の魔女 Season2	机动战士高达 水星的魔女 第二季	2023-04-09	12	TV		349441	
403251	完美世界 第三季	完美世界 第三季	2022-10-07	52	WEB		345811	449355
403278	僕らの都合のいい性処理マネージャー		2022-09-29	1		1		576727
403430	伍六七之暗影宿命	伍六七之暗影宿命	2023-01-18	10	WEB		329160	491930
403503	キングダム 第5シリーズ	王者天下 第五季	2024-01-13	13	TV		353266	553106
403607	沧元图		2023-06-22	26	WEB			458935
403642	兔子帮	兔子帮	2012-09-21	52	TV			555563
403671	KJファイル 第2期	怪兽档案 第二季	2023-01-08	13	TV		381384	
403696	少年歌行 海外仙山篇		2023-10-25	26	WEB		355470	458978
403697	神墓 第二季		2024-08-10	27	WEB		379513	
403722	SHY	腼腆英雄	2023-10-02	12	TV			470874
403734	剑域风云 第二季		2023-01-15	52	WEB		364857	458928
403736	真武巅峰 第二季		2023-05-10	52	WEB		364856	458982
403738	仙武传		2023-03-19	26	WEB			453060
403743	九天玄帝诀 第三季		2022-10-31	52	WEB		385706	431809
403770	神级龙卫 第二季				WEB		386680	
403774	极道龙神 第二季	极道龙神 第二季			WEB		387613	
403801	ゴールデン道画劇場 第4期	黄金神威 小剧场 第四季	2022-10-03	13	WEB		320733	
404284	レヱル・ロマネスク2	铁路浪漫谭 第二季	2023-10-05	13	TV		297340	
404427	アイカツ! 10th STORY ～未来へのSTARWAY～	偶像活动 10th STORY ～通往未来的STARWAY～	2023-01-20	3	剧场版		141616	
404480	ラブライブ！スーパースター!! 3期	Love Live! Superstar!! 第三季	2024-10-06	12	TV		354146	
405136	汉化日记 第四季	汉化日记 第四季	2024-03-10	12	WEB		326151	
405210	镇魂街 第三季	镇魂街 风花雪月篇	2023-07-29	16	WEB		298525	456601
405211	百妖谱·司府篇		2024-02-23	12	WEB		350795	456167
405213	永生之十年之约	永生 第二季	2023-07-08	12	WEB		320241	453314
405214	仙王的日常生活 第四季		2023-12-17	12	WEB		358742	529875
405216	绝顶2 梦境篇				WEB		312352	
405219	七侯笔录		2023-10-28	12	WEB			448619
405222	区区不才，在下野怪		2023-04-16	12	WEB			442910
405226	咸鱼哥 第二季		2024-02-15	13	WEB		320230	
405227	小绿和小蓝Ⅱ 魔王篇	小绿和小蓝 第二季 魔王篇	2023-07-12	12	WEB		242736	451461
405278	大运河奇缘2		2022-05-01	6	TV		383864	
405302	妖神记 第六季	妖神记 第六季	2022-04-23	52	WEB		360077	413755
405306	万界至尊		2022-11-24	50	WEB			434960
405311	一世独尊		2023-04-22	45	WEB			510284
405493	神澜奇域无双珠 红宝篇		2023-01-14	15	WEB		391849	429921
405639	Pantheon Season 2	万神殿 第二季	2023-10-15	8	WEB		399354	
405652	秦时明月之沧海横流 下篇			11	WEB		231210	320031
405679	アムリタの饗宴	阿姆利塔的盛宴	2023-05-26	1	剧场版			226807
405785	ゆるキャン△ SEASON３	摇曳露营△ 第三季	2024-04-04	12	TV		262897	523664
405806	D5小队 第二季		2021-01-01	12	WEB		332188	
405990	LUPIN ZERO	鲁邦 零	2022-12-16	6	WEB			24274
406160	百姓貴族	百姓贵族	2023-07-07	12	TV			470777
406180	暴食のベルセルク	暴食狂战士	2023-10-04	12	TV			645237
406197	かげじつ！	影实！	2022-10-26	17	WEB			457995
406247	Sausage Party: Foodtopia	香肠聚会：食托邦	2024-07-11	8	WEB		193161	574007
406266	Family Guy (Season 14)	恶搞之家 第十四季	2015-09-27	20	TV		126513	406268
406268	Family Guy (Season 15)	恶搞之家 第十五季	2016-09-25	20	TV		406266	406820
406270	蓝猫淘气3000问之明星梦工厂	蓝猫淘气3000问之明星梦工厂		120	TV		392350	
406306	凡人修仙传 新年番		2023-11-25	48	WEB		445681	518425
406307	悲劇の元凶となる最強外道ラスボス女王は民の為に尽くします。	身为悲剧始作俑者的最强邪恶BOSS女王为民竭心尽力。	2023-07-06	12	TV			567234
406310	كلمتنا وحدة و #كلنا_حروفها	沙特阿拉伯建国纪念动画PV2022	2022-09-19	1	PV		406316	455037
406316	وطننا_نفديه#	沙特阿拉伯建国纪念动画PV2021	2021-09-15	1	PV			406310
406423	スリーピース THE ANIMATION		2023-01-27	1	OVA	1	276175	
406466	胶囊计划 第二季	胶囊计划 第二季	2023-12-05	13	WEB		358573	466296
406472	爱上她的理由	爱上她的理由	2023-04-20	22	WEB			665165
406514	Inside Job Season 1 Part.2	阴谋办公室 第一季 Part.2	2022-11-18	8	WEB		354026	408511
406521	龙蛇演义Ⅱ	龙蛇演义 第二季			WEB		358638	
406628	真の仲間じゃないと勇者のパーティーを追い出されたので、辺境でスローライフすることにしました 2nd	因为不是命中注定的同伴而被赶出了勇者的队伍、从此以后过上了悠闲的隐居生活 第二季	2024-01-07	12	TV		319739	
406772	ムサシ総集篇 叛撃の咆哮	武藏总集篇 叛击的咆哮	2022-10-02	1	TV			361290
406786	あなたのフランスは どんなところ？	你的法国，是怎样的呢？	2022-07-18	1	CM			496102
406800	湖池屋SDGs劇場 サスとテナ シーズン3		2022-10-02	13	TV		402216	
406820	Family Guy (Season 16)	恶搞之家 第十六季	2017-10-01	20	TV		406268	406822
406822	Family Guy (Season 17)	恶搞之家 第十七季	2018-09-30	20	TV		406820	406824
406824	Family Guy (Season 18)	恶搞之家 第十八季	2019-09-29	20	TV		406822	406826
406826	Family Guy (Season 19)	恶搞之家 第十九季	2020-09-27	20	TV		406824	406827
406827	Family Guy (Season 20)	恶搞之家 第二十季	2021-09-26	20	TV		406826	430663
406863	靠你啦！战神系统 第二季				WEB		358692	
406893	三毛奇遇记	三毛奇遇记	2010-11-08	26	TV			406897
406897	三毛历险记	三毛历险记	2011-11-30	20	TV		406893	406899
406899	三毛旅行记	三毛旅行记	2013-10-28	26	TV		406897	
406920	晶翠仙尊 下篇		2022-11-02	10	WEB		377537	
407017	斗罗大陆 双神战双神		2023-05-27	3	WEB		407787	345803
407133	転生したら第七王子だったので、気ままに魔術を極めます	转生为第七王子，随心所欲的魔法学习之路	2024-04-01	12	TV			499656
407162	ひよりちゃん2 ドキドキ強●露出プレイ！？ うねうねメカ触手で3穴の奥までかき混ぜられて電車の中でイキまくり！！ 電気ショック！！子宮オナホプレイで連続絶頂！！	她被起伏的机械触手深深地搅进三个洞里，她在电车上来回走动! 电击!在子宫自慰游戏中连续达到高潮!	2022-04-09	1	OVA	1	407163	
407163	地味巨乳配信ひよりちゃん 電マに泡立て器・超極太バイブなんかでハードオナニー生配信してたらうっかり子宮ポ●●しちゃいました！！		2020-12-18	1	OVA	1		407162
407234	戦隊大失格	战队大失格	2024-04-07	12	TV			501919
407236	シルバニアファミリー ミニストーリー ピオニー		2020-10-01	12	TV		301779	
407237	シルバニア村のたからもの		2016-12-16	1	WEB			407238
407238	夢ふくらむあこがれの街		2017-04-06	1	WEB		407237	407239
407239	空飛ぶみんなの大きな夢		2019-04-26	1	WEB		407238	
407308	是王者啊？ 第二季	是王者啊？ 第2季	2023-07-27	12	WEB		373904	462295
407332	ウマ娘 プリティーダービー Season 3	赛马娘 Pretty Derby 第三季	2023-10-04	13	TV		315574	
407340	ソードアート・オンライン -インテグラル・ドメイン-				剧场版		292238	
407515	名探偵コナン 黒鉄の魚影	名侦探柯南 黑铁的鱼影	2023-04-14	1	剧场版		359930	429644
407561	The Dragon Prince Season 4	龙王子 第四季	2022-11-03	9	TV		318238	445283
407573	転生したらスライムだった件 第3期	关于我转生变成史莱姆这档事 第三季	2024-04-05	24	TV		302523	515594
407697	最弱テイマーはゴミ拾いの旅を始めました。	最弱的驯养师开启的捡垃圾的旅途。	2024-01-12	12	TV			614424
407713	絆のアリル	绊之Allele	2023-04-03	12	TV			443147
407787	斗罗大陆 第六季	斗罗大陆 第六季	2022-11-19	27	WEB		356976	407017,465891
408013	デッドマウント・デスプレイ	亡骸游戏	2023-04-10	12	TV			424892
408195	ばいばい、アース	再见，地球	2024-07-12	10	TV			512817
408511	Inside Job Season 2	阴谋办公室 第二季			WEB		406514	
408883	ラブライブ！虹ヶ咲学園スクールアイドル同好会 NEXT SKY	LoveLive！虹咲学园学园偶像同好会 NEXT SKY	2023-06-23	1	OVA		335579	442614
408897	龙族Ⅱ 悼亡者之瞳		2025-07-18	24	WEB		312297	577146
408935	ポールプリンセス!!	钢管舞公主！！	2023-01-13	7	WEB			427360
408959	PIZZA配達淫II Movie版		2022-11-25	1		1	325676	
409176	短編プチロマンス『公園へ行こう/小原美海』 ～ローター少女に誘われるがまま中出しさせられた男の末路～		2022-06-04	1		1		414738,518465,518468,518471
409282	白发沈辣	白发沈辣	2024-07-11	8	WEB		244334	
409323	ひろがるスカイ！プリキュア	开阔天空！光之美少女	2023-02-05	50	TV		364932	467784
409383	邪神ちゃんドロップキック 続編	邪神与厨二病少女 续篇			OVA		316131	
409621	メゾ・de・パーヴ 202 笠原いずみ vol.2『ニューハーフなので裏オプ本番中出しの際はケツマ〇コですがよろしいでしょうか？というお話…』		2022-04-10	1		1	316491	
409622	SILENT CHILL -DEJA VU-		2021-06-06	1		1		409623
409623	SILENT CHILL -DOUBT-		2019-11-18	1		1	409622	409625
409625	SILENT CHILL ―Discovery―		2019-07-18	1		1	409623	
410020	开心超人联盟之平行时空大冒险		2022-12-09	52	TV		410024	460457
410023	开心超人联盟之奇幻谜瑞岛		2021-11-19	26	TV		333379	410024
410024	开心超人联盟之异星迷航		2022-05-20	26	TV		410023	410020
410346	2.5次元の誘惑	2.5次元的诱惑	2024-07-05	24	TV			528495
410418	しん次元! クレヨンしんちゃん THE MOVIE 超能力大決戦 〜とべとべ手巻き寿司〜	蜡笔小新：新次元！超能力大决战	2023-08-04	1	剧场版		361697	469483
410486	The Cuphead Show! Season 3	茶杯头大冒险 第三季	2022-11-18	11	WEB		386950	
410930	ゼロカスタム		2007-11-01	1		1		410931
410931	ゼロカスタム2		2009-02-05	1		1	410930	
410936	劇場総集編 SSSS.GRIDMAN	剧场总集篇 SSSS.古立特	2023-01-20	1	剧场版			362335
410938	劇場総集編 SSSS.DYNAZENON	剧场总集篇 SSSS.电光机王	2023-03-10	1	剧场版			362335
410939	Unnamed Memory	无名记忆	2024-04-09	12	TV			501205
410952	G vs. G	哥斯拉VS盖刚	2019-03-20	1	WEB			402112
411082	クレヨンしんちゃん外伝 お・お・お・のしんのすけ	蜡笔小新外传 妖怪与新之助	2017-05-31	13	WEB		265792	
411101	中国传媒大学 2023届（2019级）中传动画联合创作		2022-07-09	24	短片		645691	565539
411106	め組の大吾 救国のオレンジ	特搜组大吾 救国的橘色部队	2023-09-30	23	TV		82524	
411212	TrashBox2		2007-01-26	1		1	411213	
411213	TrashBox		2005-03-13	1		1		411212
411244	劇場版 Collar×Malice -deep cover- 後編	剧场版 Collar×Malice -deep cover- 后篇	2023-06-23	1	剧场版		283666	
411246	ポケットモンスター めざせポケモンマスター	宝可梦 旅途 目标是宝可梦大师	2023-01-13	11	TV		292522	411247
411247	ポケットモンスター	宝可梦 地平线	2023-04-14	152	TV		411246	
411248	ポケットモンスター 遥かなる青い空	宝可梦 遥远青空	2022-12-23	1	TV		202242	
411253	喜羊羊与灰太狼之勇闯四季城		2023-01-06	60	TV		384723	436597
411268	アークナイツ【冬隠帰路/PERISH IN FROST】	明日方舟：冬隐归路	2023-10-06	8	TV		354190	492199
411276	夜桜さんちの大作戦	夜樱家的大作战	2024-04-07	27	TV			517027
411426	鴨乃橋ロンの禁断推理	鸭乃桥论的禁忌推理	2023-10-02	13	TV			472331
411427	SPY×FAMILY Season 2	间谍过家家 第二季	2023-10-07	12	TV		373267	498378
411450	青の祓魔師 島根啓明結社篇	青之驱魔师 岛根启明结社篇	2024-01-06	12	TV		186034	486345
411462	The Littles Season 1	小不点 第一季	1983-09-10	13	TV			411599
411599	The Littles Season 2	小不点 第二季	1984-09-08	8	TV		411462	411600
411600	The Littles Season 3	小不点 第三季	1985-09-14	8	TV		411599	
411969	忍たま乱太郎 第30シリーズ	忍者乱太郎 第30季	2022-04-04	76	TV		375671	411977
411977	忍たま乱太郎 第31シリーズ	忍者乱太郎 第31季	2023-04-03	76	TV		411969	473769
412008	転生したら剣でしたII	转生就是剑 第二季	2026-10-07	12	TV		350224	
412144	乙女ゲー世界はモブに厳しい世界です2	恋爱游戏世界对路人角色很不友好 第二季	2026-07-08	12	TV		359980	
412164	放課後少年花子くん	放学后少年花子君	2023-10-12	4	TV			464594
412300	天地無用！GXP パラダイス始動編	天地无用！GXP 乐园始动篇	2023-05-26	6	OVA		56626	666541
412916	BLEACH 千年血戦篇-訣別譚-	死神 千年血战篇-诀别谭-	2023-07-08	13	TV		302286	457326
413594	The Owl House Season 3	猫头鹰魔法社 第三季	2022-10-15	3	剧场版		343589	
413616	武庚纪 第四季 下篇		2023-01-03	18	WEB		316170	
413617	维将		2023-01-06	26	WEB			520629
413619	非人哉 第二季 Part.2	非人哉 第二季 13-24集	2023-01-18	12	WEB		393947	448676,478409
413635	うる星やつら 第2期	福星小子 第二季	2024-01-11	23	TV		364468	
413755	妖神记 第七季		2023-01-14	52	WEB		405302	492017
413806	Fate/Grand Order 藤丸立香はわからない	Fate/Grand Order 藤丸立香想不明白	2023-02-07	33	WEB			467713
414005	少年歌行 风花雪月篇：特别篇 苍茫云海间		2022-06-15	1	WEB		355470	
414166	Ten Year Old Tom	十岁的汤姆	2021-09-30	10	WEB			441661
414188	福五鼠之风云再起			26	TV		151504	
414478	シュガーバニーズ ショコラ！	糖兔子巧克力	2008-04-01	26	TV		473525	473526
414590	大雪海のカイナ ほしのけんじゃ	大雪海的卡纳 星之贤者	2023-10-13	1	剧场版		366250	
414597	魔術士オーフェンはぐれ旅 聖域編	魔术士奥芬的无赖之旅 圣域篇	2023-04-12	12	TV		401786	
414669	11ぴきのねこ	11只猫	1980-07-19	1	剧场版			424544
414710	《鲤氏侦探事务所》迷你剧先行短片 - Home Service		2021-10-24	1	短片			383649
414719	がんばれ!!タブチくん!!		1979-11-10	1	剧场版			311800
414738	短編プチロマンス『公園へ行こう act.2 葉山芽依』～青姦の一部始終を少女に盗撮されていた男の末路～		2022-12-21	1		1	409176	518465,518468,518471
414742	はなかっぱ 第11期	花样河童 第11季	2020-04-01	30	TV		302447	414743
414743	はなかっぱ 第12期	花样河童 第12季	2021-04-07	30	TV		414742	414746
414746	はなかっぱ 第13期	花样河童 第13季	2022-04-04	29	TV		414743	427943
414753	BASTARD!! -暗黒の破壊神- 第2期 地獄の鎮魂歌編	BASTARD！！暗黑破坏神 第二季 地狱的镇魂歌篇	2023-07-31	15	WEB		390312	
414866	超普通県チバ伝説	超普通县千叶传说	2024-01-05	13	TV		310150	
414969	夜は猫といっしょ シーズン2	关于养猫我一直是新手 第二季	2023-03-08	30	WEB		379456	481865
414975	小狮子赛几 第2季		2022-03-29	52	WEB		337449	
415065	Kung Fu Panda: The Dragon Knight Season 2	功夫熊猫：神龙骑士 第二季	2023-01-12	12	TV		388088	452836
415333	おじゃる丸 第2シリーズ	反斗小王子 第2季	1999-04-05	90	TV		9271	415488
415482	メイドインアビス 目覚める神秘	来自深渊 觉醒的神秘	2026-10-23	1	剧场版		298477	
415488	おじゃる丸 第3シリーズ	反斗小王子 第3季	2000-04-03	90	TV		415333	416176
415679	诛仙 第二季		2024-03-30	26	WEB		312298	506325
415728	劇場版 美少女戦士セーラームーンCosmos 後編	剧场版 美少女战士Cosmos 后篇	2023-06-30	1	剧场版		379605	
415749	兵主奇魂 第一季（下）		2023-01-24	12	WEB		358663	
415772	結婚指輪物語	婚戒物语	2024-01-06	12	TV			486311
415779	進撃の巨人 The Final Season 完結編 後編	进击的巨人 最终季 完结篇 后篇	2023-11-04	1	TV		376739	
416176	おじゃる丸 第4シリーズ	反斗小王子 第4季	2001-04-02	90	TV		415488	416177
416177	おじゃる丸 第5シリーズ	反斗小王子 第5季	2002-04-01	90	TV		416176	416178
416178	おじゃる丸 第6シリーズ	反斗小王子 第6季	2003-04-07	90	TV		416177	416180
416180	おじゃる丸 第7シリーズ	反斗小王子 第7季	2004-04-05	90	TV		416178	416181
416181	おじゃる丸 第8シリーズ	反斗小王子 第8季	2005-04-04	90	TV		416180	416182
416182	おじゃる丸 第9シリーズ	反斗小王子 第9季	2006-04-03	90	TV		416181	416183
416183	おじゃる丸 第10シリーズ	反斗小王子 第10季	2007-04-02	90	TV		416182	416188
416188	おじゃる丸 第11シリーズ	反斗小王子 第11季	2008-03-31	90	TV		416183	416189
416189	おじゃる丸 第12シリーズ	反斗小王子 第12季	2009-03-30	90	TV		416188	416190
416190	おじゃる丸 第13シリーズ	反斗小王子 第13季	2010-03-29	90	TV		416189	416204
416204	おじゃる丸 第14シリーズ	反斗小王子 第14季	2011-03-28	88	TV		416190	416205
416205	おじゃる丸 第15シリーズ	反斗小王子 第15季	2012-04-02	90	TV		416204	416206
416206	おじゃる丸 第16シリーズ	反斗小王子 第16季	2013-04-01	70	TV		416205	416207
416207	おじゃる丸 第17シリーズ	反斗小王子 第17季	2014-04-01	70	TV		416206	416208
416208	おじゃる丸 第18シリーズ	反斗小王子 第18季	2015-04-01	63	TV		416207	416209
416209	おじゃる丸 第19シリーズ	反斗小王子 第19季	2016-04-06	66	TV		416208	416210
416210	おじゃる丸 第20シリーズ	反斗小王子 第20季	2017-04-05	60	TV		416209	416313
416313	おじゃる丸 第21シリーズ	反斗小王子 第21季	2018-04-04	60	TV		416210	416314
416314	おじゃる丸 第22シリーズ	反斗小王子 第22季	2019-04-03	60	TV		416313	416315
416315	おじゃる丸 第23シリーズ	反斗小王子 第23季	2020-04-01	60	TV		416314	416316
416316	おじゃる丸 第24シリーズ	反斗小王子 第24季	2021-03-31	60	TV		416315	416317
416317	おじゃる丸 第25シリーズ	反斗小王子 第25季	2022-04-04	60	TV		416316	636043
416443	ヒトリイロ		2021-07-12	1	WEB			416444
416444	ヒスイ	翡翠	2021-11-19	1	WEB		416443	416446
416446	ネオンテトラ		2022-06-19	1	WEB		416444	416461
416461	ラスター		2023-01-19	1	WEB		416446	
416533	まじかる☆タルるートくん 燃えろ!友情の魔法大戦	幻法小魔星 燃烧吧! 友情的魔法大战	1991-07-20	1	剧场版		416781	416783
416736	My Little Pony: Make Your Mark Chapter 1	小马宝莉：我的可爱印记 第一章	2022-05-26	1	WEB		346077	416737
416737	My Little Pony: Make Your Mark Chapter 2	小马宝莉：我的可爱标记 第二章	2022-09-26	8	WEB		416736	416739
416739	My Little Pony: Make Your Mark Chapter 3	小马宝莉 我的可爱标记 第三章	2022-11-21	1	WEB		416737	436008
416752	私のハッシュタグが映えなくて。	我的标签不显眼	2023-01-19	1	短片		366526	481478
416781	まじかる☆タルるートくん	幻法小魔星 剧场版	1991-03-09	1	剧场版			416533
416783	まじかる☆タルるートくん すき・すき♡タコ焼きっ!	幻法小魔星 剧场版3	1992-03-07	1	剧场版		416533	
417286	快乐星猫第二季	快乐星猫第二季		26	TV		116142	417287
417287	快乐星猫第三季	快乐星猫第三季		26	TV		417286	417345
417345	快乐星猫第四季	快乐星猫第四季		26	TV		417287	417346
417346	快乐星猫第五季	快乐星猫第五季		26	TV		417345	417350
417350	快乐星猫第六季	快乐星猫第六季		26	TV		417346	417355
417355	快乐星猫第七季	快乐星猫第七季		26	TV		417350	417358
417358	快乐星猫第八季	快乐星猫第八季		26	TV		417355	
417387	劇場版 とっとこハム太郎 ハムハムハムージャ! 幻のプリンセス		2002-12-14	1	剧场版		317785	417396
417396	劇場版 とっとこハム太郎 ハムハムグランプリン オーロラ谷の奇跡 リボンちゃん危機一髪!		2003-12-13	1	剧场版		417387	417398
417398	劇場版 とっとこハム太郎 はむはむぱらだいちゅ! ハム太郎とふしぎのオニの絵本塔		2004-12-23	1	剧场版		417396	
417407	とっとこハム太郎 は〜い!	哈姆太郎 第三季	2006-04-05	52	TV		18513	
417410	とっとこハム太郎	哈姆太郎 2012	2012-04-07	51	TV		13264	
417975	Ernest et Celestine 2: Le Voyage en Charabie	艾特熊和赛娜鼠2：吉波利塔之旅	2022-12-14	1	剧场版		75568	
418229	魔法少女育成計画 restart	魔法少女育成计划 restart	2026-10-05	12	TV		145946	
418359	The Legend of Vox Machina S2	机械之声的传奇第二季	2023-01-20	12	WEB		368625	505372
418484	ぐんまちゃん シーズン2	群马酱 第二季	2023-04-08	13	TV		341168	
419209	阿衰 第八季	阿衰 第八季	2022-06-03	34	TV		370351	419211
419211	阿衰 第九季	阿衰 第九季	2022-11-11	52	TV		419209	
419215	世说新语 动态漫		2019-07-10	10	动态漫画			419216
419216	世说新语 动态漫 第二季		2019-12-31	12	动态漫画		419215	
419426	バイオハザード：デスアイランド	生化危机 死亡岛	2023-06-21	1	剧场版		148729	
419613	Zootopia 2	疯狂动物城2	2025-11-26	1	剧场版		133860	695768
419825	My Little Pony: Pony Life Season 1	小马宝莉之魔力新世界 第一季	2020-11-07	26	TV			419826
419826	My Little Pony: Pony Life Season 2	小马宝莉之魔力新世界 第二季	2021-04-10	14	TV		419825	
419828	My Little Pony: Tell Your Tale Season 1	小马宝莉：小马国大小事 第一季	2022-04-07	52	WEB			474841
419846	陰の実力者になりたくて！ 2nd season	想要成为影之实力者！ 第二季	2023-10-04	12	TV		329114	471345
419872	リコリス・リコイル 新作	莉可丽丝 新作					364450	
419874	My Little Pony Equestria Girls Digital Series (Season 2)		2019-01-11	32	WEB		267366	
420084	異修羅	异修罗	2024-01-03	12	TV			485782
420442	KUROMI'S PRETTY JOURNEY		2023-02-17	21	WEB			523496
420628	薬屋のひとりごと	药屋少女的呢喃	2023-10-21	24	TV			486347
421003	Trolls Band Together	魔发精灵3	2023-11-17	1	剧场版		210400	
421004	発明BOYカニパン	机甲发明小子	1998-07-03	31	TV			37474
421174	転生したらスライムだった件 コリウスの夢	关于我转生变成史莱姆这档事 柯里乌斯之梦	2023-11-01	3	WEB			350185
421357	Bluey Season 3	布鲁伊 第三季	2021-09-05	50	TV		366228	
421834	おじさん改造講座	大叔改造讲座	1990-02-24	1	剧场版			53954
421842	蜀山奇仙录 第2季		2024-09-30	10	WEB		286353	
422154	ポケモンコンシェルジュ	宝可梦 礼宾部	2023-12-28	4	WEB			481530
422176	BabyRiki	瑞奇宝宝		52	TV			422178
422178	BabyRiki Season 2	瑞奇宝宝 第二季	2018-06-01	52	TV		422176	482744
422351	雄狮少年2	雄狮少年2	2024-12-14	1	剧场版		338424	525114
422497	LEGO Ninjago：Masters of Spinjitzu	乐高幻影忍者 试播集	2011-01-14	4	TV			554341
422501	최강 전사 의 미니 특공대	最强战士之迷你特工队	2014-09-03	52	TV			459379
422505	ちびゴジラの逆襲	小哥斯拉的逆袭	2023-04-01	13	TV			484191
422678	摇滚藏獒3：乘风破浪		2023-02-24	1	剧场版		363287	
422699	映画 プリキュアオールスターズF	电影 光之美少女 All Stars F	2023-09-15	1	剧场版			
422759	鬼滅の刃 遊郭編 特別編集版	鬼灭之刃 游郭篇 特別编集版	2023-04-01	2	TV		350764	484412
422801	Nexo Knights Season 1	乐高：未来骑士团 第一季	2016-01-11	10	TV			574326
422837	百炼飞升录	百炼飞升录	2023-03-24	60	WEB			498120
422904	映画 すみっコぐらし ツギハギ工場のふしぎなコ	电影 角落小伙伴 奇幻的玩具工厂	2023-11-03	1	剧场版		333260	545844
422914	Teenage Mutant Ninja Turtles: Mutant Mayhem	忍者神龟：变种大乱斗	2023-08-02	1	剧场版			618786
423036	中国奇谭 第二季		2026-01-01	9	WEB		358660	
423621	BORUTO-ボルト- NARUTO NEXT GENERATIONS 第ニ部	博人传-火影次世代- 第二部			TV		202661	
423649	新猪猪侠大电影·超级赛车		2023-04-29	1	剧场版		384767	446293
423726	Transformers: Earthspark Season 1	变形金刚:地球火种 第一季	2022-11-11	26	TV			563558
423728	Kiff	小松鼠的欢乐生活	2023-03-10	30	TV			709324
423744	Justice League x RWBY: Super Heroes and Huntsmen Part One	正义联盟与红白黑黄：超级英雄和猎人（上)	2023-04-25	1	OVA			456414
423976	苍兰诀2	苍兰诀 第二季	2025-07-18	26	WEB		402540	
424242	不滅のあなたへ Season 3	致不灭的你 第三季	2025-10-04	22	TV		348128	
424372	Dr.STONE NEW WORLD 第2クール	石纪元 新世界 第2部分	2023-10-12	11	TV		363101	471578
424379	君のことが大大大大大好きな100人の彼女	超超超超超喜欢你的100个女朋友	2023-10-08	12	TV			471793
424453	キボウノチカラ～オトナプリキュア'23～	希望的力量～大人光之美少女'23～	2023-10-07	12	TV		15957,15958	
424454	魔法つかいプリキュア！！～MIRAI DAYS～	魔法使光之美少女！！～未来之日～	2025-01-11	12	TV		159826	
424486	梦幻书院 第八季		2023-03-27	12	WEB		388330	473672
424544	11ぴきのねことあほうどり	11只猫和信天翁	1986-08-23	1	剧场版		414669	
424557	吞噬星空 宇宙篇		2023-10-03	175	WEB		583978	
424573	逃げ上手の若君	擅长逃跑的殿下	2024-07-06	12	TV			517106
424663	魔法少女にあこがれて	梦想成为魔法少女	2024-01-03	13	TV			516788
424818	ゴー！ゴー！びーくるずー	Go! Go! Vehicle Zoo	2023-04-02	26	TV			550487
424853	キン肉マン 完璧超人始祖編	金肉人 完美超人始祖篇	2024-07-07	12	TV		133215	514744
424883	時々ボソッとロシア語でデレる隣のアーリャさん	不时轻声地以俄语遮羞的邻座艾莉同学	2024-07-03	12	TV			513725
424892	デッドマウント・デスプレイ 第2クール	亡骸游戏 第2部分	2023-10-09	12	TV		408013	
424944	映画しまじろう しまじろうとうるるのヒーローランド	巧虎与乌鲁鲁的英雄乐园	2019-03-15	1	剧场版		229040	295473
424945	映画しまじろう しまじろうとキラキラおうこくのおうじさま	巧虎与闪亮闪亮王国的王子殿下	2022-03-11	1	剧场版		295473	469288
424946	巧虎魔法岛历险记	巧虎魔法岛历险记	2021-07-24	1	剧场版		295473	
424989	肥志百科 第8季	肥志百科 第8季	2023-04-15	12	WEB		402649	471778
424998	South Park Season 26	南方公园 第26季	2023-02-08	6	TV		366527	549641
425129	火狩りの王 第2シーズン	狩火之王 第二季	2024-01-14	10	TV		318599	
425176	PiNMeN			12	TV			324278
425179	夢色パティシエールSP プロフェッショナル	梦色蛋糕师SP Professional	2010-10-03	13	TV		2725	
425211	かぐや様は告らせたい-ファーストキッスは終わらない-	辉夜大小姐想让我告白-初吻不会结束-	2023-03-31	4	TV		317613	565802
425222	アイドルマスター シャイニーカラーズ	偶像大师 闪耀色彩	2024-04-05	12	TV			483362
425355	想星のアクエリオン Myth of Emotions	想星的大天使 Myth of Emotions	2025-01-09	12	TV		126024	
425357	Black Dynamite Season 1	黑色炸药 第一季	2012-07-15	10	TV			425358
425358	Black Dynamite Season 2	黑色炸药 第二季	2014-10-18	9	TV		425357	
425424	青蛙王国之奇幻女王历险		2023-04-01	1	剧场版		398948	
425587	僕のヒーローアカデミア 第7期	我的英雄学院 第七季	2024-05-04	21	TV		236657,488960	518413
425590	ハートカクテル カラフル	心情鸡尾酒 Colorful	2023-03-28	15	TV		164980	
425601	カミエラビ	神选	2023-10-04	12	TV			467803
425604	永久少年 Eternal Boys NEXT STAGE	永久少年 Eternal Boys NEXT STAGE	2023-06-09	1	剧场版		374563,425607	
425605	映画 ギヴン 柊mix	电影 GIVEN 柊mix	2024-01-27	1	剧场版		290993	452627
425607	永久少年 Eternal Boys 特別編集版		2023-05-19	1	剧场版			425604
425638	キャプテン翼 シーズン2 ジュニアユース編	足球小将 第二季 世少篇	2023-10-01	39	TV		232072	
425823	Большо́е путеше́ствие	大旅行	2019-04-27	1	剧场版			425824
425824	Большое путешествие: Специальная доставка	大旅行2：特快专递	2022-10-27	1	剧场版		425823	
425916	シュガーアップル・フェアリーテイル 第2クール	银砂糖师与黑妖精 第2部分	2023-07-07	12	TV		351373	
425934	Le petit Nicolas	小淘气尼古拉	2009-09-13	52	TV			425935
425935	Le petit Nicolas Season 2	小淘气尼古拉 第2季	2011-09-01	52	TV		425934	
425936	爆丸レジェンズ	爆丸传奇	2023-03-31	13	WEB		382137	
425937	終末のワルキューレⅡ 後編	终末的女武神Ⅱ 后篇	2023-07-12	5	WEB		346982	544020
425969	シャドウバースＦ セブンシャドウズ編	影之诗F 七影篇	2023-07-08	25	TV		351943	471769
425988	先輩はおとこのこ	前辈是男孩子	2024-07-04	12	TV			515392
425990	帰還者の魔法は特別です	归还者的魔法要特别	2023-10-07	12	TV			471844
425992	ホリミヤ -piece-	堀与宫村 -piece-	2023-07-01	13	TV		315069	
425994	攻殻機動隊 SAC_2045 最後の人間	攻壳机动队SAC_2045 最后的人类	2023-11-23	1	剧场版		341383	
425998	Re:ゼロから始める異世界生活 3rd season 襲擊編	Re：从零开始的异世界生活 第三季 袭击篇	2024-10-02	8	TV		316247	510728
426044	デュエル・マスターズWIN 決闘学園編	决斗大师WIN 决斗学园篇	2023-04-02	49	TV		396443	
426049	『ヒプノシスマイク-Division Rap Battle-』Rhyme Anima ＋	催眠麦克风 第二季	2023-10-06	13	TV		295862	523821
426100	TRIGUN STARGAZE	枪神 观星之人	2026-01-10	12	TV		388170	
426123	ブルーロック VS. U-20 JAPAN	蓝色监狱 VS. U-20 日本代表队	2024-10-05	14	TV		341163	589513
426156	HIGH CARD season2	至高之牌 第二季	2024-01-08	12	TV		373390	
426239	青春ブタ野郎はランドセルガールの夢を見ない	青春猪头少年不会梦到红书包女孩	2023-12-01	1	剧场版		402656	467930
426274	冒険大陸 アニアキングダム	冒险大陆 安利亚王国	2023-04-02	39	TV			501853
426284	ユーチューニャー	YouTu喵	2023-04-04	15	短片			485354
426531	もののがたり 第二章	物之古物奇谭 第二章	2023-07-03	12	TV		357210	
426617	おしりたんてい コズミックフロント ～コズっとなぞとき！きえたきょうりゅうかせき～		2023-03-18	1	TV			426619
426619	おしりたんてい コズミックフロント ～コズっとなぞとき！うちゅうのおおどろぼう～		2023-03-25	1	TV		426617	
426815	文豪ストレイドッグス 第5シーズン	文豪野犬 第五季	2023-07-12	11	TV		356413	
426947	WIND BREAKER	防风少年	2024-04-04	13	TV			501626
427233	五等分の花嫁∽	五等分的新娘∽	2023-09-02	2	TV		282000	331489
427235	カードキャプターさくら クリアカード編 続編	魔卡少女樱 透明牌篇 续篇					183891	
427329	東京リベンジャーズ 天竺編	东京复仇者 天竺篇	2023-10-03	13	TV		360783	499474
427360	劇場版 ポールプリンセス!!	剧场版 钢管舞公主!!	2023-11-23	1	剧场版		408935	
427943	はなかっぱ 第14期	花样河童 第14季	2023-04-03	30	TV		414746	502500
428130	师兄啊师兄 第二季		2023-12-14	26	WEB		388781	497026
428418	スパイ教室 2nd season	间谍教室 第二季	2023-07-13	12	TV		374206	
428735	BanG Dream! It's MyGO!!!!!		2023-06-29	13	TV			454684
429042	被迫成为反派赘婿 动态漫	被迫成为反派赘婿 动态漫	2021-04-23	22	动态漫画			484673
429332	宇宙护卫队：风暴力量		2023-04-29	1	剧场版		429338	545168
429333	宇宙护卫队		2018-10-08	52	TV			429334
429334	宇宙护卫队2		2019-09-27	26	TV		429333	429335
429335	宇宙护卫队3		2020-09-30	26	TV		429334	350613
429337	宇宙护卫队之百变霸王龙 第一季		2022-07-22	26	TV		350613	429338
429338	宇宙护卫队之百变霸王龙 第二季		2022-11-01	26	TV		429337	429332
429644	名探偵コナン 100万ドルの五稜星	名侦探柯南：百万美元的五棱星	2024-04-12	1	剧场版		407515	489499
429899	幻想万華鏡 霊夢暗殺計画の章	幻想万华镜 灵梦暗杀计划之章	2023-05-07	1	OVA		282891	508295
429900	Integra Type S: Chiaki’s Journey II		2023-04-14	4	WEB		366447	
429921	神澜奇域无双珠 天魔篇		2023-07-15	15	WEB		405493	
429938	Wakfu Season 4	沃土 第四季	2024-02-09	13	TV		171938	584912
430067	オモチャ箱 シリーズ 第3話 絵本1936年	玩具箱系列第3话 绘本1936年	1934-04-13		剧场版		542673	
430135	Hazbin Hotel	地狱客栈	2024-01-19	8	WEB		293872	457549
430148	Clone High	克隆高校	2002-11-02	13	TV			430150
430150	Clone High Season 1	克隆高校 第一季	2023-05-23	10	WEB		430148	476536
430298	Helluva Boss Season 2	极恶老大 第二季	2022-07-30	12	WEB		335729	573707
430480	The Patrick Star Show	派大星秀	2021-07-09	26	TV			549993
430499	Marvel's Moon Girl and Devil Dinosaur	月亮女孩与恶魔恐龙	2023-02-10	16	TV			621102
430507	Marvel's Spidey and His Amazing Friends Season 1	小蜘蛛和他的神奇小伙伴们：邻家小英雄	2021-08-06	25	TV			430508
430508	Marvel's Spidey and His Amazing Friends Season 2	小蜘蛛和他的神奇小伙伴们：家园守护者	2022-08-19	29	TV		430507	476514
430656	The Simpsons Season 34	辛普森一家 第三十四季	2022-09-25	22	TV		379840	430660
430660	The Simpsons Season 35	辛普森一家 第三十五季	2023-10-01	18	TV		430656	519266
430663	Family Guy (Season 21)	恶搞之家 第二十一季	2022-09-25	20	TV		406827	430664
430664	Family Guy (Season 22)	恶搞之家 第二十二季	2023-10-01	15	TV		430663	549976
430699	メダリスト	金牌得主	2025-01-04	13	TV			548818
431330	Frog and Toad	青蛙和蟾蜍	2023-04-28	8	WEB			494842
431388	大耳朵图图 第二季	大耳朵图图 第二季	2008-01-18	26	TV		44676	538217
431518	Deputy Droopy	副警长德鲁比	1955-10-28	1	剧场版		653590	653592
431751	念仏物語	念佛故事		7	OVA		614002	
431767	ガールズバンドクライ	少女乐队的呐喊	2024-04-05	13	TV			587772
431809	九天玄帝诀 第四季		2023-05-01	52	WEB		403743	458927
432044	あんさんぶるスターズ！！追憶セレクション『クロスロード』	偶像梦幻祭 追忆Selection『Crossroad』	2023-11-10	6	WEB		400776	456251
432463	茶啊二中		2023-07-14	1	剧场版			449793
432478	Star Wars: Resistance Season 2	星球大战：抵抗组织 第二季	2019-10-06	19	TV		255714	
432638	gen:LOCK Season 2	情报：锁定 第二季	2021-11-04	8	WEB		272905	
432751	闇芝居 第11期	暗芝居 第十一季	2023-07-09	13	TV		362733	465694
432776	枕刀歌3：孤城闭雪		2025-09-19	14	WEB		345812	448620
432779	My Adventures With Superman	我与超人的冒险	2023-07-06	10	TV			493012
432932	谷围南亭	谷围南亭	2025-09-30	16	WEB			662684
432937	雪王驾到		2023-08-25	12	WEB			506323
433072	オーイ！とんぼ	蜻蛉高球	2024-04-06	13	TV			501737
433672	퇴마록	退魔录	2025-02-21	1	剧场版			706789
433729	邪神ちゃんドロップキック【世紀末編】	邪神与厨二病少女【世纪末篇】	2023-12-26	1	TV		316131	
434144	転生貴族、鑑定スキルで成り上がる	转生贵族凭鉴定技能扭转人生	2024-04-07	12	TV			500855
434425	风雨廊桥3毗沙门天	风雨廊桥 毗沙门天	2024-07-21	1	WEB		345788	
434960	万界至尊 第二季		2023-09-28	52	WEB		405306	652416
434961	剑仙在此 第二季		2024-01-27		WEB		385187	
435075	画江湖之不良人柒：九幽玄天	画江湖之不良人第七季：九幽玄天	2025-03-27	12	WEB		367712	505398
435076	べあべあべあくまーぱーんち！		2023-05-03	5	WEB		319284	
435507	Mice Follies	室内溜冰场	1954-09-04	1	剧场版		634763	634767
435508	Rock 'n' Rodent	摇滚舞会	1966-03-15	1	剧场版		634485	634488
436008	My Little Pony: Make Your Mark Chapter 4	小马宝莉 我的可爱标记 第四章	2023-06-06	7	WEB		416739	455066
436055	Hopper et le hamster des ténèbres	飞兔大联盟	2022-02-16	1	剧场版			707900
436597	喜羊羊与灰太狼之遨游神秘洋		2023-07-06	60	TV		411253	464480
436681	如果历史是一群喵 宋辽金夏篇		2023-09-10	12	WEB		402739	448624
436738	劇場総集編ぼっち・ざ・ろっく！ Re:	剧场总集篇孤独摇滚！ Re:	2024-06-07	1	剧场版			459642
436940	燃えろアーサー 白馬の王子	燃烧吧亚瑟 白马的王子	1980-04-06	22	TV		103075	
437243	Le Collège Noir	黑暗学院	2023-10-31	6	WEB			665014
437484	Creature Commandos	生物突击队	2024-12-05	7	WEB			530295
437502	おでかけ子ザメ	小鲨鱼去郊游	2023-08-01	60	WEB			494044
437925	忘星のヴァリシア 第一章：劫火		2023-07-03	1	剧场版			540904
438038	Tuca & Bertie Season 2	鸟姐妹的反差生活 第二季	2021-06-13	10	TV		293730	438039
438039	Tuca & Bertie Season 3	鸟姐妹的反差生活 第三季	2022-07-10	10	TV		438038	
438125	SuperMansion Season 3	超级豪宅 第三季	2018-05-07	18	TV		438914	
438162	哈皮父子2		2008-01-28	52	TV		116145	438164
438164	哈皮父子与水金刚	哈皮父子与水金刚		26	TV		438162	438167
438167	哈皮父子之超能泡蛋			52	TV		438164	438170
438170	哈皮父子之超能泡蛋2		2010-09-20	26	TV		438167	438173
438173	哈皮父子之反转泡蛋		2013-08-24	30	TV		438170	
438221	熊熊乐园3		2019-10-03	52	TV		249304	438222
438222	熊熊乐园4		2021-07-15	26	TV		438221	
438229	熊熊帮帮团		2021-12-10	52	TV			445680
438653	Teenage Euthanasia	少年安乐死	2021-09-06	7	TV			438655
438655	Teenage Euthanasia Season 2	少年安乐死 第二季	2023-07-24	10	TV		438653	
438747	憨八龟的故事第二部拯救王子			52	TV		72297	
438914	SuperMansion Season 2	超级豪宅 第二季	2017-02-16	10	TV		199603	438125
439022	Bob's Burgers Season 8	开心汉堡店 第八季	2017-10-01	21	TV		209262	439023
439023	Bob's Burgers Season 9	开心汉堡店 第九季	2018-09-30	22	TV		439022	439024
439024	Bob's Burgers Season 10	开心汉堡店 第十季	2019-09-29	22	TV		439023	439025
439025	Bob's Burgers Season 11	开心汉堡店 第十一季	2020-09-27	22	TV		439024	439026
439026	Bob's Burgers Season 12	开心汉堡店 第十二季	2021-09-26	22	TV		439025	439027
439027	Bob's Burgers Season 13	开心汉堡店 第十三季	2022-09-25	22	TV		439026	439028
439028	Bob's Burgers Season 14	开心汉堡店 第14季	2023-10-01	16	TV		439027	593132
439095	数学荒岛历险记	数学荒岛历险记		40	TV			463626
439197	新テニスの王子様 U-17 WORLD CUP SEMIFINAL	新网球王子 U-17 世界杯 半决赛	2024-10-02	13	TV		352336	586941
439250	Metal family	金属家庭	2018-09-13	10	WEB			439252
439252	Metal Family Season 2	金属家庭 第二季	2021-12-15	10	WEB		439250	
439332	Summer Camp Island Season 2	夏令营岛 第二季	2020-06-18	20	WEB		264319	439333
439333	Summer Camp Island Season 3	夏令营岛 第三季	2020-12-10	12	WEB		439332	439334
439334	Summer Camp Island Season 4	夏令营岛 第四季	2021-06-17	13	WEB		439333	439336
439336	Summer Camp Island Season 5	夏令营岛 第五季	2021-12-09	15	WEB		439334	439337
439337	Summer Camp Island Season 6	夏令营岛 第六季	2023-07-31	20	TV		439336	
439340	Shaun the sheep Season 5	小羊肖恩 第五季	2016-09-05	20	TV		140627	439341
439341	Shaun the sheep Season 6	小羊肖恩 第六季	2020-03-17	20	TV		439340	
439359	F is for Family Season 5	福是全家福的福 第五季	2021-11-25	8	WEB		313649	
439362	Archer Season 10	间谍亚契 第十季	2019-05-29	9	TV		247562	439363
439363	Archer Season 11	间谍亚契 第十一季	2020-09-16	8	TV		439362	439364
439364	Archer Season 12	间谍亚契 第十二季	2021-08-25	8	TV		439363	439366
439366	Archer Season 13	间谍亚契 第十三季	2022-08-24	8	TV		439364	446035
439374	Paradise PD Season 4	天堂镇警局 第四季	2022-12-16	10	WEB		331648	
439375	Infinity Train Book Four: Duet	无尽列车 第四季	2021-04-15	10	WEB		326500	
439376	Moominvalley Season 2	姆明山谷 第二季	2019-12-21	13	TV		300449	439377
439377	Moominvalley Season 3	姆明山谷 第三季	2022-04-01	13	WEB		439376	
439378	Close Enough Season 3	脱序一家亲 第三季	2022-04-07	8	WEB		335279	
439380	Ritter Rost 2: Das Schrottkomplott	铁锈骑士2	2017-01-19	1	剧场版		439572	
439523	Carl's Date	卡尔的约会	2023-06-16	1	剧场版		347843	
439550	主公在哪第二季	主公在哪第二季		26	TV		439551	
439551	主公在哪	主公在哪	2015-11-15	26	TV			439550
439572	Ritter Rost - Eisenhart und voll verbeult	铁锈骑士	2013-01-10	1	剧场版			439380
439841	The Penguins of Madagascar Season 2	马达加斯加的企鹅 第二季	2010-03-13	52	TV		46742	439842
439842	The Penguins of Madagascar Season 3	马达加斯加的企鹅 第三季	2012-04-16	33	TV		439841	
440068	熊出没·逆转时空		2024-02-10	1	剧场版		400129	504386
440072	万圣街 第四季	万圣街 第四季	2023-07-05	12	WEB		345809	
440095	浪浪山小妖怪	浪浪山小妖怪	2025-08-02	1	剧场版			661171
440505	The Venture Bros. Season 4	冒险兄弟 第四季	2009-10-18	17	TV		226559	440506
440506	The Venture Bros. Season 5	冒险兄弟 第五季	2013-06-02	9	TV		440505	440507
440507	The Venture Bros. Season 6	冒险兄弟 第六季	2015-02-19	9	TV		440506	440508
440508	The Venture Bros. Season 7	冒险兄弟 第七季	2018-08-05	10	TV		440507	
440659	Your Friendly Neighborhood Spider-Man	你的友好邻居蜘蛛侠	2025-01-29	10	WEB			595651
440661	X-Men '97	X战警97	2024-03-20	10	WEB		585204	481295
440878	カードファイト!! ヴァンガード DivineZ	卡片战斗先导者 DivineZ	2024-01-13	13	TV		402835	440879
440879	カードファイト!! ヴァンガード Divinez Season2	卡片战斗先导者 DivineZ 第二季	2024-07-06	13	TV		440878	440880
440880	カードファイト!! ヴァンガード Divinez デラックス編	卡片战斗先导者 Divinez Deluxe篇	2025-01-11	13	TV		440879	440881
440881	カードファイト!! ヴァンガード Divinez デラックス決勝編	卡片战斗先导者 Divinez Deluxe决胜篇	2025-07-05	12	TV		440880	591584
441028	PAW Patrol: The Mighty Movie	汪汪队立大功大电影2：超能大冒险	2023-09-29	1	剧场版		363854	618793
441139	Invincible Season 2	无敌少侠 第二季	2023-11-03	8	WEB		331646,446500	465873
441140	Rick and Morty Season 7	瑞克和莫蒂 第七季	2023-10-15	10	TV		358934	451756
441141	Harley Quinn Season 4	哈莉·奎茵 第四季	2023-07-27	10	WEB		389821	465871
441144	Monsters at Work Season 2	怪兽上班 第二季	2024-04-05	10	WEB		337771	
441146	Human Resources Season 1	人力资源 第一季	2022-03-18	10	WEB			441148
441148	Human Resources Season 2	人力资源 第二季	2023-06-09	10	WEB		441146	
441149	The Snoopy Show Season 2	史努比秀 第二季	2022-03-11	13	WEB		329191	441150
441150	The Snoopy Show Season 3	史努比秀 第三季	2023-06-09	12	WEB		441149	
441153	猪猪侠之超星五灵侠 第四季		2022-07-05	26	TV		384728	441154
441154	猪猪侠之超星五灵侠 第五季		2023-04-28	26	TV		441153	441156
441156	猪猪侠之超星五灵侠 第六季		2023-05-31	26	TV		441154	523495
441233	トニカクカワイイ 女子高編	总之就是非常可爱 女子高中篇	2023-07-12	4	WEB		355798	
441434	Chicken Run: Dawn of the Nugget	小鸡快跑：鸡块新时代	2023-12-15	1	WEB		58914	
441661	Ten Year Old Tom Season 2	十岁的汤姆 第二季	2023-06-29	10	WEB		414166	
441662	みどりのマキバオー 終わらない挑戦!!	热斗小马 不结束的挑战！！	2022-07-27	1	OVA		23452	
441795	僕の心のヤバイやつ 第2期	我心里危险的东西 第二季	2024-01-06	13	TV		394260	635266
441800	Toy Story 5	玩具总动员5	2026-06-19	1	剧场版		117148	
441862	Tom and Jerry in New York Season 2	猫和老鼠在纽约 第二季	2021-11-18	6	WEB		349227	
441939	鬼滅の刃 柱稽古編	鬼灭之刃 柱训练篇	2024-05-12	8	TV		369768	501958
442114	罗小黑战记2	罗小黑战记2	2025-07-18	1	剧场版		159725	13603
442116	开心超人之时空营救		2024-01-20	1	剧场版		389666	492477
442356	五行战神		2023-06-24	50	WEB			516455
442359	逗逗迪迪之酷比小侦探			52	TV		208093	442360
442360	逗逗迪迪之汉字小侦探			52	TV		442359	442361
442361	逗逗迪迪爱唱歌			52	TV		442360	442362
442362	逗逗迪迪之美梦精灵			26	TV		442361	
442367	戦え!超ロボット生命体トランスフォーマー2010	战斗吧！超机器人生命体 变形金刚2010	1986-11-14	32	TV		313673	77218
442368	戦え!超ロボット生命体トランスフォーマー	战斗吧！超机器人生命体 变形金刚	1985-07-06	52	TV			313673
442518	A Sinister Halloween Scary Opposites Solar Special	外星也难民：万圣节特别篇	2022-10-03	1	WEB		359768	478096
442523	魔法使いの嫁 SEASON2 第2クール	魔法使的新娘 第二季 第2部分	2023-10-05	12	TV		399820	
442553	有兽焉 第二季	有兽焉 第二季	2023-06-30	12	WEB		358741	453308
442614	映画 ラブライブ！虹ヶ咲学園スクールアイドル同好会 完結編 第1章	电影 Love Live! 虹咲学园校园偶像同好会 完结篇 第1章	2024-09-06	1	剧场版		408883	442615
442615	映画 ラブライブ！虹ヶ咲学園スクールアイドル同好会 完結編 第2章	电影 Love Live! 虹咲学园校园偶像同好会 完结篇 第2章	2025-11-07	1	剧场版		442614	442616
442616	映画 ラブライブ！虹ヶ咲学園スクールアイドル同好会 完結編 最終章	电影 Love Live! 虹咲学园校园偶像同好会 完结篇 最终章		1	剧场版		442615	
442673	女神のカフェテラス 第2期	女神咖啡厅 第二季	2024-07-04	12	TV		398943	
442688	The Transformers: The Rebirth	变形金刚：重生	1987-11-09	3	TV		607653	
442910	区区不才，在下野怪 第二季	区区不才，在下野怪 第二季	2023-07-02	16	WEB		405222	
442956	ろくでなしBLUES	铁拳之道	1992-07-11	1	剧场版			104006
443044	浩昊文字国历险记之智斗谜语城	浩昊文字国历险记之智斗谜语城		26	TV			443045
443045	浩昊文字国历险记之大闹无字城	浩昊文字国历险记之大闹无字城		26	TV		443044	443046
443046	浩昊文字国历险记之浩昊三战怪怪城	浩昊文字国历险记之浩昊三战怪怪城		26	TV		443045	443048
443048	浩昊文字国历险记之巧破笑话城	浩昊文字国历险记之巧破笑话城		26	TV		443046	443049
443049	浩昊文字国历险记之浩昊勇闯童话城	浩昊文字国历险记之浩昊勇闯童话城		26	TV		443048	
443106	ゴールデンカムイ 最終章	黄金神威 最终章	2026-01-05	13	TV		361095	638700
443112	姫様“拷問”の時間です	公主大人“拷问”的时间到了	2024-01-08	12	TV			486763
443147	絆のアリル セカンドシーズン	绊之Allele 第二季	2023-10-04	12	TV		407713	
443326	Garfield and Friends Season 1	加菲猫和他的朋友们 第一季	1988-09-17	13	TV			459591
443428	【推しの子】 第2期	【我推的孩子】 第二季	2024-07-03	13	TV		386809	517057
443446	地獄楽 第二期	地狱乐 第二季	2026-01-11	12	TV		325808	
443493	マッシュル-MASHLE- 神覚者候補選抜試験編	物理魔法使马修 神觉者候补选拔试验篇	2024-01-06	12	TV		389571	496391
443676	夏目友人帳 漆	夏目友人帐 柒	2024-10-07	12	TV		203387	
443831	Fate/strange Fake	Fate/strange Fake	2026-01-03	13	TV		402128	696900
443857	白蛇：浮生		2024-08-10	1	剧场版		265554	328443
443867	斗破苍穹 年番2		2023-07-16	53	WEB		345781	449353
444049	黒執事 -寄宿学校編-	黑执事 -寄宿学校篇-	2024-04-13	11	TV		148389	502875
444339	ザ・ファブル	杀手寓言	2024-04-06	25	TV			639020
444359	映画ドラえもん のび太の地球交響楽	哆啦A梦：大雄的地球交响乐	2024-03-01	1	剧场版		390873	515422
444463	The Great North Season 1	大北方 第一季	2021-01-03	11	TV			444464
444464	The Great North Season 2	大北方 第二季	2021-09-26	22	TV		444463	444465
444465	The Great North Season 3	大北方 第三季	2022-09-25	22	TV		444464	
444557	無職転生Ⅱ ～異世界行ったら本気だす～ 第2クール	无职转生 第二季 ～到了异世界就拿出真本事～ 第2部分	2024-04-07	12	TV		373247	501963
444645	良药 超超前先导片	良药 超超前先导片	2023-06-26	1				607336
444942	ユメミル、アニメ「onちゃん」		2008-01-18	26	TV			444949
444949	ユメミル、アニメ onちゃん シーズン2		2010-11-09	26	TV		444942	
444962	欢乐之城1	欢乐之城1	2012-04-21	52	TV			444979
444968	欢乐之城2	欢乐之城2		52	TV			444979
444979	欢乐之城3	欢乐之城3		52	TV		444962,444968	445249
445249	欢乐之城4	欢乐之城4	2018-01-01	52	TV		444979	445250
445250	欢乐之城5	欢乐之城5	2018-01-01	52	TV		445249	
445262	我是哪吒		2016-10-01	1	剧场版			445264
445264	我是哪吒2之英雄归来		2023-09-29	1	剧场版		445262	
445276	Looney Tunes Cartoons Season 2	乐一通 第二季	2021-07-08	29	WEB		323983	445277
445277	Looney Tunes Cartoons Season 3	乐一通 第三季	2021-11-25	26	WEB		445276	445278
445278	Looney Tunes Cartoons Season 4	乐一通 第四季	2022-01-20	25	WEB		445277	445279
445279	Looney Tunes Cartoons Season 5	乐一通 第五季	2022-02-03	32	WEB		445278	445284
445283	The Dragon Prince Season 5	龙王子 第五季	2023-07-27	9	WEB		407561	503638
445284	Looney Tunes Cartoons Season 6	乐一通 第六季	2023-07-27		WEB		445279	
445288	Sonic Prime Season 2	索尼克：回家大冒险 第二季	2023-07-13	8	WEB		386626	
445304	Krapopolis Season 1	猥城琐事 第一季	2023-09-24	10	TV			460177
445375	一念永恒 第三季		2024-07-03	59	WEB		343136	572768
445680	熊熊帮帮团2	熊熊帮帮团 第2季	2023-07-14	52	TV		438229	546901
445681	凡人修仙传 星海飞驰篇 序章		2023-07-30	4	WEB		348240	406306
445821	ソードアート・オンライン オルタナティブ ガンゲイル・オンラインⅡ	刀剑神域外传 Gun Gale Online 第二季	2024-10-04	12	TV		226750	
445878	まめきちまめこニートの日常 第2弾	豆吉豆子的家里蹲日常 第2弹	2023-05-17	39	TV		400914	
445903	錆喰いビスコ 第2期	食锈末世录 第二季			TV		328447	
445905	勇者刑に処す 懲罰勇者9004隊刑務記録	判处勇者刑 惩罚勇者9004队刑务纪录	2026-01-03	12	TV			638190
446035	Archer Season 14	间谍亚契 第十四季	2023-08-30	11	TV		439366	
446249	七つの大罪 怨嗟のエジンバラ 後編	七大罪 怨嗟的爱丁堡 后篇	2023-08-08	1	WEB		356670	380792
446293	猪猪侠大电影·星际行动		2024-05-01	1	剧场版		423649	493026
446294	潜艇总动员：环游地球80天		2023-08-12	1	剧场版		493561	469943
446295	老鹰抓小鸡2			1	剧场版		351719	
446426	超神伝説うろつき童子 未来篇	超神传说虚月童子 未来篇	1992-10-01	4	OVA	1	38494	446427
446427	超神伝説うろつき童子 放浪篇	超神传说虚月童子 放浪篇	1993-12-21	3	OVA	1	446426	446431
446431	超神伝説うろつき童子 完結篇	超神传说虚月童子 完结篇	1996-12-28	1	OVA	1	446427	
446500	Invincible: Atom Eve	无敌少侠：原子伊芙	2023-07-22	1	WEB			441139
446618	NieR:Automata Ver1.1a 第2クール	尼尔：自动人形 Ver1.1a 第2部分	2024-07-05	12	TV		368116	
447954	UniteUp! -Uni:Birth-	众星齐聚 -Uni:Birth-	2025-01-11	12	TV		402659	
447961	第17回東方M-1ぐらんぷり	第十七届东方M-1漫才大赛	2022-12-31	1	OVA		366493	462990
448366	Disenchantment Season 5	幻灭 第五季	2023-09-01	10	WEB		366215	
448478	忘却バッテリー	失忆投捕	2024-04-09	12	TV			523842
448535	星辰变 第6季	星辰变 第六季	2025-01-30	28	WEB		379023	576731
448619	七侯笔录 第二季			16	WEB		405219	
448620	枕刀歌4：不醉泉			13	WEB		432776	
448621	独步万古		2023-09-29	40	WEB			479479
448623	无脑魔女 第二季	无脑魔女 第二季	2024-01-02	15	WEB		358769	
448624	如果历史是一群喵 南宋金元篇		2024-08-17	12	WEB		436681	526973
448655	大室家 dear sisters	大室家 亲爱的姐妹们	2024-02-02	1	剧场版			448657
448657	大室家 dear friends	大室家 亲爱的朋友们	2024-06-21	1	剧场版		448655	
448676	非人哉 第二季 Part.3	非人哉 第二季 25-48集	2024-09-30	24	WEB		413619	448677
448677	非人哉 第三季		2025-07-22	12	WEB		448676	453309
448689	Animation vs. Math	火柴人 VS 数学	2023-06-24	1				469783
448763	小企鹅的冒险		2023-08-09	52	WEB			452823
448950	セリア先生のわくわくまじかる教室 season2	瑟莉亚老师的激动人心魔法教室 第二季	2023-08-04	12	WEB		345056	
449154	僕のヒーローアカデミア THE MOVIE ユアネクスト	我的英雄学院 You're Next	2024-08-02	1	剧场版		321117	
449187	I Am Groot Season 2	我是格鲁特 第二季	2023-09-06	5	WEB		386627	
449338	紫川 第2季	紫川 第二季	2025-07-30	52	WEB		306019	639387
449343	镖人 第2季	镖人 第2季	2026-06-11	8	WEB		311673	
449344	狐妖小红娘 镜花缘篇	狐妖小红娘12 镜花缘篇	2024-08-03	10	WEB		345761	506836
449346	大理寺日志 叁	大理寺日志 第三季	2026-10-15	16	WEB		312537	
449349	开局一座山 第2季		2024-05-06	24	WEB		345868	
449353	斗破苍穹 中州风云志	斗破苍穹 年番3	2024-08-04	52	WEB		443867	562145
449354	花仙子之魔法香对论	花仙子之魔法香对论	2026-07-04	26	WEB		11683	
449355	完美世界 第四季	完美世界 第四季	2023-10-06	52	WEB		403251	505396
449381	荒神录之升龙宴			1	剧场版		311687	
449393	左手上篮 第二季		2024-12-20	9	WEB		345889	577153
449437	Star Trek: Lower Decks Season 4	星际迷航：下层舰员 第四季	2023-09-07	10	WEB		396699	512939
449570	少年白马醉春风 第二季		2024-07-17	26	WEB		402199	516415
449725	戦国妖狐 世直し姉弟編	战国妖狐 救世姐弟篇	2024-01-10	13	TV			488197
449793	茶啊二中2			1	剧场版		432463	
449824	巴啦啦小魔仙之星缘蝶启1		2023-08-11	26	TV		378809	471493
450379	【映姫】第１５回東方M-1ぐらんぷり	【四季版】第十五届东方M-1漫才大赛	2021-01-31	1	OVA		299576	366493
450525	赵琳的探险日记		2023-10-20	52	TV			567279
450560	雾山五行 封界大战				WEB		312658	
450927	武映三千道 第二季		2023-08-26	50	WEB		373923	
451191	Crossing Sword Season 2	十字剑 第二季	2021-12-10	10	WEB		309708	
451460	地下城与勇士之破界少女		2024-01-18	12	WEB		270139	
451461	小绿和小蓝Ⅲ	小绿和小蓝 第三季	2023-09-27	12	WEB		405227	455262
451559	忍ばない！クリプトニンジャ咲耶	不忍！加密忍者咲耶	2023-10-03	13	TV			471792
451756	Rick and Morty Season 8	瑞克和莫蒂 第八季	2025-05-25	10	TV		441140	451757
451757	Rick and Morty Season 9	瑞克和莫蒂 第九季	2026-05-24	10	TV		451756	451758
451758	Rick and Morty Season 10	瑞克和莫蒂 第十季			TV		451757	520676
451858	チキップダンサーズ 3期	小鸡舞者 第三季	2023-09-25	26	TV		396487	
451982	We Baby Bears	咱们小裸熊	2022-01-01	39	TV			451984
451984	We Baby Bears Season 2	咱们小裸熊 第二季	2023-06-17	11	TV		451982	
452017	美食大冒险 非洲篇	美食大冒险 第二季	2015-01-17	52	TV		165413	452018
452018	美食大冒险 欧洲篇	美食大冒险 第三季	2017-01-03	52	TV		452017	257126
452045	小美人鱼之大海怪传说	小美人鱼之大海怪传说	2023-09-29	1	剧场版		333883	
452392	ゼーガペイン STA	ZEGAPAIN STA	2024-08-16	1	剧场版		1147	
452432	デッドデッドデーモンズデデデデデストラクション 後章	恶魔的破坏 DEAD DEAD DEMON'S DEDEDEDE DESTRUCTION 后篇	2024-05-24	1	剧场版		375425	
452627	映画 ギヴン 海へ	电影 GIVEN 向着大海	2024-09-20	1	剧场版		290993,425605	590856
452702	彼女、お借りします ぷち	租借女友 小剧场		12	WEB			452706
452706	彼女、お借りします ぷち 第2期	租借女友 小剧场 第二季	2022-07-05	12	WEB		452702	
452823	小企鹅的冒险2	小企鹅的冒险 第二季	2023-08-09	17	WEB		448763	626241
452825	寻梦泡泡岛		2023-11-03	13	WEB			626247
452836	Kung Fu Panda: The Dragon Knight Season 3	功夫熊猫：神龙骑士 第三季	2023-09-07	19	WEB		415065	
453060	仙武传 第二季		2023-09-24	53	WEB		403738	458932
453140	君に届け 3RD SEASON	好想告诉你 第三季	2024-08-01	5	WEB		9757	
453179	銀魂オンシアター2D バラガキ篇	银魂ON THEATER 2D 荆棘流氓篇	2023-11-10	1	剧场版			480096
453308	有兽焉 第三季	有兽焉 第三季	2024-05-17	12	WEB		442553	479013
453309	非人哉 第三季 Part.2	非人哉 第三季 13-24集	2026-05-05	12	WEB		448677	
453312	百炼成神2	百炼成神2	2023-12-08	53	WEB		399282	516414
453314	永生之气壮山河	永生 第三季	2024-04-19	16	WEB		405213	493609
453861	精灵梦叶罗丽 第十季	精灵梦叶罗丽 第十季	2023-08-03	26	WEB		402425	569770
454033	风灵玉秀 第二章 特别篇		2024-08-07	2	WEB		358570	
454083	アズールレーン びそくぜんしんっ！にっ!!	碧蓝航线：微速前行！第二季	2026-07-05	12	TV		297168	
454237	Star Wars: The Bad Batch Season 3	星球大战：残次品小队 第三季	2024-02-21	15	WEB		362559	
454438	北斗の拳 -FIST OF THE NORTH STAR-	北斗神拳 -FIST OF THE NORTH STAR-	2026-04-10	14	TV			663983
454505	貼りまわれ！こいぬ	四处贴上吧！小狗	2024-01-06	12	TV			486083
454630	青のミブロ	青之壬生浪	2024-10-19	24	TV			548558
454684	BanG Dream! Ave Mujica		2025-01-02	13	TV		428735	548133,578262
454781	霸王龙雷奇		2023-08-24	52	TV			527022
454783	喜羊羊与灰太狼之守护		2024-07-19	1	剧场版		350880	
454887	BURN THE WITCH #0.8	龙与魔女 #0.8	2023-12-29	1	TV			302293
455037	اليوم الوطني السعودي 93#أبطالها_عبر_العصورجيلًا بعد جيل، كنا وسنظل |	Saudi Arabia National Day #93 Animation	2023-09-17	1	短片		406310	513395
455066	My Little Pony: Make Your Mark Chapter 5	小马宝莉 我的可爱标记 第五章	2023-09-18	6	WEB		436008	461916
455262	小绿和小蓝Ⅳ 魔法篇	小绿和小蓝 第四季 魔法篇	2023-12-20	12	WEB		451461	483871
455340	Hilda Season 3	希尔达 第三季	2023-12-07	8	WEB		361027	
455345	Re:Monster	怪物转生	2024-04-04	12	TV			588427
455617	自動販売機に生まれ変わった俺は迷宮を彷徨う 2nd season	转生成自动贩卖机的我今天也在迷宫徘徊 第二季	2025-07-02	12	TV		392973	585790
455626	わたしの幸せな結婚 第二期	我的幸福婚姻 第二季	2025-01-06	13	TV		377125	551304
455630	映画おしりたんてい さらば愛しき相棒よ	电影屁屁侦探 再见亲爱的伙伴	2024-03-20	1	剧场版		366217	529199
455677	ケンガンアシュラ Season2 Part 2	拳愿阿修罗 第二季 第2部分	2024-08-15	16	WEB		375512	
455725	Big Mouth Season 7	大嘴巴 第七季	2023-10-20	10	WEB		336235	545965
455835	死神坊ちゃんと黒メイド 第3期	死神少爷与黑女仆 第三季	2024-04-07	12	TV		349319	
455912	Blue Eye Samurai	蓝眼武士	2023-11-03	8	WEB			469901
455981	魔王学院の不適合者 ～史上最強の魔王の始祖、転生して子孫たちの学校へ通う～ Ⅱ 2ndクール	魔王学院的不适任者～史上最强的魔王始祖，转生就读子孙们的学校～ 第二季 第2部分	2024-04-12	12	TV		330054	
456042	SYNDUALITY Noir 第2クール	奇异贤伴 黑色天使 第2部分	2024-01-08	12	TV		401301	
456077	世界最高の暗殺者、異世界貴族に転生する Season 2	世界顶尖的暗杀者转生为异世界贵族 第二季			TV		328313	
456159	牧神记	牧神记	2024-10-27	26	WEB			535077
456163	火凤燎原 贰	火凤燎原 第二季	2025-01-16	16	WEB		293847	607335
456164	食草老龙被冠以恶龙之名 第二季		2024-10-02	12	WEB		358724	
456166	赘婿 龙蛇篇		2024-07-28	16	WEB		358668	
456167	百妖谱·洛阳篇		2025-08-08	12	WEB		405211	
456251	あんさんぶるスターズ！！追憶セレクション『チェックメイト』	偶像梦幻祭 追忆Selection『Checkmate』	2024-03-10	6	WEB		432044	
456298	九鼎记				WEB			473673
456336	通灵妃 第二季		2025-07-17	24	WEB		242741	
456414	Justice League x RWBY: Super Heroes & Huntsmen Part Two	正义联盟与红白黑黄：超级英雄和猎人（下)	2023-10-17	1	OVA		423744	
456601	镇魂街 第四季		2024-11-22	26	WEB		405210	516076
456632	Masters of the Universe: Revolution	宇宙巨人：革命	2024-01-25	5	WEB		289166	
457326	BLEACH 千年血戦篇-相剋譚-	死神 千年血战篇-相克谭-	2024-10-05	14	TV		412916	530725
457549	Hazbin Hotel Season 2	地狱客栈 第2季	2025-10-29	8	WEB		430135	505394
457956	T・Pぼん シーズン1	时光巡逻队 第一季	2024-05-02	12	WEB			486676
457995	かげじつ！せかんど	影实！第二季	2023-10-04	12	WEB		406197	
458225	Solar Opposites Season 5	外星也难民 第五季	2024-08-12	11	WEB		359771	505980
458596	Castlevania: Nocturne Season 2	恶魔城：夜曲 第2季	2025-01-16	8	WEB		386947	
458673	青のオーケストラ 第2期	蓝色管弦乐 第二季	2025-10-05	21	TV		377769	
458684	お隣の天使様にいつの間にか駄目人間にされていた件2	关于邻家的天使大人不知不觉把我惯成了废人这档子事 第二季	2026-04-03	12	TV		364822	
458926	光阴之外	光阴之外	2025-12-28	26	WEB			646611
458927	九天玄帝诀 第五季 上半部		2023-11-20	52	WEB		431809	495230
458928	剑域风云 第三季		2023-10-29	104	WEB		403734	652413
458932	仙武传 第三季		2024-09-15	52	WEB		453060	578095
458935	沧元图2	沧元图 第二季	2024-12-06	29	WEB		403607	575244
458937	神墓 年番		2025-08-08	52	WEB		379513	591582
458944	冰火魔厨 第三季				WEB		395441	
458978	少年歌行 血染天启篇		2025-01-08	26	WEB		403696	458979
458979	少年歌行之南明离火			26	WEB		458978	458980
458980	少年歌行之云龙风虎				WEB		458979	
458981	暗河传下部·九霄龙吟篇		2024-04-17	14	WEB		380473	
458982	真武巅峰 第三季		2023-11-29	52	WEB		403736	
459283	葬送のフリーレン ～●●の魔法～	葬送的芙莉莲 ～●●的魔法～	2023-10-11	11	WEB			549563
459324	如月まりんの場合[お兄ちゃんとヒロピンごっこ 前編]ムービーズ	如月真凛的场合[和哥哥女英雄过家家 前篇]动画	2023-09-15	1		1		469302
459379	迷你特工队之汉堡大作战		2023-11-11	1	剧场版		422501	
459435	ドラゴンボールDAIMA	龙珠大魔	2024-10-11	20	TV		9005	
459469	大鱼海棠叁			1	剧场版		365726	
459566	熊出没之小小世界		2024-03-08	52	TV			542666
459591	Garfield and Friends Season 2	加菲猫和他的朋友们 第二季	1989-09-16	26	TV		443326	459592
459592	Garfield and Friends Season 3	加菲猫和他的朋友们 第三季	1990-09-15	18	TV		459591	459593
459593	Garfield and Friends Season 4	加菲猫和他的朋友们 第四季	1991-09-14	16	TV		459592	459594
459594	Garfield and Friends Season 5	加菲猫和他的朋友们 第五季	1992-09-19	16	TV		459593	459595
459595	Garfield and Friends Season 6	加菲猫和他的朋友们 第六季	1993-09-18	16	TV		459594	459596
459596	Garfield and Friends Season 7	加菲猫和他的朋友们 第七季	1994-09-17	16	TV		459595	
459601	異世界でチート能力を手にした俺は、現実世界をも無双する～レベルアップは人生を変えた～ スペシャル	在异世界获得超强能力的我，在现实世界照样无敌～等级提升改变人生命运～ SP	2026-03-30	1	TV		397025	638290
459642	劇場総集編ぼっち・ざ・ろっく！ Re:Re:	剧场总集篇孤独摇滚！ Re:Re:	2024-08-09	1	剧场版		436738	
459695	ぴったんこ！ねこざかな		2016-10-02	50	TV			381846
459708	神奇阿呦之最强流星人		2016-08-16	52	TV		92110	
459725	Lv2からチートだった元勇者候補のまったり異世界ライフ	从Lv2开始开挂的原勇者候补悠闲的异世界生活	2024-04-08	12	TV			665923
460175	Grimsburg		2024-01-07		TV			460176
460176	Grimsburg Season 2				TV		460175	
460177	Krapopolis Season 2		2024-09-29	22	TV		445304	460178
460178	Krapopolis Season 3		2025-09-28		TV		460177	
460306	アオのハコ	青之箱	2024-10-03	25	TV			548156
460457	开心超人联盟之勇敢之城1：棋兽传奇		2023-09-26	27	TV		410020	469530
460503	聖闘士星矢：Knights of the Zodiac バトル・サンクチュアリ Part 2	圣斗士星矢：黄道十二宫战士 战斗圣域 Part 2	2024-04-01	12	WEB		397125	
460952	ちびちびうさまる		2022-09-09	5	WEB			461143
461143	ちびちびうさまる そらのたび		2023-06-23	3	WEB		460952	
461203	猫猫のひとりごと	猫猫的呢喃	2023-10-23	24	WEB			533096
461307	怪盗クイーンの優雅な休暇	怪盗皇后的优雅假期	2025-05-23	1	剧场版		341657	
461493	Aqua Teen Hunger Force Season 1	饮料杯历险记 第一季	2000-12-30	18	TV			461494
461494	Aqua Teen Hunger Force Season 2	饮料杯历险记 第二季	2003-05-25	24	TV		461493	461497
461497	Aqua Teen Hunger Force Season 3	饮料杯历险记 第三季	2004-04-25	13	TV		461494	461498
461498	Aqua Teen Hunger Force Season 4	饮料杯历险记 第四季	2005-12-04	13	TV		461497	461499
461499	Aqua Teen Hunger Force Season 5	饮料杯历险记 第五季	2008-01-20	10	TV		461498	461501
461501	Aqua Teen Hunger Force Season 6	饮料杯历险记 第六季	2009-03-29	10	TV		461499	461502
461502	Aqua Teen Hunger Force Season 7	饮料杯历险记 第七季	2009-12-13	12	TV		461501	461504
461504	Aqua Teen Hunger Force Season 8	饮料杯历险记 第八季	2011-05-08	10	TV		461502	461505
461505	Aqua Teen Hunger Force Season 9	饮料杯历险记 第九季	2012-06-24	10	TV		461504	461507
461507	Aqua Teen Hunger Force Season 10	饮料杯历险记 第十季	2013-08-11	10	TV		461505	461509
461509	Aqua Teen Hunger Force Season 11	饮料杯历险记 第十一季	2015-06-21	9	TV		461507	461510
461510	Aqua Teen Hunger Force Season 12	饮料杯历险记 第十二季	2023-11-26	5	TV		461509	
461526	LEGO Marvel Avengers: Code Red	乐高复仇者联盟：红色代码	2023-10-27	1	WEB		585247	585270
461535	Diary of a Wimpy Kid	小屁孩日记	2021-12-03	1	WEB			461536
461536	Diary of a Wimpy Kid: Rodrick Rules	小屁孩日记：罗德里克规则	2022-12-02	1	WEB		461535	461537
461537	Diary of a Wimpy Kid Christmas: Cabin Fever		2023-12-08	1	WEB		461536	
461585	第一序列2	第一序列 第二季	2026-12-17	26	WEB		358557	
461763	乌龙院笑传	乌龙院笑传	2023-12-19	52	WEB		262684	
461916	My Little Pony: Make Your Mark Chapter 6	小马宝莉 我的可爱标记 第六章	2023-11-23	4	WEB		455066	
461964	イマジンあにめ	异魔神动画	2008-04-25	10	OVA			577364
462295	是王者啊？ 第三季	是王者啊？ 第3季	2024-06-13	13	WEB		407308	479011
462459	とんでもスキルで異世界放浪メシ2	拥有超常技能的异世界流浪美食家 第二季	2025-10-07	12	TV		393238	
462604	SpongeBob SquarePants (Season 14)	海绵宝宝 第十四季	2023-11-02	13	TV		320844	549979
462879	电击小子 第二部			26	TV		69081	462881
462881	电击小子 第三部		2013-02-01	26	TV		462879	
462990	第18回東方M-1ぐらんぷり	第十八届东方M-1漫才大赛	2023-12-31	1	OVA		447961	493195
463370	American Dad! Season 13	美国老爸 第十三季	2016-01-25	22	TV		126716	463371
463371	American Dad! Season 14	美国老爸 第十四季	2016-11-17	22	TV		463370	463372
463372	American Dad! Season 15	美国老爸 第十五季	2017-12-25	22	TV		463371	463373
463373	American Dad! Season 16	美国老爸 第十六季	2019-04-15	20	TV		463372	463374
463374	American Dad! Season 17	美国老爸 第十七季	2020-04-13	24	TV		463373	463375
463375	American Dad! Season 18	美国老爸 第十八季	2021-04-19	22	TV		463374	463376
463376	American Dad! Season 19	美国老爸 第十九季	2022-01-24	22	TV		463375	463377
463377	American Dad! Season 20	美国老爸 第二十季	2023-03-27	22	TV		463376	
463389	俺は全てを【パリイ】する〜逆勘違いの世界最強は冒険者になりたい〜	我要招架一切 逆向误解的世界最强梦想成为冒险者	2024-07-04	12	TV			571912
463539	機甲英雄 機鬥勇者 第2季	机甲英雄 机斗勇者 第2季	2023-11-10	8	WEB		289215	
463589	武双姝 第二季			13	WEB		345836	
463604	赛尔号第2季：圣者逆袭		2013-02-01	40	TV		337454	463605
463605	赛尔号第3季：光明的救赎		2014-05-16	30	TV		463604	463606
463606	赛尔号第4季：战神风云决		2015-01-16	30	TV		463605	463607
463607	赛尔号第5季：猎天困兽		2015-05-01	30	TV		463606	463608
463608	赛尔号第6季：苍穹烈火		2016-01-01	30	TV		463607	463609
463609	赛尔号第7季：宇宙之眼		2016-06-03	30	TV		463608	463610
463610	赛尔号第8季：幻梦战记		2017-01-20	30	TV		463609	249069
463611	赛尔号第10季：冰封要塞		2019-06-28	30	TV		249069	463612
463612	赛尔号第11季：裂空沧海		2021-01-08	30	WEB		463611	463613
463613	赛尔号第12季：焰宇战神		2022-09-29	30	WEB		463612	
463615	赛尔号大电影6：圣者无敌		2017-08-18	1	剧场版		134473	463616
463616	赛尔号大电影7：疯狂机器城		2019-08-02	1	剧场版		463615	
463618	摩尔庄园 第二季		2012-03-09	52	TV		337456	463619
463619	摩尔庄园 第三季		2013-03-16	52	TV		463618	95801
463621	劲爆战士Ⅱ	劲爆战士 第二季		39	TV		259617	463623
463623	劲爆战士3之梦境之战	劲爆战士 第三季		52	TV		463621	
463624	激战奇轮3		2017-09-18	36	TV		205212	
463626	数学荒岛历险记2	数学荒岛历险记2		40	TV		439095	463627
463627	数学荒岛历险记3	数学荒岛历险记3		40	TV		463626	
463657	Unicorn Academy Season 1	独角兽骑士队 第一季	2023-11-02	9	WEB			576021
463778	ダンジョンに出会いを求めるのは間違っているだろうかⅤ 豊穣の女神篇	在地下城寻求邂逅是否搞错了什么 第五季 丰饶的女神篇	2024-10-04	15	TV		402223	626121
463779	銀河英雄伝説 Die Neue These 続編	银河英雄传说 Die Neue These 续篇					381842	
464007	灵剑尊 第五季	灵剑尊 第五季	2022-05-20	180	WEB		308948	
464376	負けヒロインが多すぎる！	败犬女主太多了！	2024-07-13	12	TV			550507
464480	喜羊羊与灰太狼之心世界奇遇		2024-01-19	60	TV		436597	496180
464593	地縛少年花子くん２	地缚少年花子君 第二季	2025-01-12	12	TV		277551	548940
464594	放課後少年花子くん 続編	放学后少年花子君 续篇	2024-10-07	4	TV		412164	
464646	365日の明日		2023-11-09	1	MV			617947
464852	The Witcher: Sirens of The Deep	巫师 深海女妖	2025-02-11	1	WEB		298734	
465124	Interrupting Chicken Season 1	打断小鸡 第一季	2022-11-18	9	WEB			465125
465125	Interrupting Chicken Season 2	打断小鸡 第二季	2023-09-29	8	WEB		465124	
465131	アニメ店長 激情版	动漫狂店长 激情版	2010-10-09	1			241246	
465185	The SpongeBob Movie: Search for SquarePants	海绵宝宝：深海大冒险	2025-12-19	1	剧场版		319664	
465247	Justice League: Crisis on Infinite Earths – Part One	正义联盟: 无限地球危机 上	2024-01-09	1	OVA			492114
465353	The Garfield Show Season 2	加菲猫的幸福生活 第二季	2010-12-13	26	TV		392347	465354
465354	The Garfield Show Season 3	加菲猫的幸福生活 第三季	2012-09-04	26	TV		465353	465355
465355	The Garfield Show Season 4	加菲猫的幸福生活 第四季	2015-10-06	27	TV		465354	465356
465356	The Garfield Show Season 5	加菲猫的幸福生活 第五季	2016-10-24	2	TV		465355	
465694	闇芝居 第12期	暗芝居 第十二季	2024-01-14	13	TV		432751	498178
465709	What If...? Season 3	假如…？ 第三季	2024-12-22	8	WEB		345972	
465773	GREAT PRETENDER razbliuto	大欺诈师 razbliuto	2024-02-23	4	WEB		285813	
465871	Harley Quinn Season 5	哈莉·奎茵 第五季	2025-01-16	10	WEB		441141	
465873	Invincible Season 3	无敌少侠 第三季	2025-02-06	8	WEB		441139	505401
465889	True Beauty	女神降临	2024-08-07	13	WEB			556749
465891	斗罗大陆 双神战双神 导演剪辑版		2023-12-02	1	WEB		407787	
465899	Libres! Season 2	自由的她们 第二季	2023-03-07	10	WEB		335283	
465903	The Loud House Season 5	喧闹一家亲 第五季	2020-09-11	26	TV		357466	465904
465904	The Loud House Season 6	喧闹一家亲 第六季	2022-03-11	26	TV		465903	465905
465905	The Loud House Season 7	喧闹一家亲 第七季	2023-05-17		TV		465904	
466240	ヒロイン陵○MP4動画集2[黒髪美少女のターン]	女主角凌oMP4动画集2[黑发美少女的回合]	2023-11-12	3		1		469303
466296	胶囊计划·英雄	胶囊计划 英雄	2024-12-17	11	WEB		406466	500458
466306	Sherlock Holmes and the Sign of Four	四签名		1	剧场版		466308	466309
466307	Sherlock Holmes and the Valley of Fear	恐怖谷		1	剧场版		466309	
466308	Sherlock Holmes and a Study in Scarlet	血字的研究		1	剧场版			466306
466309	Sherlock Holmes and the Baskerville Curse	巴斯克维尔的诅咒		1	剧场版		466306	466307
466769	万界神主 第四季		2021-08-25	48	WEB		330179	466770
466770	万界神主 第五季		2022-02-09	112	WEB		466769	
466773	无上神帝 第三季		2021-12-24	112	WEB		336025	466780
466775	万界仙踪 第六季		2022-07-18	64	WEB		339708	466782
466777	星河至尊 第三季		2022-08-31	1	WEB		378347	
466778	武神主宰 大威篇		2022-10-16	64	WEB		286354	532407
466780	无上神帝 第四季		2023-01-20	280	WEB		466773	565601
466782	万界仙踪 第七季		2023-02-27	48	WEB		466775	641469
466854	ツインビー ウィンビーの1/8パニック	兵蜂PARADISE WinBee的1/8恐慌	1998-12-28	1	OVA			79968
467243	ラーメン赤猫	拉面赤猫	2024-07-04	12	TV			529756
467461	ダンダダン	胆大党	2024-10-03	12	TV			529431
467641	株式会社マジルミエ	魔法光源股份有限公司	2024-10-04	12	TV			529723
467703	神兵小将3四大世家风云变			52	TV		247807	
467713	Fate/Grand Order 藤丸立香はわからない～大忘年おたのしみ会2023～	Fate/Grand Order 藤丸立香想不明白～大忘年愉快会2023～	2023-12-31	1	TV		413806	506873
467714	龙隐于雪 终篇	龙隐于雪 终篇	2023-12-05	1	WEB		365439	
467784	わんだふるぷりきゅあ！	美妙宠物 光之美少女！	2024-02-04	50	TV		409323	526104
467803	カミエラビ シーズン2	神选 第二季	2024-10-02	12	TV		425601	
467930	青春ブタ野郎はサンタクロースの夢を見ない	青春猪头少年不会梦到圣诞服女郎	2025-07-05	13	TV		426239	589284
467954	戦姫絶唱シンフォギア PROJECT SYMPHOGEAR -next-	战姬绝唱 PROJECT SYMPHOGEAR -next-			剧场版		170689	
468100	海からの使者	来自海的使者	2010-08-21		剧场版		579557	
468758	ひみつのアイプリ	秘密的偶像公主	2024-04-07	51	TV		339904	524365
468830	Todd McFarlane's Spawn	再生侠 动画版	1997-05-16	6	TV			468838
468838	Todd McFarlane's Spawn 2	再生侠 动画版 第二季	1998-05-15	6	TV		468830	468839
468839	Todd McFarlane's Spawn 3	再生侠 动画版 第三季	1999-05-23	6	TV		468838	
468885	飞越五千年 第一季	飞越五千年 第一季		50	TV			576019
469104	本好きの下剋上～司書になるためには手段を選んでいられません～ 領主の養女	小书痴的下克上 〜为了成为图书管理员而不择手段〜 领主的养女	2026-04-04	24	TV		310263	709656
469280	Adventure Time: Fionna & Cake Season 2	探险时光：菲奥娜与蛋糕 第二季	2025-10-23	10	WEB		364996	
469288	映画しまじろう ミラクルじまの なないろカーネーション		2024-03-08	1	剧场版		424945	521150
469302	如月まりんの場合[お兄ちゃんとヒロピンごっこ 後編]ムービーズ	如月真凛的场合[和哥哥女英雄过家家 后篇]动画	2023-11-30			1	459324	
469303	ヒロイン陵○MP4動画集4[黒髪美少女のターン2]	女主角凌oMP4动画集4[黑发美少女的回合2]	2023-12-03	2		1	466240	472857
469399	鹿精灵之寻找兵马俑	鹿精灵之寻找兵马俑	2018-10-22	52	TV		229134	
469400	ライジングインパクト シーズン1	高尔夫物语 第一季	2024-06-22	12	WEB			469401
469401	ライジングインパクト シーズン2	高尔夫物语 第二季	2024-08-06	14	WEB		469400	
469405	Q版三国之三小强	Q版三国之三小强		52	TV		23446	
469434	さみしいあなた		2023-01-13	12	TV			469436
469436	炎上撲滅！魔法少女アイ子		2024-01-10	12	TV		469434	
469483	クレヨンしんちゃん オラたちの恐竜日記	蜡笔小新：我们的恐龙日记	2024-08-09	1	剧场版		410418	528635
469530	开心超人联盟之勇敢之城2：超人计划		2023-12-20	25	TV		460457	
469783	Animation vs. Physics	火柴人 VS 物理	2023-12-09	1			448689	501852
469901	Blue Eye Samurai Season 2	蓝眼武士 第二季			WEB		455912	704891
469943	潜艇总动员：寻龙		2024-06-01	1	剧场版		446294	
469995	动物合唱团 第二季	动物合唱团 第二季	2021-05-28	37	TV		262826	
470045	ぷにるはかわいいスライム	噗妮露是可爱史莱姆	2024-10-06	12	TV			530115
470599	るろうに剣心 －明治剣客浪漫譚－ 京都動乱	浪客剑心 －明治剑客浪漫谭－ 京都动乱	2024-10-03	23	TV		363102	545810
470660	劇場版 チェンソーマン レゼ篇	剧场版 链锯人 蕾塞篇	2025-09-19	1	剧场版		321885,580872	616930
470738	MFゴースト 2nd Season	极速车魂 第二季	2024-10-06	12	TV		364252	530110
470777	百姓貴族 2nd Season	百姓贵族 第二季	2024-10-04	12	TV		406160	529694
470832	コードギアス 奪還のロゼ 第2幕	Code Geass 夺还的罗赛 第2幕	2024-06-07	1	剧场版		321469	470833
470833	コードギアス 奪還のロゼ 第3幕	Code Geass 夺还的罗赛 第3幕	2024-07-05	1	剧场版		470832	470834
470834	コードギアス 奪還のロゼ 最終幕	Code Geass 夺还的罗赛 最终幕	2024-08-02	1	剧场版		470833	
470874	SHY 東京奪還編	腼腆英雄 东京夺还篇	2024-07-01	12	TV		403722	
470905	梦启西行		2023-12-26	1	短片		193467	
471227	星卡梦少女1花语笔记		2023-11-03	40	WEB			508311
471345	劇場版 陰の実力者になりたくて！ 残響編	剧场版 想要成为影之实力者！ 残响篇		1	剧场版		419846	
471439	猪猪侠之竞速小英雄 5		2022-11-25	26	TV		384756	471440
471440	猪猪侠之竞速小英雄 6		2022-12-30	26	TV		471439	471441
471441	猪猪侠之竞速小英雄 7		2023-12-29	26	TV		471440	497639
471493	巴啦啦小魔仙之星缘蝶启2	巴啦啦小魔仙之星缘蝶启2	2023-12-28	26	TV		449824	
471578	Dr.STONE SCIENCE FUTURE	石纪元 科学与未来	2025-01-09	12	TV		424372	508003
471726	ピューと吹く!ジャガー リターン・オブ・約1年ぶり		2008-12-08	3	OVA		114808	
471769	シャドウバースF アーク編	影之诗F 方舟篇	2024-04-13	23	TV		425969	
471778	肥志百科 第9季	肥志百科 第9季	2024-01-20	12	WEB		424989	471779
471779	肥志百科 第10季	肥志百科 第10季	2024-07-14	12	WEB		471778	493750
471792	忍ばない！クリプトニンジャ咲耶 弐ノ巻	不忍！加密忍者咲耶 贰之卷	2024-01-09	12	TV		451559	531576
471793	君のことが大大大大大好きな100人の彼女 第2期	超超超超超喜欢你的100个女朋友 第二季	2025-01-12	12	TV		424379	598058
471844	帰還者の魔法は特別です 第2期	归还者的魔法要特别 第二季	2026-10-07	12	TV		425990	
471868	劇場版 うたの☆プリンスさまっ♪  TABOO NIGHT XXXX	剧场版 歌之王子殿下 TABOO NIGHT XXXX	2025-05-09	1	剧场版		331652	
471926	にじよん あにめーしょん 2	虹四动画 第二季	2024-04-05	12	TV		401960	
472331	鴨乃橋ロンの禁断推理 2nd Season	鸭乃桥论的禁忌推理 第二季	2024-10-07	13	TV		411426	
472604	不白吃古诗词漫游记 第一季	不白吃古诗词漫游记 第一季	2024-01-14	45	WEB			479015
472620	ウマ娘 プリティーダービー 新時代の扉	赛马娘 Pretty Derby 新时代之门	2024-05-24	1	剧场版		380448	
472741	呪術廻戦 死滅回游 前編	咒术回战 死灭回游 前篇	2026-01-08	12	TV		369304	616668
472857	ヒロイン陵○MP4動画集6[黒髪美少女のターン3]	女主角凌oMP4动画集6[黑发美少女的回合3]	2023-12-24	2		1	469303	
473340	Stille Nacht III - Tales From Vienna Woods	寂静夜3：维也纳森林的传说		1	剧场版		618338	618339
473412	ヤマトよ永遠に REBEL3199 第二章 赤日の出撃	永远的大和号 REBEL3199 第二章 赤日的出击	2024-11-22	4	剧场版		366256	473413
473413	ヤマトよ永遠に REBEL3199 第三章 群青のアステロイド	永远的大和号 REBEL3199 第三章 群青的星形线	2025-04-11	4	剧场版		473412	473414
473414	ヤマトよ永遠に REBEL3199 第四章 水色の乙女	永远的大和号 REBEL3199 第四章 水色的少女	2025-10-10	4	剧场版		473413	473415
473415	ヤマトよ永遠に REBEL3199 第五章 白熱の銀河大戦	永远的大和号 REBEL3199 第五章 白热的银河大战	2026-02-20	4	剧场版		473414	473416
473416	ヤマトよ永遠に REBEL3199 第六章 碧い迷宮	永远的大和号 REBEL3199 第六章 碧蓝迷宫	2026-06-26	4	剧场版		473415	473417
473417	ヤマトよ永遠に REBEL3199 第七章 虹色の輪廻	永远的大和号 REBEL3199 第七章	2026-10-30		剧场版		473416	
473525	シュガーバニーズ		2007-04-03	26	TV			414478
473526	シュガーバニーズ フルール		2009-04-07	26	TV		414478	
473672	梦幻书院 第九季			12	WEB		424486	
473673	九鼎记 第二季			13	WEB		456298	
473769	忍たま乱太郎 第32シリーズ	忍者乱太郎 第32季	2024-04-01	76	TV		411977	541423
473805	じゃんたま カン！！	雀魂 KANG!!	2024-04-25	13	TV		365297	
473811	最強王図鑑 ～The Ultimate Battles～	最强王图鉴 ～The Ultimate Battles～	2024-01-06	50	TV			530309
473832	劇場版 BanG Dream! It's MyGO!!!!! 前編 春の陽だまり、迷い猫	剧场版 BanG Dream! It's MyGO!!!!! 前篇 春日向阳，迷途野猫	2024-09-27	1	剧场版			473833
473833	劇場版 BanG Dream! It's MyGO!!!!! 後編 うたう、僕らになれるうた & FILM LIVE	剧场版 BanG Dream! It's MyGO!!!!! 后篇 歌唱着，由我们所作的歌 & FILM LIVE	2024-11-08	1	剧场版		473832	
474364	黑猫警长——数据安全篇		2024-01-09	1				532397
474371	ドロヘドロ Season 2	异兽魔都 第二季	2026-04-01	11	WEB		266301	655791
474841	My Little Pony: Tell Your Tale Season 2	小马宝莉：小马国大小事 第二季	2024-01-11	48	WEB		419828	
474905	あたしンちNEXT	我们这一家NEXT	2024-06-05	10	WEB			699479
474906	小市民シリーズ	小市民系列	2024-07-06	10	TV			513018
474954	元气奇事2		2024-01-18	12	WEB		389147	
475354	〈物語〉シリーズ オフ&モンスターシーズン	物语系列 外传季&怪物季	2024-07-06	15	WEB		233926	567936
475810	ジェネレーション・オブ・カオス プロローグ	混沌时代	2001-09-05	2	OVA			475818
475818	ジェネレーション オブ カオス ネクスト~誓いのペンダント~	混沌时代~誓言的吊坠~	2002-05-22	1	OVA		475810	74517
476129	ひとりぼっちの異世界攻略	独自一人的异世界攻略	2024-10-03	12	TV			665924
476412	クマーバ		2024-04-06	12	TV			501203
476514	Marvel's Spidey and His Amazing Friends Season 3	蜘蛛侠与他的神奇朋友们 第三季	2024-01-08	30	TV		430508	561911
476536	Clone High Season 2	克隆高校 第二季	2024-02-01	10	WEB		430150	
476539	South Park The Streaming Wars	南方公园：流量大战	2022-06-01	1	WEB			476540
476540	South Park The Streaming Wars Part 2	南方公园：流量大战2	2022-07-13	1	WEB		476539	424998
476542	盾の勇者の成り上がり Season 4	盾之勇者成名录 第四季	2025-07-09	12	TV		289907	588077
476683	PUI PUI モルカー ザ・ムービー MOLMAX	PUI PUI 天竺鼠车车 MOLMAX	2024-11-29	1	剧场版		385541	526202
477456	楽園追放 心のレゾナンス	乐园追放 心之共鸣	2026-11-13	1	剧场版		37395	
477747	Miraculous Ladybug Season 5	瓢虫雷迪 第五季	2022-06-13	26	TV		337810	556595
478096	An Earth Shatteringly Romantic Solar Valentine's Day Opposites Special	外星也难民 情人节特别篇	2024-02-05	1	WEB		442518	517177
478190	皮皮鲁和鲁西西地球之钟奇遇记	皮皮鲁和鲁西西地球之钟奇遇记	2022-09-30	26	TV			478192
478192	皮皮鲁和鲁西西地球之钟奇遇记2	皮皮鲁和鲁西西地球之钟奇遇记2	2023-07-03	26	TV		478190	478193
478193	皮皮鲁和鲁西西地球之钟奇遇记3	皮皮鲁和鲁西西地球之钟奇遇记3	2024-01-30	26	TV		478192	
478409	非人哉 龙年特辑	非人哉 龙年特辑	2024-02-02	1	WEB		413619	
478434	超迷你战士 第二季		2019-01-15	52	WEB		226758	478642
478642	超迷你战士 第三季		2020-01-18	52	WEB		478434	478643
478643	超迷你战士 第四季		2020-12-30	52	WEB		478642	478644
478644	超迷你战士 第五季		2021-12-08	52	WEB		478643	478646
478646	超迷你战士 第六季		2022-12-28	52	WEB		478644	
478684	天穂のサクナヒメ	天穗之咲稻姬	2024-07-06	13	TV			524128
478942	The Second Best Hospital in the Galaxy	银河系第二好医院	2024-02-23	8	WEB			557659
479011	是王者啊？ 第四季	是王者啊？ 第4季	2024-12-27	13	WEB		462295	566079
479013	有兽焉 第四季		2024-08-02	12	WEB		453308	549506
479015	不白吃古诗词漫游记第二季	不白吃古诗词漫游记第二季	2024-07-05	45	WEB		472604	
479477	杖と剣のウィストリア	杖与剑的魔剑谭	2024-07-07	12	TV			515856
479479	独步万古 第二季		2024-02-09	40	WEB		448621	
479822	Moana 2	海洋奇缘2	2024-11-27	1	剧场版		130098	
479825	Frozen III	冰雪奇缘3	2027-11-24	1	剧场版		128131	
480096	銀魂オンシアター2D 一国傾城篇	银魂ON THEATER 2D 一国倾城篇	2024-06-21	1	剧场版		453179	500060
480437	SHIBUYA♡HACHI	涩谷♡八	2024-04-06	13	TV			514693
480716	科学×冒険サバイバル！	科学×冒险与生存！	2024-10-05	21	TV			536878
481211	仙逆 年番		2024-02-26	52	WEB		345802	526970
481295	X-Men '97 Season 2	X战警97 第二季	2026-07-01	9	WEB		440661	585205
481308	いもうと専用おにいちゃん		2023-12-30	1		1		581930
481353	Iron Man(1994)	钢铁侠 第一季	1994-09-24	13	TV			481354
481354	Iron Man(1995)	钢铁侠 第二季	1995-09-23	13	TV		481353	
481355	The Incredible Hulk(1996)	无敌浩克 第一季	1996-09-08	13	TV			481356
481356	The Incredible Hulk(1997)	无敌浩克 第二季	1997-09-21	8	TV		481355	
481410	嘆きの亡霊は引退したい	叹气的亡灵想隐退	2024-10-01	13	TV			530290
481478	今は将来に入りますか。	现在向未来出发吗。	2024-02-20	1	短片		416752	
481530	ポケモンコンシェルジュ 新エピソード	宝可梦 礼宾部 新剧集	2025-09-04	4	WEB		422154	
481662	こねこのチー ポンポンらー夏休み	甜甜私房猫 吃饱啦暑假	2024-07-19	12	WEB		219377	
481865	夜は猫といっしょ 第3期	关于养猫我一直是新手 第三季	2024-12-04	40	WEB		414969	
481869	ポンコツクエスト～魔王と派遣の魔物たち～シーズン8		2024-04-25	12	TV		481870	
481870	ポンコツクエスト～魔王と派遣の魔物たち～ シーズン7		2021-10-13	12	TV		301799	481869
482301	どうせ、恋してしまうんだ。	终究、与你相恋。	2025-01-09	12	TV			548195
482396	千秋诗颂 第一季	千秋诗颂 第一季	2024-02-26	6	TV			572229
482744	BabyRiki Season 3	瑞奇宝宝 第三季	2019-01-01	52	WEB		422178	482745
482745	BabyRiki Season 4	瑞奇宝宝 第四季		52	WEB		482744	
482823	Duel Masters LOST ～追憶の水晶～	决斗大师 LOST ～追忆的水晶～	2024-10-04	4	WEB			506773
483362	アイドルマスター シャイニーカラーズ 2nd season	偶像大师 闪耀色彩 第二季	2024-10-04	12	TV		425222	
483785	那萨尔丁 第二季	那萨尔丁 第二季		50	TV		205539	483789
483789	那萨尔丁东游记	那萨尔丁东游记	2020-01-01	25	TV		483785	
483871	小绿和小蓝 第五季	小绿和小蓝 第五季	2024-03-13	12	WEB		455262	
484191	ちびゴジラの逆襲 続編	小哥斯拉的逆袭 续篇	2024-04-03	52	TV		422505	561787
484249	映画くまのがっこう パティシエ・ジャッキーとおひさまのスイーツ		2017-08-25	1	剧场版		484352	
484352	くまのがっこう～ジャッキーとケイティ～		2010-12-18		剧场版			484249
484402	一瞬で治療していたのに役立たずと追放された天才治癒師、闇ヒーラーとして楽しく生きる	瞬间治疗却被视为无用而被流放的天才治疗师，以暗黑治疗师的身份幸福地生活着	2025-04-03	12	TV			618391
484405	銀河鉄道999 ～時空を超えたエネルギーの旅～	银河铁道999 超越时空的能量之旅	2010-07-24	5	WEB			485622
484412	鬼滅の刃 刀鍛冶の里編 特別編集版	鬼灭之刃 刀匠村篇 特別编集版	2024-05-04	2	TV		422759	569579
484623	よふかしのうた Season 2	彻夜之歌 第二季	2025-07-04	12	TV		356774	
484673	被迫成为反派赘婿 动态漫 第二季	被迫成为反派赘婿 动态漫 第二季	2021-09-10	45	动态漫画		429042	
484701	The Super Mario Galaxy Movie	超级马力欧银河大电影	2026-04-01	1	剧场版		235920	
485353	超变战陀2爆甲战陀	超变战陀2爆甲战陀	2020-03-07	30	TV		241520	485355
485354	ユーチューニャー 新作アニメシリーズ	YouTu喵 新作动画剧集	2024-04-02	12	短片		426284	550457
485355	超变战陀3双甲战陀	超变战陀3双甲战陀	2022-04-16	30	TV		485353	485356
485356	双甲战陀2超环战陀	双甲战陀2超环战陀	2022-12-02	26	TV		485355	485357
485357	超变战陀5百变战陀	超变战陀5百变战陀	2023-10-20	26	TV		485356	
485359	とーがね！おまつり部	东金！节日部	2022-04-04	13	TV			485361
485361	とーがね！クロニクル	东金！编年史	2024-04-02	12	TV		485359	
485525	Chainsaw Maid 2	电锯女仆2	2010-01-01	1	WEB		113151	
485622	銀河鉄道999 ～時空を超えたエネルギーの旅～season.2	银河铁道999 超越时空的能量之旅 第2季	2011-02-04	4	WEB		484405	
485782	異修羅 第2期	异修罗 第二季	2025-01-08	12	TV		420084	
485902	完美世界剧场版 火之灰烬		2024-09-14	3	WEB			542046
485990	BEASTARS FINAL SEASON Part2	动物狂想曲 最终季 第二部分	2026-03-07	12	WEB		341139	
486054	魔都精兵のスレイブ2	魔都精兵的奴隶 第二季	2026-01-08	12	TV		357962	689050
486083	貼りまわれ！こいぬ 第2期	四处贴上吧！小狗 第二季	2024-07-06	12	TV		454505	
486101	アニメとススメ！		2024-03-23	1	CM			548853
486102	七つの大罪 黙示録の四騎士 第2期	七大罪 默示录的四骑士 第二季	2024-10-06	12	TV		380792	
486238	おジャ魔女どれみ新作映像	小魔女DoReMi新作映像	2024-03-23	2	短片			576283
486311	結婚指輪物語Ⅱ	婚戒物语 第二季	2025-10-04	13	TV		415772	
486345	青の祓魔師 雪ノ果篇	青之驱魔师 雪之尽头篇	2024-10-05	12	TV		411450	531834
486347	薬屋のひとりごと 第2期	药屋少女的呢喃 第二季	2025-01-10	24	TV		420628	568244
486421	Justice League: Gods and Monsters Chronicles	正义联盟：神魔编年史	2015-06-08	3	WEB			486422
486422	Justice League: Gods and Monsters Chronicles Season2	正义联盟：神魔编年史 第2季		10	WEB		486421	
486456	佐々木とピーちゃん 第2期	佐佐木与文鸟小哔 第二季	2026-10-07	12	TV		393038	
486477	KING OF PRISM -Dramatic PRISM.1-		2024-08-16	1	剧场版		249245	525084
486676	T・Pぼん シーズン2	时光巡逻队 第二季	2024-07-17	12	WEB		457956	
486763	姫様“拷問”の時間です 第2期	公主大人“拷问”的时间到了 第二季	2026-01-12	12	TV		443112	
487185	The Bad Guys 2	坏蛋联盟2	2025-08-01	1	剧场版		380229	
487318	アサティール2 未来の昔ばなし	未来童话 第二季	2024-11-03	13	TV		303078	
487522	逆天邪神 年番		2026-04-16	52	WEB		395657	
487560	夏が終わるまで 夏の終わり The Animation	直到夏天结束 夏天的终结	2024-06-28	2	OVA	1	306660	
487630	俺だけレベルアップな件 Season 2 -Arise from the Shadow-	我独自升级 第二季 -起于暗影-	2025-01-04	13	TV		390353	659456
487684	シャングリラ・フロンティア～クソゲーハンター、神ゲーに挑まんとす～ 2nd Season	香格里拉边境 第二季	2024-10-13	25	TV		390980	548905
487711	淫蕩遊戯Ω(前編)～闇の眷族vs女ドラゴン～ [MOVIE]		2023-05-21	1		1		487712
487712	淫蕩遊戯Ω(後編)～神の力～ [MOVIE]		2023-05-21	1		1	487711	
487716	刃牙道	刃牙道	2026-02-26	13	WEB		375541	638498
487853	永生 第五季	永生 第五季	2025-12-20	26	WEB		493609	
487854	眷思量 第三季			13	WEB		345810	
487963	铠兽超人1之兽魂出击	铠兽超人1之兽魂出击	2022-11-04	26	TV			487964
487964	铠兽超人2超次元战队	铠兽超人2超次元战队	2024-04-12	26	TV		487963	
488197	戦国妖狐 千魔混沌編	战国妖狐 千魔混沌篇	2024-07-17	22	TV		449725	
488563	Smiling Friends Season 2	微笑朋友 第二季	2024-05-12	8	TV		377774	564363
488573	トラちゃんと花嫁	小虎和新娘			剧场版		212449	
488942	八戒：決戰未來	奇幻西游：新世界	2024-05-31	1	剧场版		497259	
488960	僕のヒーローアカデミア Memories	我的英雄学院 memories	2024-04-06	4	TV			425587
489307	オバケのQ太郎	藤子不二雄剧场 小鬼Q太郎	1985-04-01	52	TV		53761	
489334	遮天 第二季 初芒		2024-04-24	53	WEB		345768	549614
489499	名探偵コナン 隻眼の残像	名侦探柯南 独眼的残像	2025-04-18	1	剧场版		429644	581920
489820	らんま1/2	乱马1/2	2024-10-05	12	TV			529966
490300	迷你小洞 第1季	迷你小洞 第1季	2021-04-25	52	WEB			490301
490301	迷你小洞 第2季	迷你小洞 第2季	2022-03-20		WEB		490300	
490373	KO世紀ビースト三獣士II	KO世纪三兽士II	1993-05-31	4	OVA		37402	
490781	JOCHUM		2024-07-13	24	TV			581987
491193	Open Season: Scared Silly	丛林大反攻4：吓傻了	2015-12-18		剧场版		111274	
491494	Surf's Up 2: WaveMania	冲浪季节2：波浪狂热	2017-01-17	1	剧场版		113328	
491586	神国之上	神国之上	2025-06-14	17	WEB			586426
491775	大主宰 年番2	大主宰 年番2	2026-01-09	52	WEB		395658	
491923	まぁるい彼女と残念な彼氏	棉花糖女孩遇上闷骚男孩	2024-06-07	6	TV			505080
491930	伍六七之记忆碎片	伍六七之记忆碎片	2024-10-02	10	WEB		403430	
492017	妖神记 第八季		2024-04-30	52	WEB		413755	562146
492114	Justice League: Crisis on Infinite Earths - Part Two	正义联盟: 无限地球危机 中	2024-04-23	1	OVA		465247	493273
492199	アークナイツ【焔燼曙明/RISE FROM EMBER】	明日方舟：焰烬曙明	2025-07-04	10	TV		411268	
492352	五等分の花嫁＊	五等分的新娘＊	2024-12-23	2	TV		331489	
492477	开心超人之逆世营救	开心超人之逆世营救	2025-05-01	1	剧场版		442116	
492722	かくりよの宿飯 弐	妖怪旅馆营业中 贰	2025-10-01	12	TV		229393	
492881	真･侍伝 YAIBA	真･武士传 剑勇传说	2025-04-05	24	TV			589104
493012	My Adventures With Superman Season 2	我与超人的冒险 第二季	2024-05-25	10	TV		432779	646060
493026	猪猪侠·一只老猪的逆袭		2025-10-01	1	剧场版		446293	
493195	第19回東方M-1ぐらんぷり	第十九届东方M-1漫才大赛	2024-12-30	1	OVA		462990	530268
493273	Justice League: Crisis on Infinite Earths – Part Three	正义联盟: 无限地球危机 下	2024-07-16	1	OVA		492114	
493546	桃源暗鬼	桃源暗鬼	2025-07-11	24	TV			617948
493561	潜艇总动员8：地心游记		2021-06-12	1	剧场版		311386	446294
493609	永生之海噬仙灵	永生 第四季	2024-07-26	16	WEB		453314	487853
493725	AURA BATTLER DUNBINE SIDE L	圣战士丹拜因SIDE L	2024-05-08	1	WEB			524474
493750	肥志百科 第11季	肥志百科 第11季	2024-12-01	12	WEB		471779	548513
493758	いずれ最強の錬金術師？	迟早是最强的炼金术师？	2025-01-08	12	TV			584460
493815	Batman: Caped Crusader	蝙蝠侠：披风斗士	2024-08-01	10	WEB			501732
493864	Samuel		2024-03-11	21	TV			655451
494044	映画 おでかけ子ザメ とかいのおともだち	电影 小鲨鱼去郊游	2025-08-22	1	剧场版		437502	616378
494267	黒岩メダカに私の可愛いが通じない	我的可爱对黑岩目高不管用	2025-01-06	12	TV			547036
494564	花ざかりの君たちへ	花样少年少女	2026-01-04	12	TV			637124
494838	South Park: The End of Obesity	南方公园：肥胖的终结	2024-05-24	1	WEB			549641
494842	Frog and Toad Season 2	青蛙与蟾蜍 第二季	2024-05-31	9	WEB		431330	
495007	進撃の巨人・ザ・リアル 4-D	进击的巨人 THE REAL 4D	2016-01-15					495012
495012	進撃の巨人・ザ・リアル 4-D: 2	进击的巨人 THE REAL 4D: 2	2016-12-16				495007	
495018	ドラゴンボールZ・ザ・リアル 4-D at 超天下一武道会	龙珠Z THE REAL 4D at 超天下一武道会	2017-06-30				495019	
495019	ドラゴンボールZ・ザ・リアル 4-D	龙珠Z THE REAL 4D	2016-07-01					495018
495230	九天玄帝诀 第五季 下半部				WEB		458927	
495238	ダイヤのA actⅡ Second Season	钻石王牌 act2 第二季	2026-04-05	13	TV		267615	664395
495441	ドラえもん 宇宙ふしぎ大探検	哆啦A梦：宇宙不可思议大探险	2009-06-06		剧场版			498119
495674	刀剣乱舞 廻 -々伝 近し侍らうものら-	刀剑乱舞 回 -旋传 亲近的侍从们-	2024-08-16	1	剧场版			382584
496086	光が死んだ夏	光死去的夏天	2025-07-05	12	TV			589302
496102	私を知らないフランスに会いに行く		2024-05-22	1			406786	
496141	姜子牙2				剧场版		291286	
496180	喜羊羊与灰太狼之疯狂超能营		2024-07-05	60	TV		464480	529532
496391	マッシュル-MASHLE- 三魔対争神覚者最終試験編	物理魔法使马修 三魔对争神觉者最终试验篇			TV		443493	
496617	SAKAMOTO DAYS	坂本日常	2025-01-11	11	TV			524005
496945	やくならマグカップも 劇場版	如果烧陶的话也做个马克杯吧 剧场版	2025-04-18	1	剧场版			620064
497026	师兄啊师兄 年番		2024-06-06	52	WEB		428130	516416
497030	我叫MT 第七季		2024-07-10	10	WEB		43383	
497110	ニンジャバットマン対ヤクザリーグ	忍者蝙蝠侠对极道联盟	2025-03-21	1	WEB		227175	
497258	未來宅急便 第一季		2021-04-13	13	TV			497259
497259	未來宅急便 第二季		2021-12-23	13	TV		497258	488942
497296	Star Wars: Young Jedi adventures Season 1	星球大战：少年绝地历险记 第一季	2023-05-04	26	WEB			500680
497403	Camp Snoopy	史努比露营大冒险	2024-06-14	13	WEB			659438
497502	차징 탑스피너	爆炫星陀	2023-05-13	26	TV			497503
497503	차징 탑스피너 BX		2024-01-27	26	TV		497502	
497594	ef - a tale of memories. ~prologue~	悠久之翼Prologue	2007-08-24	1	OVA			799
497620	0歳児スタートダッシュ物語	0岁儿童开始冲刺的故事	2024-07-07	12	TV			526429
497639	猪猪侠之竞速小英雄 8		2024-02-17	26	TV		471441	497640
497640	猪猪侠之竞速小英雄 9		2025-06-13	26	TV		497639	639431
497641	WondLa	寻家	2024-06-28	7	WEB			552693
497688	剑道第一仙 第二季		2024-06-12	120	WEB		345816	
497881	おそ松さん 第4期	阿松 第四季	2025-07-08	13	TV		309910	
497935	百工灵	百工灵	2024-06-19	24	TV			530383
498119	ドラえもん 宇宙ふしぎ大探検2 〜太陽系のひみつ〜	哆啦A梦：宇宙不可思议大探险2 太阳系的秘密			剧场版		495441	498187
498120	百炼飞升录 第二季		2024-06-14	60	WEB		422837	
498178	闇芝居 十三期	暗芝居 第十三季	2024-07-14	13	TV		465694	526223
498187	ドラえもん 宇宙ふしぎ大探検3 〜地球のふしぎ〜	哆啦A梦：宇宙不可思议大探险3 不可思议的地球		1	剧场版		498119	
498378	SPY×FAMILY Season 3	间谍过家家 第三季	2025-10-04	13	TV		411427	
498930	Spirit Riding Free	小馬王：自由奔馳	2017-05-05	52	WEB		39503	363286,645299
498947	ガチアクタ	咔嗒咔嗒	2025-07-06	24	TV			614606
499073	ダンジョン飯 第2期	迷宫饭 第二季			TV		395378	
499105	The Angry Birds Movie 3	愤怒的小鸟3	2026-12-23		剧场版		216461	
499155	The Watchmen Chapter 2	守望者 第二章	2024-11-26	1	WEB		499156	
499156	The Watchmen Chapter 1	守望者 第一章	2024-08-13	1	WEB			499155
499359	魔幻陀螺2		2016-11-04	30	TV		197056	245701
499361	魔幻陀螺之聚能引擎		2019-03-01	30	TV		245701	499362
499362	魔幻陀螺5		2021-04-06	30	TV		499361	499366
499366	魔幻陀螺6		2024-03-27	20	TV		499362	
499474	東京リベンジャーズ 三天戦争編	东京复仇者 三天战争篇	2026-10-02	13	TV		427329	
499598	梦舟少年志之上古传奇	梦舟少年志之上古传奇	2016-02-23	18	TV			499599
499599	梦舟少年志之天罄传奇	梦舟少年志之天罄传奇	2016-02-23	19	TV		499598	499603
499603	梦舟少年志之秦剑传奇	梦舟少年志之秦剑传奇	2016-02-23	18	TV		499599	499604
499604	梦舟少年志之西汉公主	梦舟少年志之西汉公主	2020-12-10	38	TV		499603	
499656	転生したら第七王子だったので、気ままに魔術を極めます 第2期	转生为第七王子，随心所欲的魔法学习之路 第二季	2025-07-09	12	TV		407133	
500060	銀魂オンシアター2D 金魂篇	银魂ON THEATER 2D 金魂篇	2024-11-22	1	剧场版		480096	
500095	精灵王国2纵横四海	精灵王国2纵横四海			剧场版		500109	
500097	反击者4	反击者4			剧场版		500110	
500109	精灵王国：重返小人国	精灵王国：重返小人国			剧场版			500095
500110	反击者3	反击者3			剧场版		500113	500097
500113	反击者2	反击者2	2022-01-21	1	剧场版		500115	500110
500115	反击者	反击者	2021-07-27	1	剧场版			500113
500458	胶囊计划·奇迹	胶囊计划 奇迹	2026-07-08	8	WEB		466296	578368
500678	Star Trek: Prodigy Season 2	星际迷航：神童 第二季	2024-07-01	20	WEB		355796	
500680	Star Wars: Young Jedi adventures Season 2	星球大战：少年绝地历险记 第二季	2024-08-14	23	WEB		497296	595937
500789	猪猪侠之恐龙日记 7		2024-06-28	26	TV		384744	513203
500855	転生貴族、鑑定スキルで成り上がる 第2期	转生贵族凭鉴定技能扭转人生 第二季	2024-09-29	12	TV		434144	530104
501044	月が導く異世界道中 第三幕	月光下的异世界之旅 第三幕			TV		350235	
501203	クマーバ シーズン2		2024-10-05	12	TV		476412	532772
501205	Unnamed Memory Act.2	无名记忆 第二季	2025-01-07	12	TV		410939	
501234	青田小田鱼	青田小田鱼	2024-12-12	10	TV			554237
501251	下姜村的绿水青山梦	下姜村的绿水青山梦	2021-05-04	7	TV			509987
501327	寻灵大冒险 第三季	寻灵大冒险 第三季	2023-05-01	26	TV		501328	
501328	寻灵大冒险 第二季	寻灵大冒险 第二季	2023-03-31	26	TV		228905	501327
501538	사랑의 하츄핑	奇妙萌可大电影	2024-08-07	1	剧场版			697460
501564	Little Polar Bear しろくまくん、どこへ？	小北极熊 白熊君，去何方？	1990-04-28	1	剧场版			314706
501626	WIND BREAKER Season 2	防风少年 第二季	2025-04-03	12	TV		426947	
501710	茶啊二中第五季		2024-07-21	8	WEB		241442	613039
501729	劇場版 魔法科高校の劣等生 四葉継承編	剧场版 魔法科高校的劣等生 四叶继承篇	2026-05-08	1	剧场版		364522	658054
501732	Batman: Caped Crusader Season 2	蝙蝠侠：披风战士 第二季	2026-07-31	10	WEB		493815	
501737	オーイ！とんぼ 第2期	蜻蛉高球 第二季	2024-10-05	13	TV		433072	
501771	新みつばちマーヤの冒険	新玛雅蜜蜂历险记	1982-10-12	52	TV		211630	
501796	魔法の姉妹ルルットリリィ	魔法姐妹露露特莉莉	2026-04-05	12	TV			634210
501844	怪獣8号 第2期	怪兽8号 第二季	2025-07-19	11	TV		394623	616693
501852	Animation vs. Geometry	火柴人 VS 几何	2024-06-29	1			469783	
501853	冒険大陸 アニアキングダム 伝説のガーディアン編	冒险大陆 安利亚王国 传说的守护者篇	2024-06-28	5	WEB		426274	
501859	劇場版 風都探偵 仮面ライダースカルの肖像	剧场版 风都侦探 假面骑士Skull的肖像	2024-11-08	1	剧场版			332133
501919	戦隊大失格 2nd season	战队大失格 第二季	2025-04-13	12	TV		407234	
501950	凹凸世界REBORN 先行集	凹凸世界·新生 先行集	2025-03-14	2	WEB			607337
501958	劇場版 鬼滅の刃 無限城編 第一章 猗窩座再来	剧场版 鬼灭之刃 无限城篇 第一章 猗窝座再袭	2025-07-18	1	剧场版		441939	501960
501960	劇場版 鬼滅の刃 無限城編 第二部	剧场版 鬼灭之刃 无限城篇 第二部		1	剧场版		501958	501961
501961	劇場版 鬼滅の刃 無限城編 第三部	剧场版 鬼灭之刃 无限城篇 第三部		1	剧场版		501960	
501963	無職転生Ⅲ ～異世界行ったら本気だす～	无职转生 第三季 ～到了异世界就拿出真本事～	2026-07-04	14	TV		444557	708197
502142	クレバテス-魔獣の王と赤子と屍の勇者-	Clevatess-魔兽之王与婴儿与尸之勇者-	2025-07-02	12	TV			585820
502219	Hit-Monkey Season 2	杀手猴 第二季	2024-07-15	10	WEB		360715	
502500	はなかっぱ 第15期	花样河童 第15季	2024-04-01	28	TV		427943	
502875	黒執事 -緑の魔女編-	黑执事 -绿之魔女篇-	2025-04-05	13	TV		444049	
502876	炎炎ノ消防隊 参ノ章 第2クール	炎炎消防队 叁之章 第2部分	2026-01-09	13	TV		382126	
502928	みなみけ これから	南家三姐妹 从今以后			TV		47685	
503184	奶龙爆笑嘉年华		2023-07-06	35	WEB			503185
503185	奶龙爆笑嘉年华2		2024-07-10	40	WEB		503184	
503237	Shrek 5	怪物史莱克5	2027-06-30	1	剧场版		58963	
503450	彼女、お借りします 第4期	租借女友 第四季	2025-07-04	12	TV		401783	533027
503638	The Dragon Prince Season 6	龙王子 第六季	2024-07-26	9	WEB		445283	532413
504244	호랑이 들어와요	老虎来了	2024-07-25	8	WEB			699026
504386	熊出没•重启未来	熊出没•重启未来	2025-01-29	1	剧场版		440068	569761
504524	地獄先生ぬ～べ～	地狱老师	2025-07-02	13	TV			555772
505080	まぁるい彼女と残念な彼氏 続編	棉花糖女孩遇上闷骚男孩 续篇	2024-11-15	6	TV		491923	
505303	カッコウの許嫁 Season 2	杜鹃的婚约 第二季	2025-07-08	12	TV		327606	
505372	The Legend of Vox Machina S3	机械之声的传奇第三季	2024-10-03	12	WEB		418359	527479
505378	劇場版 美男高校地球防衛部ETERNAL LOVE！	剧场版 美男高校地球防卫部ETERNAL LOVE！	2025-01-24	1	剧场版		234378	544967
505394	Hazbin Hotel Season 3	地狱客栈 第3季			WEB		457549	505395
505395	Hazbin Hotel Season 4	地狱客栈 第4季			WEB		505394	
505396	完美世界 第五季		2024-10-04	52	WEB		449355	577198
505398	画江湖之不良人捌	画江湖之不良人 第八季		12	WEB		435075	
505401	Invincible Season 4	无敌少侠 第四季	2026-03-18	8	WEB		465873	663439
505488	劇場版 モノノ怪 火鼠	剧场版 物怪 火鼠	2025-03-14	1	剧场版		388469	505562
505562	劇場版 モノノ怪 蛇神	剧场版 物怪 蛇神	2026-05-29	1	剧场版		505488	666230
505980	Solar Opposites Season 6	外星也难民 第六季	2025-10-13	10	WEB		458225	
506109	勇者動畫系列 第二季	勇者动画系列 第二季	2025-08-23	6	TV		340998	
506120	アンデッドアンラック Winter編	不死不幸 冬季篇	2025-12-25	1	TV		397808	617727
506258	片田舎のおっさん、剣聖になる	乡下大叔成为剑圣	2025-04-05	12	TV			565701
506323	雪王之奇幻沙州		2024-12-21	12	WEB		432937	665620
506325	诛仙 第三季		2025-06-12	26	WEB		415679	577143
506551	The Tick Vs. Season One	超级蜱人 第一季	1994-09-10	13				660146
506672	ウィッチウォッチ	魔女与使魔	2025-04-06	25	TV			592175
506773	Duel Masters LOST ～月下の死神～	决斗大师 LOST ～月下的死神～	2024-12-21	4	WEB		482823	540453
506794	宝可梦动画图鉴 小憩岛中		2024-08-05	10	WEB			525704
506836	狐妖小红娘 黄风岭篇	狐妖小红娘13 黄风岭篇	2026-09-11	16	WEB		449344	
506873	Fate/Grand Order 藤丸立香はわからない Season2	Fate/Grand Order 藤丸立香想不明白 第2季	2024-08-03	26	WEB		467713	565472
506922	阿波連さんははかれない season2	测不准的阿波连同学 第二季	2025-04-07	12	TV		343656	
506957	治癒魔法の間違った使い方 第2期	治愈魔法的错误使用方法 第二季			TV		346426	
507422	新大头儿子和小头爸爸 带你看中国 第一季	新大头儿子和小头爸爸 带你看中国 第一季	2024-12-18	40	TV			625477
507433	監禁区域レベルX	监禁区域LevelX	2024-09-06	6	TV			517532
507559	The Octonauts Season 1	海底小纵队 第一季	2010-10-04	50	TV			640915
507613	武动乾坤 第五季	武动乾坤 第五季	2025-01-01	12	WEB		395285	535075
507634	千歳くんはラムネ瓶のなか	弹珠汽水瓶里的千岁同学	2025-10-07	13	TV			584847
507726	Incredibles 3	超人总动员3	2028-06-16	1	剧场版		237446	
507819	一人之下 第6季	一人之下 第六季	2026-01-02	26	WEB		360773	661791
507820	大王饶命 第三季	大王饶命 第三季	2026-10-03	16	WEB		368985	689447
507822	全职法师Ⅶ	全职法师 第七季	2026-05-13	12	WEB		345804	574791
508003	Dr.STONE SCIENCE FUTURE 第2クール	石纪元 科学与未来 第2部分	2025-07-10	12	TV		471578	508004
508004	Dr.STONE SCIENCE FUTURE 第3クール	石纪元 科学与未来 第3部分	2026-04-02	13	TV		508003	
508147	奶龙搞怪大作战	奶龙搞怪大作战	2023-01-12	40	WEB			562335
508295	幻想万華鏡 幻想郷時間作戦の章	幻想万华镜 幻想乡时间作战之章	2025-10-19	2	OVA		429899	
508311	星卡梦少女2梦幻精灵		2024-08-12	26	WEB		471227	
508405	小花仙之四时花语 夏季篇		2021-04-29	26	WEB		307354	508411
508411	小花仙之四时花语 秋季篇		2022-07-28	26	WEB		508405	508412
508412	小花仙之四时花语 冬季篇		2023-07-12	26	WEB		508411	
508442	バッドばつ丸のオレのポチは世界一		1996-01-13	1	OVA		315760	
508725	The Super Mario Bros Super Show	超级马力欧兄弟：超级秀	1989-09-04	52	TV			582272
508737	Rick and Morty: Samurai & Shogun Part 2	瑞克和莫蒂：武士与将军  第二部分	2021-11-13	1	WEB		314174	
509042	Secret Level	秘密关卡	2024-12-10	15	WEB			529188
509096	The Real Ghostbusters Season 1	捉鬼特工队 第一季	1986-09-13	13	TV			535138
509297	ウマ娘 シンデレラグレイ	赛马娘 芦毛灰姑娘	2025-04-06	13	TV			530377
509355	野生のラスボスが現れた！	野生的大魔王出现了！	2025-10-04	12	TV			616808
509987	下姜村的共同富裕梦	下姜村的共同富裕梦	2022-09-30	7	TV		501251	554235
510284	一世独尊 第2季		2024-09-14		WEB		405311	
510488	サキュバスのパイズリ		2022-06-30	1		1	376249	
510541	小花仙大电影：奇迹少女		2021-08-21	1	剧场版		228576	
510710	ようこそ実力至上主義の教室へ 4th Season	欢迎来到实力至上主义的教室 第四季	2026-04-01	16	TV		373266	663369
510728	Re:ゼロから始める異世界生活 3rd season 反擊編	Re：从零开始的异世界生活 第三季 反击篇	2025-02-05	8	TV		425998	547888
510753	死亡遊戯で飯を食う。	靠死亡游戏混饭吃。	2026-01-07	11	TV			638185
510788	映画 イナズマイレブン総集編 伝説のキックオフ	电影 闪电十一人总集篇 传说的开球	2024-12-27	1	剧场版			510789
510789	劇場版 イナズマイレブン 新たなる英雄たちの序章	剧场版 闪电十一人 新英雄的序章	2024-12-27	1	剧场版		510788	
511126	Aランクパーティを離脱した俺は、元教え子たちと迷宮深部を目指す。	脱离了A级队伍的我，和从前的徒弟们前往迷宫深处。	2025-01-11	24	TV			567062
511554	Blood of Zeus Season 2	宙斯之血第二季	2024-05-09	8	TV		317687	568430
512792	劇場版総集編 ガールズバンドクライ 青春狂走曲	剧场版总集篇 少女乐队的呐喊 青春狂走曲	2025-10-03	1	剧场版			512793
512793	劇場版総集編 ガールズバンドクライ なぁ、未来。	剧场版总集篇 少女乐队的呐喊 呐、未来。	2025-11-14	1	剧场版		512792	
512817	ばいばい、アース 第2シーズン	再见，地球 第二季	2025-04-04	10	TV		408195	
512939	Star Trek: Lower Decks Season 5	星际迷航：下层舰员 第五季	2024-10-24	10	TV		449437	
513018	小市民シリーズ 第2期	小市民系列 第二季	2025-04-05	12	TV		474906	
513137	Phineas and Ferb Season 5	飞哥与小佛 第五季	2025-06-05	20	TV		322880	552077
513203	猪猪侠之恐龙日记 8		2024-09-13	26	WEB		500789	
513375	ぷにるんず ぷに２	噗尼轮轮 噗尼2	2024-10-06	25	TV		398762	546442
513395	اليوم_الوطني_السعودي_94  | #فوق_عالي_الشهبوطن حلمه#	Saudi Arabia National Day #94 Animation	2024-09-16	1	短片		455037	611074
513462	みにヴぁん 2	迷你先导者 第二季	2015-10-03	26	TV		56113	
513599	ef - a tale of melodies. ~prologue~	悠久之翼2Prologue	2008-05-10	1	OVA			1029
513725	時々ボソッとロシア語でデレる隣のアーリャさん Season 2	不时轻声地以俄语遮羞的邻座艾莉同学 第二季			TV		424883	
513788	POKÉTOON 2024	POKÉTOON动画系列2024	2024-09-18	14	WEB		338353	
513885	Splinter Cell: Deathwatch	细胞分裂：死亡守望	2025-10-14	8	WEB			598141
513939	ばなにゃ あらうんど ざ わーるど	香蕉喵游世界	2024-10-21	13	WEB		288311	664856
514031	アルドノア・ゼロ 雨の断章 -The Penultimate Truth-	ALDNOAH.ZERO 雨之断章 -The Penultimate Truth-	2025-03-26	1	OVA		107835	
514353	小林さんちのメイドラゴン さみしがりやの竜	小林家的龙女仆 怕寂寞的龙	2025-06-27	1	剧场版		274234	
514693	SHIBUYA♡HACHI 第2クール	涩谷♡八 第二部分	2024-10-05	12	TV		480437	541037
514744	キン肉マン 完璧超人始祖編 Season 2	金肉人 完美超人始祖篇 第二季	2025-01-12	11	TV		424853	575996
514926	狼と香辛料 MERCHANT MEETS THE WISE WOLF 第2期	狼与香辛料 行商邂逅贤狼 第二季			TV		372010	
515018	宗门里除了我都是卧底		2024-10-14	100	WEB			609226
515201	シルバニアファミリー フレアのピース・オブ・シークレット		2024-11-21	6	TV		515300	585457
515300	シルバニアファミリー フレアのゴー・フォー・ドリーム！		2023-07-06	13	TV		400601	515201
515392	映画 先輩はおとこのこ あめのち晴れ	电影 前辈是男孩子 雨过天晴	2025-02-14	4	剧场版		425988	
515418	傷だらけ聖女より報復をこめて	黑化吧！圣女大人	2025-07-09	12	TV			650428
515422	映画ドラえもん のび太の絵世界物語	哆啦A梦：大雄的绘画奇遇记	2025-03-07	1	剧场版		444359	583519
515594	転生したらスライムだった件 第4期	关于我转生变成史莱姆这档事 第四季	2026-04-03	24	TV		407573	616596
515595	劇場版 転生したらスライムだった件 蒼海の涙編	剧场版 关于我转生变成史莱姆这档事 苍海之泪篇	2026-02-27	1	剧场版		350185	
515759	葬送のフリーレン 第2期	葬送的芙莉莲 第二季	2026-01-16	10	TV		400602	638133
515856	杖と剣のウィストリア Season 2	杖与剑的魔剑谭 第二季	2026-04-12	12	TV		479477	664383
515858	魔法阿媽 2：魔法小豆苗	魔法阿妈2			剧场版		54579	
515880	ぐらんぶる Season 2	碧蓝之海 第二季	2025-07-07	12	TV		235130	569116
516076	镇魂街 第五季	镇魂街 王国纷争篇	2026-12-11	30	WEB		456601	
516129	Moral Orel	教会男孩儿	2005-12-13	10	TV			573974
516227	中禅寺先生物怪講義録 先生が謎を解いてしまうから。	中禅寺老师的灵怪讲义实录 老师会把谜题全都解开的。	2025-04-07	12	TV			916
516311	Re:ゼロから始める休憩時間 3rd season	Re：从零开始的休息时间3	2024-10-02	16	WEB		310194	638494
516414	百炼成神3		2025-12-09	26	WEB		453312	
516415	少年白马醉春风 第三季				WEB		449570	
516416	师兄啊师兄 年番2		2025-06-05	52	WEB		497026	659266
516423	云深不知梦	云深不知梦	2025-07-05	26	WEB			591581
516455	五行战神 第2季		2024-09-28	30	WEB		442356	
516614	元尊 动态漫		2020-01-08	13	动态漫画			516617
516617	元尊 动态漫 第二季：力挽狂澜		2020-05-20	13	动态漫画		516614	516618
516618	元尊 动态漫 第三季：真假圣龙		2022-07-20	13	动态漫画		516617	516619
516619	元尊 动态漫第四季：苍玄宗		2023-03-15	13	动态漫画		516618	
516645	斗破苍穹 动态漫	斗破苍穹 动态漫		26	动态漫画			516646
516646	斗破苍穹 动态漫 第二季	斗破苍穹 动态漫 第二季	2020-01-14	52	动态漫画		516645	516647
516647	斗破苍穹 动态漫 第三季	斗破苍穹 动态漫 第三季		52	动态漫画		516646	516648
516648	斗破苍穹 动态漫 第四季	斗破苍穹 动态漫 第四季	2022-01-28	51	动态漫画		516647	516649
516649	斗破苍穹 动态漫 第五季	斗破苍穹 动态漫 第五季	2024-08-24	50	动态漫画		516648	705616
516650	斗破苍穹之大主宰第1季 动态漫	斗破苍穹之大主宰第1季 动态漫	2018-12-19	52	动态漫画			516651
516651	斗破苍穹之大主宰 第2季 动态漫	斗破苍穹之大主宰 第2季 动态漫	2020-08-12	30	动态漫画		516650	516652
516652	斗破苍穹之大主宰 第3季 动态漫	斗破苍穹之大主宰 第3季 动态漫	2021-06-05	30	动态漫画		516651	516653
516653	斗破苍穹之大主宰 第4季 动态漫	斗破苍穹之大主宰 第4季 动态漫	2022-04-23	30	动态漫画		516652	516654
516654	斗破苍穹之大主宰 第5季 动态漫	斗破苍穹之大主宰 第5季 动态漫	2023-04-01	30	动态漫画		516653	
516788	魔法少女にあこがれて 第2期	梦想成为魔法少女 第二季			TV		424663	
516844	Винни-Пух и день забот	维尼噗与关怀日	1972-08-06	1	短片		347800	
517027	夜桜さんちの大作戦 第2期	夜樱家的大作战 第二季	2026-04-12	12	TV		411276	664389
517057	【推しの子】 第3期	【我推的孩子】 第三季	2026-01-14	11	TV		443428	637659
517092	MEDUSA - The prequel	美杜莎 - 前传	2019-01-10	1	WEB			517093
517093	MEDUSA - The Stone Kingdom	美杜莎 - 石之国	2023-11-08	1	WEB		517092	
517106	逃げ上手の若君 第二期	擅长逃跑的殿下 第二季	2026-07-17	12	TV		424573	
517177	The Solar Opposites Halloween Special Part 2: The Hunt for Brown October	外星也难民：万圣节特别篇 2	2024-10-07	1	WEB		478096	
517532	監禁区域レベルX 第2期	监禁区域LevelX 第二季	2025-02-21	6	TV		507433	
517812	のらくろ二等兵	二等兵小黑 有声版		1	剧场版			198586
518059	South Park: Post Covid	南方公园：后新冠时代	2021-11-25	1	WEB			518064
518064	South Park: Post Covid: The Return of Covid	南方公园：后新冠时代：新冠回归	2021-12-26	1	WEB		518059	366527
518331	Beetlejuice Season1	阴间大法师 动画版 第一季	1989-09-09	13	TV			518333
518333	Beetlejuice Season2	阴间大法师 动画版 第二季	1990-09-08	8	TV		518331	518334
518334	Beetlejuice Season3	阴间大法师 动画版 第三季	1991-09-07	8	TV		518333	518336
518336	Beetlejuice Season4	阴间大法师 动画版 第四季	1991-09-09	52	TV		518334	
518413	僕のヒーローアカデミア FINAL SEASON	我的英雄学院 最终季	2025-10-04	11	TV		425587	644516
518425	凡人修仙传 第四季	凡人修仙传 第四季	2025-01-18	52	WEB		406306,530751	607915
518465	短編プチロマンス『公園へ行こう act.3 瀬川萌絵』 ～変質者に襲われている少女を救った男の末路～		2023-06-28	1		1	409176,414738	518468,518471
518468	短編プチロマンス『公園へ行こう act.4』 ～誘惑モード突入少女のペースにまんまとハマった男の末路～		2023-09-06	1		1	409176,414738,518465	518471
518471	短編プチロマンス『公園へ行こう act.5』 ～器の大きい人になるため百合プレイを敢行した少女の末路～		2024-03-10	1		1	409176,414738,518465,518468	
518519	ONE PIECE FAN LETTER	航海王：粉丝来信	2024-10-20	1	TV		110526	518603
518603	ONE PIECE 魚人島編	航海王：鱼人岛篇特别编辑版	2024-11-03	21	TV		110526,518519	
518605	홍길동	洪吉童	1967-01-21		剧场版			
519254	Family Guy Halloween 2024	恶搞之家 万圣节2024	2024-10-14	1	WEB			549977
519266	The Simpsons Season 36	辛普森一家 第三十六季	2024-09-29	18	TV		430660	583581
520284	勘違いの工房主～英雄パーティの元雑用係が、実は戦闘以外がSSSランクだったというよくある話～	干杂活我乃最强～关于原英雄队伍的杂役人员，实际上除了战斗能力外全是SSS的故事～	2025-04-06	12	TV			606878
520299	斩神之凡尘神域 第2季		2026-06-25	15	WEB		398799	555018
520300	剑来 第二季	剑来 第二季	2025-12-25	27	WEB		345825	644958
520515	Jurassic World: Camp Cretaceous (Season 4)	侏罗纪世界：白垩纪营地 第四季	2021-12-03	12			337697	520516
520516	Jurassic World: Camp Cretaceous (Season 5)	侏罗纪世界：白垩纪营地 第五季	2022-07-21	12			520515	
520559	最強の王様、二度目の人生は何をする？	最强王者的第二人生	2025-04-02	12	TV			565304
520629	维将-降伏其心		2024-10-18	52	WEB		413617	
520676	Rick and Morty Season 11	瑞克和莫蒂 第十一季			TV		451758	520677
520677	Rick and Morty Season 12	瑞克和莫蒂 第十二季			TV		520676	
521150	映画しまじろう『しまじろうと ゆうきのうた』		2025-03-14	1			469288	
521194	こまねこのかいがいりょこう		2024-10-25	1			113877	
521200	RWBY Chibi Season 4		2023-03-05	7			237133	
521428	全职高手·荣耀小剧场		2024-12-14	12	WEB			535076
521431	成何体统 第二季		2026-01-25	24	WEB		340263	
522253	메탈카드봇	炫卡斗士	2023-03-29	26	TV			700092
522348	妖恥艶～○リビッチとえっちなおゆうぎ～		2023-03-03	1		1		522358
522358	続・妖恥艶-ペドいパイセンと慰めSEX-		2024-04-26	1		1	522348	
522411	機動戦士ガンダムSEED FREEDOM ZERO	机动战士高达SEED FREEDOM ZERO						337586
522511	パンの赤ちゃん		2024-12-06	1	WEB			651872
522531	聖女なのに国を追い出されたので、崩壊寸前の隣国へ来ました	明明是圣女却被赶出国家，于是来到了濒临崩溃的邻国	2025-01-10	12	动态漫画			596843
522922	战斗王之飓风战魂Ⅲ		2015-09-03	40	TV		291651	
523352	篮球旋风	篮球旋风	2019-09-02	52	TV			538961
523426	ホテル・インヒューマンズ	杀手旅店	2025-07-06	13	TV			589775
523495	猪猪侠之超星五灵侠 第七季		2024-11-08	26	TV		441156	531939
523496	KUROMI'S PRETTY JOURNEY 〜はちゃめちゃ！マルチバース大脱出！～		2024-10-31	19	WEB		420442	
523664	ゆるキャン△ SEASON４	摇曳露营△ 第四季			TV		405785	
523666	獣兵衛忍風帖BURST	兽兵卫忍风帖BURST	2014-12-06	3	剧场版		36484	
523690	Ice Age: Boiling Point	冰川时代6：熔岩危机	2027-02-05	1	剧场版		161942	
523821	映画 ヒプノシスマイク -Division Rap Battle-	电影 催眠麦克风	2025-02-21	1	剧场版		426049	
523842	忘却バッテリー 第2期	失忆投捕 第二季			TV		448478	
523889	全力ウサギ 第2期	全力兔子 第二季	2025-04-09	12	TV		368833	
523968	The Magic School Bus Rides Again	魔法校车再次启程	2017-09-29	30	TV		284932	
524005	SAKAMOTO DAYS 第2クール	坂本日常 第2部分	2025-07-14	11	TV		496617	616760
524128	天穂のサクナヒメ ココロワ稲作日誌	天穗之咲稻姬 心轮种稻日记	2026-02-15	2	TV		478684	
524169	デスマーチからはじまる異世界狂想曲 続編	爆肝工程师的异世界狂想曲 续篇					200589	
524365	ひみつのアイプリ リング編	秘密的偶像公主 RING篇	2025-04-06	51	TV		468758	622634
524474	AURA BATTLER DUNBINE SIDE R	圣战士丹拜因SIDE R	2024-11-14	1	短片		493725	
524486	魔入りました！入間くん 第4シリーズ	入间同学入魔了 第四季	2026-04-04	24	TV		348699	708151
524707	わたしが恋人になれるわけないじゃん、ムリムリ！（※ムリじゃなかった!?）	我们不可能成为恋人！绝对不行。 (※似乎可行？)	2025-07-07	12	TV			587454
524894	Star Wars: Visions Volume 3	星球大战：幻境 第三季	2025-10-29	9	WEB		385455	
524963	DC Super Hero Girls Season 1	DC超级英雄美少女 第一季	2019-03-08	52	TV			524964
524964	DC Super Hero Girls Season 2	DC超级英雄美少女 第二季	2021-06-06	26	TV		524963	
524988	ディズニー ツイステッドワンダーランド ザ アニメーション ～エピソード オブ サバナクロー～	迪士尼 扭曲仙境 EPISODE of SAVANACLAW			WEB		352777	524989
524989	ディズニー ツイステッドワンダーランド ザ アニメーション シーズン エピソード オブ オクタヴィネル				WEB		524988	
525084	KING OF PRISM -Your Endless Call- み～んなきらめけ！プリズム☆ツアーズ		2025-06-27	1	剧场版		486477	664413
525114	龙舟少年			1	剧场版		422351	
525565	正反対な君と僕	相反的你和我	2026-01-11	12	TV			638497
525704	宝可梦动画图鉴 第二季 千伶百俐		2024-11-27	9	WEB		506794	571909
525800	人间最得意 第二季		2024-12-01	14	WEB		345833	
525825	Monkie Kid	乐高悟空小侠	2020-09-12	10			308504	525831
525827	Monkie Kid Season 2	乐高悟空小侠 第二季	2021-03-27	10			525831	525829
525829	Monkie Kid Season 3	乐高悟空小侠 第三季	2022-01-21	10			525827	525924
525830	Monkie Kid Season 4	乐高悟空小侠 第四季	2023-01-20	10			525924	525925
525831	Monkie Kid: Revenge of the Spider Queen	乐高悟空小侠：新年除妖记	2021-02-09	4			525825	525827
525845	哑舍 动态漫	哑舍 动态漫	2021-08-10	47	动态漫画		629877	525849
525849	哑舍 动态漫 第二季	哑舍 动态漫 第二季	2023-01-03	40	动态漫画		525845	
525924	Monkie Kid: Embrace Your Destiny	乐高悟空小侠：宿命的对决	2022-06-01	4			525829	525830
525925	Monkie Kid: The Emperor's Wrath	乐高悟空小侠：决战凌霄殿	2023-06-01	4			525830	525926
525926	Monkie Kid Season 5	乐高悟空小侠 第五季	2024-06-28	10			525925	
525953	Kim Possible Season 2	麻辣女孩 第二季	2003-07-18	30	TV		69295	525954
525954	Kim Possible Season 3	麻辣女孩 第三季	2004-09-25	12	TV		525953	525956
525956	Kim Possible Season 4	麻辣女孩 第四季	2007-02-10	23	TV		525954	
526102	そろ谷のけいばっち		2024-11-28	4	短片			613379
526104	キミとアイドルプリキュア♪	Idol光之美少女你与我♪	2025-02-02	49	TV		467784	611077
526159	LUPIN THE IIIRD THE MOVIE 不死身の血族	电影 鲁邦三世 不死身的血族	2025-06-27	1	剧场版		276785,555830	45054
526202	PUI PUI モルカー ザ・ムービー MOLMAX 続編	PUI PUI 天竺鼠车车 MOLMAX 续篇		1	剧场版		476683	
526223	闇芝居 十四期	暗芝居 第十四季	2025-01-05	13	TV		498178	562793
526429	0歳児スタートダッシュ物語 シーズン2	0岁儿童开始冲刺的故事 第二季	2025-01-05	12	TV		497620	
526567	ギャグマンガ日和GO	搞笑漫画日和GO	2025-04-05	12	TV		3482	
526698	动车侠·未来高铁城		2023-03-13	52	TV			526808
526735	Superbook Season 1	超级妙妙书 第一季	2010-09-09	13	TV			526744
526744	Superbook Season 2	超级妙妙书 第二季	2013-06-24	13	TV		526735	526753
526753	Superbook Season 3	超级妙妙书 第三季	2015-01-13	13	TV		526744	526755
526754	Superbook Season 5	超级妙妙书 第五季	2019-09-01	16	TV		526755	
526755	Superbook Season 4	超级妙妙书 第四季	2017-06-24	13	TV		526753	526754
526808	动车侠之城市守卫者		2023-12-12	26	TV		526698	
526970	仙逆 年番2		2025-02-24	52	WEB		481211	630676
526973	如果历史是一群喵 元末明初篇	如果历史是一群喵 元末明初篇	2025-07-20	12	WEB		448624	589368
526975	择天记3D	择天记	2026-01-31	26	WEB			667733
526979	ヘルモード ～やり込み好きのゲーマーは廃設定の異世界で無双する～	地狱模式～喜欢挑战特殊成就的玩家在废设定的异世界成为无双～	2026-01-09	12	TV			638151
527022	霸王龙雷奇 第二季		2024-12-04	52	TV		454781	
527479	The Legend of Vox Machina S4	机械之声的传奇第四季	2026-06-03	12			505372	
527559	机甲旋风激战篇		2013-01-01	6	WEB			527560
527560	机甲旋风之星际海盗		2014-01-01	5	WEB		527559	229612
528033	Hoodwinked!	小红帽	2005-12-16	1	剧场版			529011
528037	Transformers: Cyberverse Season 2		2019-09-07	18	TV		274653	316962
528170	どこでもマキバオー		2024-12-16	24	WEB		23452	592911
528251	麻雀飛翔伝 哭きの竜 飛竜之章	麻将飞翔传 哭泣的龙 飞龙之章	1991-08-23	1	OVA		279278	
528495	2.5次元の誘惑 第2期	2.5次元的诱惑 第二季			TV		410346	
528635	クレヨンしんちゃん 超華麗！灼熱のカスカベダンサーズ	蜡笔小新：灼热的春日部舞者们	2025-08-08	1	剧场版		469483	615446
528828	骸骨騎士様、只今異世界へお出掛け中Ⅱ	骸骨骑士大人异世界冒险中 第二季	2026-07-06	12	TV		333448	
528829	望まぬ不死の冒険者 第2期	事与愿违的不死冒险者 第二季			TV		378298	
528833	宝島メモリアル 夕凪と呼ばれた男	金银岛纪念：被称为夕凪的男人	1992-12-21	1	OVA		38941	
529011	Hoodwinked Too! Hood vs. Evil	小红帽2	2011-04-29	1	剧场版		528033	
529078	えぶりでいホスト	EVERYDAY HOST CLUB 男公关俱乐部的欢乐日常	2025-04-04	24	TV			611890
529188	Secret Level Season 2						509042	
529198	PROJECT OneLeaf						301233	
529199	映画おしりたんてい スター・アンド・ムーン	电影屁屁侦探 星星与月亮	2025-03-20	1	剧场版		455630	
529232	おしりたんてい 第5シリーズ	屁屁侦探 第五季	2021-04-03	13	TV		303880	529234
529234	おしりたんてい 第6シリーズ	屁屁侦探 第六季	2022-04-09	13	TV		529232	529235
529235	おしりたんてい 第7シリーズ	屁屁侦探 第七季	2023-04-08	15	TV		529234	529238
529238	おしりたんてい 第8シリーズ	屁屁侦探 第八季	2024-04-06	15	TV		529235	529240
529240	おしりたんてい 第9シリーズ	屁屁侦探 第九季	2025-04-05	15	TV		529238	625355
529276	The Vanishing Private	消失的大兵	1942-09-25	1	短片		262367	529279
529279	Sky Trooper	空降兵	1942-11-06	1	短片		529276	529292
529292	Fall Out Fall In	陆兵行军	1943-04-23	1	短片		529279	
529367	スキップとローファー 第2期	跃动青春 第二季			TV		357961	
529431	ダンダダン 第2期	胆大党 第二季	2025-07-03	12	TV		467461	586108
529532	喜羊羊与灰太狼之奇侠大营救	喜羊羊与灰太狼之奇侠大营救	2025-01-10	60	TV		496180,555629	545938,624692
529694	百姓貴族 3rd Season	百姓贵族 第三季	2025-10-03	12	TV		470777	616616
529723	株式会社マジルミエ 第2期	魔法光源股份有限公司 第二季	2026-07-04	12	TV		467641	
529756	ラーメン赤猫 其の二	拉面赤猫 第二季			TV		467243	
529875	仙王的日常生活 第五季	仙王的日常生活 第五季	2025-12-14	12	WEB		405214	689446
529966	らんま1/2 第2期	乱马1/2 第二季	2025-10-04	12	TV		489820	637802
529995	ヴィジランテ -僕のヒーローアカデミア ILLEGALS-	正义使者 -我的英雄学院之非法英雄-	2025-04-07	13	TV			567417
530007	Wallace & Gromit's Cracking Contraptions	超级无敌掌门狗：异想天开小发明	2002-10-15	10			132427	1039
530104	転生貴族、鑑定スキルで成り上がる 第3期	转生贵族凭鉴定技能扭转人生 第三季	2026-09-27	12	TV		500855	
530110	MFゴースト 3rd Season	极速车魂 第三季	2026-01-04	13	TV		470738	637890
530115	ぷにるはかわいいスライム 第2期	噗妮露是可爱史莱姆 第二季	2025-07-06	12	TV		470045	
530268	第20回東方M-1ぐらんぷり	第二十届东方M-1漫才大赛	2025-12-31	1			493195	621192
530290	嘆きの亡霊は引退したい 第2クール	叹气的亡灵想隐退 第2部分	2025-10-06	11	TV		481410	
530295	Creature Commandos Season 2	生物突击队 第二季			WEB		437484	
530309	最強王図鑑 ～The Ultimate Tournament～	最强王图鉴 ～The Ultimate Tournament～	2025-04-06	50	TV		473811	
530377	ウマ娘 シンデレラグレイ 第2クール	赛马娘 芦毛灰姑娘 第2部分	2025-10-05	10	TV		509297	
530383	百工灵 第二季						497935	
530442	Cloudy with a Chance of Meatballs Season 1	天降美食 第一季	2017-02-20	52	TV			530445
530445	Cloudy with a Chance of Meatballs Season 2	天降美食 第二季	2018-04-07	52	TV		530442	
530725	BLEACH 千年血戦篇-禍進譚-	死神 千年血战篇-祸进谭-	2026-07-25	10	TV		457326	
530729	魔法少女リリカルなのは EXCEEDS Gun Blaze Vengeance	魔法少女奈叶 EXCEEDS Gun Blaze Vengeance	2026-07-04	12	TV		220403	
530751	凡人修仙传 虚天战纪		2025-01-04	2	WEB			518425
531321	美德花园 第一部	美德花园 第一部		20	TV			531324
531324	美德花园 第二部	美德花园 第二部		26	TV		531321	531325
531325	美德花园 第三部	美德花园 第三部		26	TV		531324	531326
531326	美德花园 第四部	美德花园 第四部		26	TV		531325	
531335	嘿！星星狐 第一部	嘿！星星狐 第一部		26	TV			531337
531337	嘿！星星狐 第二部	嘿！星星狐 第二部		26	TV		531335	
531515	那年那兔那些事儿 第七季		2025-02-11	12	WEB		531519	
531519	那年那兔那些事儿 第六季		2021-10-23	6	WEB		291642	531515
531576	忍ばない！クリプトニンジャ咲耶 参ノ巻	不忍！加密忍者咲耶 叁之卷	2025-07-07	13	TV		471792	
531593	Wallace & Gromit: Vengeance Most Fowl	超级无敌掌门狗：企鹅的复仇	2024-12-25	1	剧场版		132422	
531834	青の祓魔師 終夜篇	青之驱魔师 终夜篇	2025-01-04	12	TV		486345	
531869	不白吃话山海经 第二季		2025-01-08	34	WEB		386440	
531939	猪猪侠之超星五灵侠 第八季		2024-12-26	26			523495	
532397	黑猫警长——气象安全篇		2025-01-10	1	短片		474364	620741
532407	武神主宰 秘境篇		2023-05-30	48	WEB		466778	532408
532408	武神主宰 妖剑篇		2023-11-14	56	WEB		532407	532409
532409	武神主宰 丹道篇		2024-05-28	56	WEB		532408	532410
532410	武神主宰 古虞篇		2024-12-10	56	WEB		532409	532412
532412	武神主宰 虚空篇		2025-06-24	56	WEB		532410	577148
532413	The Dragon Prince Season 7	龙王子 第七季	2024-12-19	9	WEB		503638	
532772	クマーバ シーズン3		2026-04-12	24	TV		501203	
533027	彼女、お借りします 第5期	租借女友 第五季	2026-04-10	12	TV		503450	663936
533096	猫猫のひとりごと 第2期	猫猫的呢喃 第二季	2025-01-13	24	WEB		461203	707667
533466	Common Side Effects	常见副作用	2025-02-02	10	TV			548866
533467	Bravest Warriors Season 4	无畏战士 第四季	2017-12-25	52			207700	
533619	똘이장군 제3땅굴편		1978-01-01		剧场版			533620
533620	간첩 잡는 똘이장군		1979-01-01		剧场版		533619	
533629	달려라 하니	汉妮妹妹	1988-08-15	13	TV			563116
534901	アイドリッシュセブン 4期	IDOLiSH7-偶像星愿- 4期					331751	
534907	アイドリッシュセブン First BEAT! 劇場総集編 前編	IDOLiSH7-偶像星愿- 剧场总集篇 前篇	2025-10-03	1	剧场版			555683
535075	武动乾坤 第六季	武动乾坤 第6季	2025-11-20	12	WEB		507613	576733
535076	全职高手·荣耀小剧场 第二季		2025-06-27	10	WEB		521428	
535077	牧神记 贰	牧神记2	2025-04-20	26	WEB		456159	587256
535138	The Real Ghostbusters Season 2	捉鬼特工队 第二季	1987-09-14	52			509096	535141
535141	The Real Ghostbusters Season 3	捉鬼特工队 第三季	1987-09-12	13			535138	535142
535142	The Real Ghostbusters Season 4	捉鬼特工队 第四季	1988-09-10	8			535141	535143
535143	The Real Ghostbusters Season 5	捉鬼特工队 第五季	1989-09-09	21			535142	535145
535145	The Real Ghostbusters Season 6	捉鬼特工队 第六季	1990-09-08	16			535143	535146
535146	The Real Ghostbusters Season 7	捉鬼特工队 第七季	1991-09-14	4			535145	
535454	过年者联盟之寻龙记		2024-02-09	1	短片		535459	535455
535455	过年者联盟之女娲赐福		2025-01-28	1	短片		535454	628621
535459	过年者联盟		2020-01-23	1	短片			535454
535623	猪猪侠之功夫小英雄	猪猪侠之功夫小英雄	2025-12-26	26	TV			639428
535669	氷の城壁	冰之城墙	2026-04-02	14	TV			665390
536089	The Adventures of Paddington	帕丁顿熊的冒险之旅	2019-12-20	41				536090
536090	The Adventures of Paddington Season 2	帕丁顿熊的冒险之旅 第二季	2021-02-19	50			536089	536091
536091	The Adventures of Paddington Season 3	帕丁顿熊的冒险之旅 第三季	2023-04-03				536090	
536255	World of Tomorrow Episode Two: The Burden of Other People's Thoughts	今夕何夕2	2017-10-20	1			144562	536256
536256	World of Tomorrow Episode Three: The Absent Destinations of David Prime	今夕何夕3	2020-10-08	1			536255	
536353	YOLO: Crystal Fantasy	乐活姐妹：怪诞冒险	2020-08-09	8	TV			536354
536354	YOLO: Sliver Destiny	乐活姐妹：怪诞冒险 第二季	2023-01-15	8	TV		536353	536356
536356	YOLO: Rainbow Trinity	乐活姐妹：怪诞冒险 第三季	2025-03-09	8	TV		536354	
536594	呪術廻戦・ザ・リアル 4-D	咒术回战 THE REAL 4D	2022-09-16					640995
536595	美少女戦士セーラームーン・ザ・ミラクル 4-D	美少女战士 THE MIRACLE 4D	2018-03-16					536596
536596	美少女戦士セーラームーン・ザ・ミラクル 4-D ～ムーン・パレス編～	美少女战士 THE MIRACLE 4D 月之宫殿篇	2019-05-31				536595	536600
536600	美少女戦士セーラームーン・ザ・ミラクル 4-D ～ムーン・パレス編 デラックス～	美少女战士 THE MIRACLE 4D 月宫豪华篇	2022-03-04				536596	
536711	太陽よりも眩しい星	星辰光辉更胜太阳	2025-10-02	12	TV			616412
536878	科学×冒険サバイバル！ 第2シリーズ	科学×冒险与生存！ 第二季	2025-10-04	19	TV		480716	
536891	哪吒3			1	剧场版		383308	
537074	公路Q车吧 第一季	公路Q车吧 第一季	2010-10-05	26	TV			537077
537077	公路Q车吧 第二季	公路Q车吧 第二季		34	TV		537074	537078
537078	公路Q车吧 第三季	公路Q车吧 第三季		40	TV		537077	
537409	ぼっち・ざ・ろっく！ 第2期	孤独摇滚！第二季			TV		328609	
537572	斗龙战士4双龙核	斗龙战士4双龙核	2016-09-26	30	TV		208052	537576
537576	斗龙战士5		2017-03-20	30	TV		537572	537580
537580	斗龙战士6		2020-08-21	30	TV		537576	
537645	龙脉传奇 第一季	龙脉传奇 第一季	2008-06-28	52	TV			537649
537649	龙脉传奇 第二季	龙脉传奇 第二季	2009-06-28	46	TV		537645	
537743	とある科学の超電磁砲 第4期	某科学的超电磁炮 第四季			TV		262940	
537991	Angry Birds Stella (Season 2)	愤怒的小鸟史黛拉 第二季	2015-10-09	13	TV		126613	
538194	Piggy Tales Season 1	愤怒的小鸟：猪猪传 第一季	2014-04-11	31	TV			538219
538217	大耳朵图图 第三季	大耳朵图图 第三季	2009-09-01	26	TV		431388	538221
538219	Piggy Tales Season 2	愤怒的小鸟：猪猪传 第二季	2015-04-17	26	TV		538194	
538221	大耳朵图图之小小欢乐魔法师	大耳朵图图之小小欢乐魔法师	2011-09-01	26	TV		538217	538224
538224	大耳朵图图之彩色小世界	大耳朵图图之彩色小世界	2015-09-01	26	TV		538221	565671
538631	Avatar: Seven Havens Season 1	降世神通：七个避风港 第一季	2026-10-09	13			114184	538632
538632	Avatar: Seven Havens Season 2	降世神通：七个避风港 第二季		13			538631	
538760	猫と竜	猫与龙	2026-07-04	12	TV			703539
538914	故事奶奶	故事奶奶	2017-01-04	26	TV			538926
538926	故事奶奶 第二季	故事奶奶 第二季	2022-02-04	26	TV		538914	
538958	冰球旋风 第2季	冰球旋风 第2季	2025-01-01	26	TV		402426	
538961	篮球旋风 第二季	篮球旋风 第二季	2024-07-26	52	TV		523352	
538984	エヴァンゲリオン・ザ・リアル 4-D: 2.0	新世纪福音战士 THE REAL 4D: 2.0	2016-01-15				235701	
540449	元祖！バンドリちゃん	元祖！BanG Dream Chan	2025-10-02	52	WEB		338400	
540453	Duel Masters LOST ～忘却の太陽～	决斗大师 LOST ～忘却的太阳～	2026-02-06	4	WEB		506773	632061
540641	劇場版 ご注文はうさぎですか？ ～We Are Family!～	剧场版 请问您今天要来点兔子吗？ ～我们是家人～			剧场版		260770	
540904	忘星のヴァリシア 第二章：群青		2025-04-21	1			437925	
541037	SHIBUYA♡HACHI 第3クール	涩谷♡八 第三部分	2025-04-05	13	TV		514693	582915
541282	ハイキュー!! バケモノたちの行くところ	排球少年 怪物们的远征			TV		396016	
541336	勇者パーティを追い出された器用貧乏	泛而不精的我被逐出了勇者队伍	2026-01-04	12	TV			637123
541423	忍たま乱太郎 第33シリーズ	忍者乱太郎 第33季	2025-03-31	73	TV		473769	
541549	런닝맨: 리벤져스	Running Man－复仇者之战	2023-08-10	1	剧场版		541551	
541550	애니메이션 런닝맨	Running Man 动画版	2017-07-29	27	TV			541551
541551	애니메이션 런닝맨2	Running Man 动画版 第二季	2019-01-05	27	TV		541550	541549
542046	完美世界剧场版 九劫焚天	完美世界剧场版 九劫焚天	2026-08-08	1	WEB		485902	
542273	은비까비의 옛날옛적에		1991-04-05	13	TV		546572	542290
542290	은비까비의 옛날옛적에 2기		1992-04-17	13	TV		542273	
542324	修罗武神 第2季		2026-02-24	16	WEB		345827	
542325	缔灵爱之默水玲珑		2025-07-11	20	WEB			676026
542666	熊出没之小小世界2		2025-03-21	52	TV		459566	
542673	黒猫萬歳	玩具箱系列第2话 黑猫万岁	1933-12-22		剧场版		542677	430067
542677	特急艦隊	玩具箱系列 特急舰队	1933-09-19		剧场版			542673
542812	Junk World	废世界	2025-06-13	1	剧场版			364543
544020	終末のワルキューレⅢ	终末的女武神 第三季	2025-12-10	15	WEB		425937	663924
544024	この素晴らしい世界に祝福を！4	为美好的世界献上祝福！第四季			TV		342667	
544109	真夜中ハートチューン	午夜的倾心旋律	2026-01-06	12	TV			637518
544459	莫麟传奇2之远古神兽			26	TV		116140	
544475	恐龙宝贝之失落的文明		2015-02-12	52	TV		115764	
544624	ガールズ＆パンツァー もっとらぶらぶ作戦です！ 第1幕	少女与战车 lovelove大作战！ 第1幕	2025-12-26	3	剧场版			544626
544626	ガールズ＆パンツァー もっとらぶらぶ作戦です！ 第2幕	少女与战车 lovelove大作战！ 第2幕	2026-01-30	3	剧场版		544624	544627
544627	ガールズ＆パンツァー もっとらぶらぶ作戦です！ 第3幕	少女与战车 lovelove大作战！ 第3幕	2026-03-06	3	剧场版		544626	544628
544628	ガールズ＆パンツァー もっとらぶらぶ作戦です！ 第4幕	少女与战车 lovelove大作战！ 第4幕	2026-04-10	3	剧场版		544627	
544812	たあ坊の竜宮星大探険	大口仔的龙宫星大冒险	1991-07-20	1	剧场版		589944	
544816	最終楽章 響け！ユーフォニアム 前編	最终乐章 吹响吧！上低音号 前篇	2026-04-24	1	剧场版			563041
544967	美男高校地球防衛部ハイカラ！	美男高校地球防卫部High collar！	2025-07-07	12	TV		505378	
545008	ふつつかな悪女ではございますが ～雛宮蝶鼠とりかえ伝～	恶女不才，请多关照 ～雏宫蝶鼠换身传～	2026-07-12	11	TV			705345
545132	トランスフォーマー ワイルドキング	变形金刚 狂野之王	2025-03-26	14	WEB			658891
545168	宇宙护卫队：百变流星		2026-01-24	1	剧场版		429332	
545328	銀河特急 ミルキー☆サブウェイ	银河特急 银河☆地铁	2025-07-03	12	TV		372890	
545810	るろうに剣心 －明治剣客浪漫譚－ 第三期	浪客剑心 －明治剑客浪漫谭－ 第三季			TV		470599	
545813	Coco 2	寻梦环游记2	2029-01-01	1	剧场版		209925	
545844	映画 すみっコぐらし 空の王国とふたりのコ	电影 角落小伙伴 天空王国与两位小伙伴	2025-10-31	1	剧场版		422904	708680
545917	これ描いて死ね	画完这个再去死	2026-07-03	12	TV			707750
545935	태권동자 마루치 아라치	跆拳童子Maruchi和Arachi	1977-07-27		剧场版			548036
545938	喜羊羊与灰太狼之狂野新宇宙	喜羊羊与灰太狼之狂野新宇宙	2025-07-04	60	TV		529532	545972
545965	Big Mouth Final Season	大嘴巴 最终季	2025-05-23	10	WEB		455725	
545972	喜羊羊与灰太狼之古古怪界有古怪	喜羊羊与灰太狼之古古怪界有古怪	2026-01-23	60	TV		545938	624691
546442	ぷにるんず ぷに３	噗尼轮轮 噗尼3	2025-07-05	26	TV		513375	646586
546572	배추도사 무도사의 옛날 옛적에	很久很久以前	1990-01-05	13	TV			542273
546901	熊熊帮帮团3	熊熊帮帮团 第3季	2024-12-20	26	TV		445680	639425
547036	黒岩メダカに私の可愛いが通じない Season2	我的可爱对黑岩目高不管用 第二季			TV		494267	
547409	旗旗号巡洋舰 第一季		2021-12-01	26	TV			551299
547873	MUZIK TIGER In the Forest		2025-04-02	13	TV			568800
547888	Re:ゼロから始める異世界生活 4th season 喪失編	Re：从零开始的异世界生活 第四季 丧失篇	2026-04-08	11	TV		510728	633836
548036	전자인간 337	电子人337	1977-12-08		剧场版		545935	
548133	BanG Dream! It's MyGO!!!!! / Ave Mujica 続編	BanG Dream! It's MyGO!!!!! / Ave Mujica 续篇			TV		454684	
548156	アオのハコ Season 2	青之箱 第二季	2026-10-04	12	TV		460306	
548195	どうせ、恋してしまうんだ。 第2期	终究、与你相恋。 第二季	2026-01-08	12	TV		482301	
548513	肥志百科 第12季		2025-04-06	12	WEB		493750	589204
548558	青のミブロ -芹沢暗殺編-	青之壬生浪 -芹泽暗杀篇-	2025-12-20	14	TV		454630	
548648	별나라 삼총사	星之国三剑客	1979-07-21		剧场版			548696
548696	삼총사 타임머신 001	三剑客时光机器001	1980-01-12		剧场版		548648	548698
548698	15소년 우주 표류기	15少年宇宙漂流记	1980-07-27		剧场版		548696	
548818	メダリスト 第2期	金牌得主 第二季	2026-01-24	9	TV		430699	621939
548853	アニメとススメ。シーズン2		2025-03-22	1	CM		486101	638189
548866	Common Side Effects Season 2	常见副作用 第二季			TV		533466	
548905	シャングリラ・フロンティア～クソゲーハンター、神ゲーに挑まんとす～ 3rd Season	香格里拉边境 第三季	2027-01-10		TV		487684	
548940	地縛少年花子くん２ 第2クール	地缚少年花子君 第二季 第2部分	2025-07-06	12	TV		464593	
549425	Hello Neighbor: Welcome to Raven Brooks Season 1		2022-12-12	6	WEB			549428
549428	Hello Neighbor: Welcome To Raven Brooks Season 2		2024-10-11	7	WEB		549425	
549471	Бременские музыканты	不莱梅的音乐家	1969-01-01		短片			654803
549506	有兽焉 第五季	有兽焉 第五季	2026-02-20	12	WEB		479013	582920
549563	葬送のフリーレン ～●●の魔法～2期	葬送的芙莉莲 ～●●的魔法～2期	2025-04-02	11	WEB		459283	
549614	遮天 第三季 崛起	遮天 第三季	2025-04-30	50	WEB		489334	577190
549641	South Park Season 27	南方公园 第27季	2025-07-23	5	TV		424998	601465
549975	Avatar Aang: The Last Airbender	神通安昂：最后的气宗	2026-07-25	1	WEB		4608	
549976	Family Guy Season 23	恶搞之家 第二十三季	2025-02-16	18	TV		430664	640711
549977	Family Guy Holiday 2024	恶搞之家 Holiday 2024	2024-11-25	1	WEB		519254	592268
549979	SpongeBob SquarePants (Season 15)	海绵宝宝 第十五季	2024-07-24	13	TV		462604	567346
549986	Kamp Koral: SpongeBob's Under Years	珊瑚营地：海绵宝宝那些年	2021-03-04	26	WEB			549987
549987	Kamp Koral: SpongeBob's Under Years Season 2		2024-07-10	13	WEB		549986	
549993	The Patrick Star Show Season 2	派大星秀 第二季	2023-07-26	13	TV		430480	549994
549994	The Patrick Star Show Season 3	派大星秀 第三季	2024-07-29	13	TV		549993	549995
549995	The Patrick Star Show Season 4	派大星秀 第四季	2025-03-21	13	TV		549994	
549999	Beyblade Burst QuadStrike		2023-04-03	26	TV		330869	
550262	巨神战击队之轨道先锋 上部	巨神战击队之轨道先锋 上部	2020-12-14	26	TV			555808
550457	ユーチューニャー 3期アニメシリーズ	YouTu喵 第三季动画剧集	2025-04-15	10	短片		485354	
550487	ゴー！ゴ―！びーくるずー のりものスター編	Go! Go! Vehicle Zoo 交通工具明星篇	2025-04-06	13	短片		424818	
550507	負けヒロインが多すぎる！ 第2期	败犬女主太多了！第二季			TV		464376	
551299	旗旗号巡洋舰 第二季		2021-12-01	1	TV		547409	
551304	わたしの幸せな結婚 特別篇	我的幸福婚姻 特别篇	2026-10-25	3	TV		455626	
551559	デート・ア・ライブF Last Date	约会大作战F Last Date					389466	
551576	DEVIL MAY CRY Season 2	鬼泣 第二季	2026-05-12	8	WEB		282031	
551613	中华小岳云 第二部	中华小岳云 贰	2012-10-11	52	TV		350946	
551918	スティール・ボール・ラン ジョジョの奇妙な冒険 1st STAGE	飙马野郎 JOJO的奇妙冒险 第一赛段	2026-03-19	1	WEB			639938
552077	Phineas and Ferb Season 6	飞哥与小佛 第六季					513137	
552107	Dragons: Race to the Edge Season 1	驯龙高手：飞越边界 第一季	2015-06-25	13	WEB			552108
552108	Dragons: Race to the Edge Season 2	驯龙高手：飞越边界 第二季	2016-01-08	13	WEB		552107	552109
552109	Dragons: Race to the Edge Season 3	驯龙高手：飞越边界 第三季	2016-06-24	13	WEB		552108	552110
552110	Dragons: Race to the Edge Season 4	驯龙高手：飞越边界 第四季	2017-02-17	13	WEB		552109	552111
552111	Dragons: Race to the Edge Season 5	驯龙高手：飞越边界 第五季	2017-08-25	13	WEB		552110	552112
552112	Dragons: Race to the Edge Season 6	驯龙高手：飞越边界 第六季	2018-02-16	13	WEB		552111	
552113	Dragons: The Nine Realms Season 1	驯龙高手：九大王国 第一季	2021-12-23	6	WEB			552114
552114	Dragons: The Nine Realms Season 2	驯龙高手：九大王国 第二季	2022-05-05	7	WEB		552113	552115
552115	Dragons: The Nine Realms Season 3	驯龙高手：九大王国 第三季	2022-08-18	7	WEB		552114	552116
552116	Dragons: The Nine Realms Season 4	驯龙高手：九大王国 第四季	2022-11-17	6	WEB		552115	552117
552117	Dragons: The Nine Realms Season 5	驯龙高手：九大王国 第五季	2023-03-02	6	WEB		552116	552118
552118	Dragons: The Nine Realms Season 6	驯龙高手：九大王国 第六季	2023-06-15	7	WEB		552117	552119
552119	Dragons: The Nine Realms Season 7	驯龙高手：九大王国 第七季	2023-09-14	7	WEB		552118	552120
552120	Dragons: The Nine Realms Season 8	驯龙高手：九大王国 第八季	2023-12-14	6	WEB		552119	
552122	Dragons Rescue Riders: Heroes of the Sky Season 1	驯龙高手 救援骑士 天空英雄 第一季	2021-11-24	6	WEB			552123
552123	Dragons Rescue Riders: Heroes of the Sky Season 2	驯龙高手 救援骑士 天空英雄 第二季	2022-02-03	6	WEB		552122	552124
552124	Dragons Rescue Riders: Heroes of the Sky Season 3	驯龙高手 救援骑士 天空英雄 第三季	2022-05-22	6	WEB		552123	552125
552125	Dragons Rescue Riders: Heroes of the Sky Season 4	驯龙高手 救援骑士 天空英雄 第四季	2022-09-29	6	WEB		552124	
552589	カナン様はあくまでチョロい	迦楠大人的白给是恶魔级	2026-04-04	12	TV			662395
552670	映画 えんとつ町のプペル 〜約束の時計台〜	烟囱小镇的普佩 〜约定的钟楼〜	2026-03-27	1	剧场版		296309	
552693	WondLa Season 2	寻家 第二季	2025-04-25	7	WEB		497641	619639
553106	キングダム 第6シリーズ	王者天下 第六季	2025-10-04	13	TV		403503	618315
553353	Alicia en Sueños	爱丽丝梦游仙境	2024-05-26		短片			553355
553355	Alice in Dreams: The looking Glass	爱丽丝梦游仙境：镜中奇遇记	2024-08-05		短片		553353	553356
553356	ALICE IN DREAMS: The White Rabbit	爱丽丝梦游仙境：白兔	2025-04-06		剧场版		553355	561910
553627	Regal Academy Season 1	皇家学院 第一季	2016-05-22	26	TV			621953
553634	Winx Club Season 1	魔法俏佳人 第一季	2004-01-28	26	TV			553636
553636	Winx Club Season 2	魔法俏佳人 第二季	2005-04-19	26	TV		553634	623365
553949	Star Wars: Maul - Shadow Lord	星球大战：摩尔 - 暗影领主	2026-04-06	10	WEB		295039	646723
554022	Ninjago:Dragons Rising Season 1	乐高幻影忍者：神龙崛起 第一季	2023-06-01	20	TV		554384,564900	554390
554235	下姜村的数字未来梦	下姜村的数字未来梦	2024-12-25	7	TV		509987	
554237	青田小田鱼第二季	青田小田鱼第二季	2024-12-13	10	TV		501234	
554293	元尊 年番				WEB		345826	
554341	LEGO Ninjago: Masters of Spinjitzu Season 1	乐高幻影忍者 第一季	2011-12-02	13	TV		422497	554344
554344	LEGO Ninjago：Masters of Spinjitzu Season 2	乐高幻影忍者 第二季	2012-07-18	13	TV		554341	554346
554346	LEGO Ninjago：Masters of Spinjitzu Season 3	乐高幻影忍者 第三季	2014-01-29	8	TV		554344	554347
554347	LEGO Ninjago：Masters of Spinjitzu Season 4	乐高幻影忍者 第四季	2015-02-23	10	TV		554346	554348
554348	LEGO Ninjago：Masters of Spinjitzu Season 5	乐高幻影忍者 第五季	2015-06-29	10	TV		554347	554349
554349	LEGO Ninjago：Masters of Spinjitzu Season 6	乐高幻影忍者 第六季	2016-03-24	10	TV		554348	554350
554350	LEGO Ninjago：Masters of Spinjitzu：Day of the Departed	乐高幻影忍者：分裂之日	2016-10-29	1	TV		554349	554354
554354	LEGO Ninjago：Masters of Spinjitzu Season 7	乐高幻影忍者 第七季	2017-05-15	10	TV		554350	554355
554355	LEGO Ninjago：Masters of Spinjitzu Season 8	乐高幻影忍者 第八季	2018-04-16	10	TV		554354	554356
554356	LEGO Ninjago：Masters of Spinjitzu Season 9	乐高幻影忍者 第九季	2018-08-11	10	TV		554355	554359
554359	LEGO Ninjago：Masters of Spinjitzu Season 10	乐高幻影忍者 第十季	2019-04-19	4	TV		554356	554364
554364	LEGO Ninjago：Season 11	乐高幻影忍者 第十一季	2019-06-22	30	TV		554359	554375
554375	LEGO Ninjago：Season 12	乐高幻影忍者 第十二季	2020-07-19	16	TV		554364	554376
554376	LEGO Ninjago：Season 13	乐高幻影忍者 第十三季	2020-09-13	16	TV		554375	554382
554382	LEGO Ninjago：The Island	乐高幻影忍者：岛屿	2021-03-07	4	TV		554376	554383
554383	LEGO Ninjago：Season 14	乐高幻影忍者 第十四季	2021-04-04	16	TV		554382	554384
554384	LEGO Ninjago：Season 15	乐高幻影忍者 第十五季	2022-05-10	30	TV		554383	554022
554390	Ninjago:Dragons Rising Season 2	乐高幻影忍者：神龙崛起 第二季	2024-04-04	20	TV		554022	554391
554391	Ninjago:Dragons Rising Season 3	乐高幻影忍者：神龙崛起 第三季	2025-04-17	20	TV		554390	623248
554879	トナリノカノジョ	住在隔壁的她	2025-06-27	1	OVA	1		554880
554880	ヨゴレタカノジョ	被玷污的她	2025-06-27	1	OVA	1	554879	
554927	Fadenspiele				短片			554928
554928	Fadenspiele 2				短片		554927	554929
554929	Fadenspiele 3				短片		554928	
555017	斩神之凡尘神域 第3季				WEB		520299,555018	
555018	斩神之凡尘神域剧场版 沧南之殇				WEB		520299	555017
555332	うまゆる ぷりてぃ～ぐれい	马娘摇曳 Pretty Gray	2025-04-30	4	WEB		380506	697060
555518	세미와 매직큐브	精算小魔女	2018-08-01	26	TV			555525
555525	세미와 매직큐브 시즌2	精算小魔女2	2020-03-30	26	TV		555518	
555563	兔子帮之勇闯螃蟹岛	兔子帮之勇闯螃蟹岛	2015-02-04	26	TV		403642	555566
555566	兔子帮之机械师联盟	兔子帮之机械师联盟	2017-12-01	26	TV		555563	
555605	アオアシ Season 2	青之芦苇 第二季	2026-10-04	12	TV		337459	
555629	喜羊羊与灰太狼之异国破晓		2025-07-26	1	剧场版		384723	529532
555683	アイドリッシュセブン First BEAT! 劇場総集編 後編	IDOLiSH7-偶像星愿- 剧场总集篇 后篇	2025-12-05	1	剧场版		534907	
555710	时光代理人Ⅲ Part One	时光代理人 第三季 Part 1	2026-08-14	12	WEB		341311	
555748	恶魔法则 第二季			30	WEB		345762	577189
555772	地獄先生ぬ～べ～ 第2クール	地狱老师 第2部分	2026-01-07	13	TV		504524	
555808	巨神战击队之轨道先锋 下部	巨神战击队之轨道先锋 下部	2021-06-04	26	TV		550262	
555830	LUPIN THE IIIRD 銭形と2人のルパン	鲁邦三世 钱形与两个鲁邦	2025-06-20	1	WEB		276785	526159
556307	ぬいストーリー2		2024-10-19	50	短片		556309	
556309	ぬいストーリー		2023-10-07	50	短片			556307
556595	Miraculous Ladybug Season 6	瓢虫雷迪 第六季	2025-01-25	26	TV		477747	
556749	True Beauty Season 2	女神降临 第二季			WEB		465889	
557166	南へ行ったミースケ	去了南方的米介			剧场版		557168	
557168	氷の国のミースケ	冰之国的米介			剧场版			557166
557464	1分钟动画剧场		2025-05-15	10	WEB			597099
557659	The Second Best Hospital in the Galaxy Season 2	银河系第二好医院 第二季	2025-05-27	8	WEB		478942	
557818	Shaun the Sheep: The Beast of Mossy Bottom	小羊肖恩3：怪兽来袭	2026-09-18	1	剧场版		306381	
558020	캐치! 티니핑	奇妙！萌可	2020-03-19	52	TV			633705
558706	灵笼第一季精编版		2025-05-16	8	WEB			336268
558713	こどものじかん 2学期 特別編	萝莉的时间 2学期 特别篇	2009-01-21	1	OVA		2482	4830
559070	Les Schtroumpfs Season 1	蓝精灵 第一季	2021-04-25	52			209579	559071
559071	Les Schtroumpfs Season 2	蓝精灵 第二季	2022-08-29	52			559070	559072
559072	Les Schtroumpfs Season 3	蓝精灵 第三季	2024-08-25	52			559071	
559221	帰ってきた トップをねらえ! 科学講座	归来的飞跃巅峰！科学讲座	2012-02-24	2			117808	
559631	这个年纪还能当大侠吗 第二季		2025-09-10	10	WEB		402427	
559674	学校では教えてくれない大切なこと 整理整頓編		2025-07-05	9	TV			576265
559847	LEGO：Legends of Chima Season 2	乐高：气功传奇 第二季	2014-01-01	6	TV		68715	559848
559848	LEGO：Legends of Chima Season 3	乐高：气功传奇第3季	2014-08-09	15	TV		559847	
559861	LEGO：BIONICLE	乐高：生化战士	2014-12-16	9	短片			559862
559862	LEGO：BIONICLE Season 2	乐高：生化战士 第二季	2015-08-07	9			559861	559866
559866	LEGO：BIONICLE：The Journey to One Part1	乐高：生化战士：一之旅 第一部分		3	短片		559862	559867
559867	LEGO：BIONICLE：The Journey to One Part2	乐高：生化战士：一之旅 第二部分	2016-07-29	2	短片		559866	
560055	小猪班纳 第一季	小猪班纳 第一季	2012-08-01	52	TV			560057
560057	小猪班纳 Ⅱ	小猪班纳 第二季	2013-09-18	52	TV		560055	560058
560058	小猪班纳之星幻骑士	小猪班纳之星幻骑士	2014-01-01	52	TV		560057	137532
560190	K-Pop Demon Hunters	K-Pop 猎魔女团	2025-06-20	1	WEB			604887
561133	The Wonderfully Weird World of Gumball		2025-07-28	20			195747	609228
561316	极速六孔球	极速六孔球		50	TV			584793
561715	King of the Hill Season 14	一家之主 第14季	2025-08-04	10	WEB		126650	663444
561787	ちびゴジラの逆襲 シリーズ最新作	小哥斯拉的逆袭 系列最新作	2025-07-02	53	TV		484191	
561855	飓风战魂之剑旋陀螺		2022-10-27	26	TV			561857
561857	飓风战魂之剑旋陀螺2		2023-04-28	26	TV		561855	
561907	Tentacolino	寻找泰坦尼克号	2006-01-10	1	剧场版		561909	
561909	La leggenda del Titanic		1999-04-17	1	剧场版			561907
561910	ALICE IN DREAMS: The Smiling Cat	爱丽丝梦游仙境：微笑猫	2025-06-02				553356	
561911	Marvel's Spidey and His Amazing Friends Season 4	蜘蛛侠与他的神奇朋友们 第四季	2025-06-16	20	TV		476514	595884
561977	疯狂丑小鸭	疯狂丑小鸭	2016-10-03	1	剧场版			561980
561980	疯狂丑小鸭2靠谱英雄	疯狂丑小鸭2靠谱英雄	2021-06-12	1	剧场版		561977	
561997	新八仙传奇	新八仙传奇		52	TV			561999
561999	开心果与梦幻豆	开心果与梦幻豆		52	TV		561997	
562035	寝取られた爆乳妻たち	被寝取的巨乳人妻们	2025-09-12	2	OVA	1		659247
562145	斗破苍穹 年番4		2025-08-03	62	WEB		449353	576968
562146	妖神记 第九季		2025-07-17	52	WEB		492017	641326
562335	奶龙搞怪大作战2	奶龙搞怪大作战2	2026-01-28	52	WEB		508147	562338
562338	奶龙搞怪大作战3	奶龙搞怪大作战3		26	TV		562335	
562654	Haunted Hotel	闹鬼酒店	2025-09-19	10	WEB			700678
562666	Tamala 2030： A Punk Cat in Dark						169112	
562793	闇芝居 十五期	暗芝居 第十五季	2025-07-13	13	TV		526223	615739
563041	最終楽章 響け！ユーフォニアム 後編	最终乐章 吹响吧！上低音号 后篇	2026-09-11	1	剧场版		544816	
563116	천방지축 하니	恭喜汉妮	1989-07-07	13	TV		533629	
563256	映画 ラブライブ！蓮ノ空女学院スクールアイドルクラブ Bloom Garden Party	电影 LoveLive！莲之空女学院学园偶像俱乐部 Bloom Garden Party	2026-05-08	1	剧场版			638773
563334	LEGO®DREAMZzz Season 1：Trials of the Dream	乐高梦境城猎人 第一季：追梦猎人的试炼	2023-05-15	20	TV			563362
563362	LEGO®DREAMZzz Season 2：Night of the Never Witch	乐高梦境城猎人 第二季：不朽女巫的阴谋	2024-05-02	20	TV		563334	563367
563367	LEGO®DREAMZzz Season 3：Enter The Cyber Game	乐高梦境城猎人 第三季：进入二次元游戏	2025-05-28	20	TV		563362	
563558	Transformers: Earthspark Season 2	变形金刚:地球火种 第二季	2024-06-07	10	TV		423726	563559
563559	Transformers: Earthspark Season 3	变形金刚:地球火种 第三季	2024-10-25	8	TV		563558	609708
564175	鎧真伝サムライトルーパー	魔真神坛斗士	2026-01-06	12	TV			612697
564212	天天成长记 第三季	天天成长记 第三季		13	TV		235243	564216
564216	天天成长记 第四季	天天成长记 第四季		13	TV		564212	564217
564217	天天成长记 第五季	天天成长记 第五季			TV		564216	
564361	Stranger Things: Tales From '85	怪奇物语：来自85年的故事	2026-04-23	10	WEB			697573
564363	Smiling Friends Season 3	微笑朋友 第三季	2025-10-05	8	TV		488563	564364
564364	Smiling Friends Season 4						564363	564365
564365	Smiling Friends Season 5						564364	
564415	Mickey Mouse Clubhouse Season 2	米奇妙妙屋 第二季	2008-01-26	40	TV		236635	564416
564416	Mickey Mouse Clubhouse Season 3	米奇妙妙屋 第三季	2010-02-27	32	TV		564415	564417
564417	Mickey Mouse Clubhouse Season 4	米奇妙妙屋 第四季	2012-11-05	26	TV		564416	564419
564419	Mickey Mouse Clubhouse+	米奇妙妙屋+	2025-07-21	28	TV		564417	615991
564421	異世界かるてっと3	异世界四重奏 第三季	2025-10-13	11	TV		285422	
564506	トミカとトム		2025-07-20	9	TV			659686
564778	快乐东西5	快乐东西5		52	TV		119971	564788
564788	快乐东西6	快乐东西6		52	TV		564778	564790
564790	快乐东西7	快乐东西7		52	TV		564788	
564824	爆裂飞车4兽神出击	爆裂飞车4兽神出击		26	TV			564826
564826	爆裂飞车5晶码迷踪	爆裂飞车5晶码迷踪	2024-09-13	30	TV		564824	
564891	中国传媒大学2014级 动画专业毕业设计展		2018-06-30	30	短片		339665	321360,645706
564900	Ninjago Legends: Monstrosity	乐高幻影忍者 传奇：魔兽之地	2025-06-15	3	TV			554022
565304	最強の王様、二度目の人生は何をする？ Season 2	最强王者的第二人生 第二季	2026-04-01	12	TV		520559	
565325	ネコこのゴロ～天下統一編～		2025-07-03	12	TV		380580	
565362	中国传媒大学动画与数字艺术学院 2021级动画专业毕业/联创展		2025-06-18	35	短片		645795	659664
565400	九藏喵窩日常篇	九藏喵窝 日常篇		26	WEB		581248	
565472	Fate/Grand Order 藤丸立香はわからない Season3	Fate/Grand Order 藤丸立香想不明白 第3季	2025-08-02	24	WEB		506873	688838
565537	Mickey Mouse Clubhouse pilot	米奇妙妙屋 试播集	2005-11-18	1	TV			236635
565539	中国传媒大学动画专业 2019级毕业创作展/2020级联合创作展		2023-06-18	27	短片		411101,631807	645795
565541	中国传媒大学动画与数字艺术学院 2017级动画专业毕业设计展映		2021-06-13	28	短片		571639	631807
565601	无上神帝 第五季		2025-09-26	112	WEB		466780	
565671	大耳朵图图之小孩了不起	大耳朵图图之小孩了不起		26	TV		538224	
565682	咕噜咕噜美人鱼2	咕噜咕噜美人鱼2	2017-12-30	1	剧场版		147536	
565701	片田舎のおっさん、剣聖になるⅡ	乡下大叔成为剑圣 第二季	2026-07-08	12	TV		506258	706740
565802	かぐや様は告らせたい 大人への階段	辉夜大小姐想让我告白 通往大人的阶梯	2025-12-31	2	TV		389474,425211	619013
565999	アリス探偵局 第2期	爱丽丝侦探局 第2期	1996-04-09	28			322257	
566067	新大头儿子和小头爸爸 智能小当家	新大头儿子和小头爸爸 智能小当家	2022-01-14	52	TV			566068
566068	新大头儿子和小头爸爸 智能小当家2	新大头儿子和小头爸爸 智能小当家2	2022-05-01	52	TV		566067	
566079	是王者啊？ 第五季	是王者啊？ 第5季	2025-07-24	13	WEB		479011	574794
566080	新大头儿子和小头爸爸 第二季	新大头儿子和小头爸爸 第二季	2014-05-30	52	TV		115760	566082
566082	新大头儿子和小头爸爸 第三季	新大头儿子和小头爸爸 第三季	2015-07-16	52	TV		566080	566083
566083	新大头儿子和小头爸爸 第四季	新大头儿子和小头爸爸 第四季	2017-07-17	52	TV		566082	566084
566084	新大头儿子和小头爸爸 第五季	新大头儿子和小头爸爸 第五季	2018-02-05	52	TV		566083	
566090	新大头儿子和小头爸爸 除夕·白夜城	新大头儿子和小头爸爸 除夕·白夜城	2019-02-04	1	TV		252631	
566098	棉花糖和云朵妈妈 快乐生活	棉花糖和云朵妈妈 快乐生活	2022-01-15	52	TV			566099
566099	棉花糖和云朵妈妈 快乐生活2	棉花糖和云朵妈妈 快乐生活2	2023-07-08	52	TV		566098	
566103	棉花糖和云朵妈妈 第三季	棉花糖和云朵妈妈 第三季	2021-01-01	52	TV		243334	
566290	星星狐的体验 第一部	星星狐的体验 第一部		26	TV			566292
566292	星星狐的体验 第二部	星星狐的体验 第二部		26	TV		566290	566295
566295	星星狐的体验 第三部	星星狐的体验 第三部		26	TV		566292	566298
566298	星星狐的体验 第四部	星星狐的体验 第四部		26	TV		566295	
566722	星星梦	星星梦	2015-06-01	50	TV			566724
566724	星星梦 第二季	星星梦 第二季	2020-01-04	52	TV		566722	566729
566729	星星梦 第三季	星星梦 第三季	2022-02-12	52	TV		566724	
567062	Aランクパーティを離脱した俺は、元教え子たちと迷宮深部を目指す。 第2期	脱离了A级队伍的我，和从前的徒弟们前往迷宫深处。 第二季			TV		511126	
567234	悲劇の元凶となる最強外道ラスボス女王は民の為に尽くします。 Season 2	身为悲剧始作俑者的最强邪恶BOSS女王为民竭心尽力。 第二季	2026-04-07	12	TV		406307	
567279	赵琳的探险日记Ⅱ	赵琳的探险日记2	2025-07-09	52	TV		450525	625235
567346	SpongeBob SquarePants (Season 16)	海绵宝宝 第十六季	2025-06-27	13	TV		549979	659442
567417	ヴィジランテ -僕のヒーローアカデミア ILLEGALS- 第2期	正义使者 -我的英雄学院之非法英雄- 第二季	2026-01-05	13	TV		529995	
567617	喜羊羊与灰太狼之羊羊趣冒险2		2021-11-26	26	TV		311850	
567896	ブラッククローバー 2nd Season	黑色五叶草 第二季	2026-10-03	13	TV		202880	
567936	〈物語〉シリーズ オフ&モンスターシーズン：業物語 かれんオウガ	物语系列 外传季&怪物季：业物语 火怜逢我			WEB		475354	
568078	非常小子马鸣加	非常小子马鸣加	2012-09-21	52	TV			568083
568083	非常小子马鸣加 第二季	非常小子马鸣加 第二季	2014-09-02	52	TV		568078	
568120	伊藤潤二『クリムゾン』	伊藤润二血染集					384280	
568121	GATE SEASON2 自衛隊 彼の海にて、斯く戦えり	GATE 奇幻自卫队 第二季			TV		147036	
568244	薬屋のひとりごと 第3期	药屋少女的呢喃 第三季	2026-10-02	12	TV		486347	599893
568430	Blood of Zeus Season 3	宙斯之血 第三季	2025-05-08	8	TV		511554	
568525	朱色の仮面	朱色假面	2026-10-10	12	TV			637949
568572	黄泉のツガイ	黄泉使者	2026-04-04	24	TV			703924
568785	Snoopy in Space Season 2	史努比太空历险记 第二季	2021-11-12	12	TV		293924	
568800	MUZIK TIGER In the Forest 第2期	MUZIK TIGER In the Forest 第二季	2025-10-01	17	TV		547873	
569116	ぐらんぶる Season 3	碧蓝之海 第三季	2026-07-06	12	TV		515880	705959
569138	ちいかわ 第2期	吉伊卡哇 第2期	2025-07-15	125	TV		354700	
569153	RWBY Volume 10	红白黑黄 第十季			WEB		390395	
569579	鬼滅の刃 柱稽古編 特別編集版	鬼灭之刃 柱训练篇 特別编集版	2025-07-16	2	TV		484412	
569671	炎の闘球女 ドッジ弾子	斗球女弹子	2026-07-06	12	TV		37128	
569756	龟兔大作战2:赛车英雄	龟兔大作战2:赛车英雄			剧场版		569757	
569757	龟兔大作战	龟兔大作战	2018-12-30		剧场版			569756
569761	熊出没·年年有熊		2026-02-17	1	剧场版		504386	709683
569770	精灵梦叶罗丽 第11季	精灵梦叶罗丽 第十一季	2025-07-24	26	WEB		453861	663982
570059	叽哩与咕噜	叽哩与咕噜	2020-11-13	52	TV			570064
570064	叽哩与咕噜 第二季	叽哩与咕噜 第二季	2022-11-07	30	TV		570059	570066
570066	叽哩与咕噜 第三季	叽哩与咕噜 第三季	2022-12-23	22	TV		570064	
570266	神兽金刚2之天神地兽		2013-01-07	52	TV		187097	570282
570282	神兽金刚3超变星甲	神兽金刚3超变星甲	2017-04-01	46	TV		570266	570283
570283	神兽金刚4邦宝历险记	神兽金刚4邦宝历险记	2018-09-25	45	TV		570282	570284
570284	神兽金刚5：超能晶甲	神兽金刚5：超能晶甲	2020-11-19	26	TV		570283	570286
570286	神兽金刚之地球之盾	神兽金刚之地球之盾	2022-11-07	52	TV		570284	
570330	モンスターストライク デッドバースリローデッド	怪物弹珠 DEADVERSE RELOADED	2025-10-21	10	TV		248152	708167
570688	スーパードラゴンボールヒーローズ メテオミッション	超级龙珠英雄METEOR MISSION	2023-10-22	6	WEB		378125	
571555	スノウボールアース	冻结地球	2026-04-03	13	TV			663905
571639	中国传媒大学 2016级动画毕业创作线上展		2020-06-20	20	短片		321360	565541
571909	宝可梦动画图鉴 第三季 嬉闹一夏		2025-07-18	10	WEB		525704	622293
571912	俺は全てを【パリイ】する〜逆勘違いの世界最強は冒険者になりたい〜 第2期	我要招架一切 逆向误解的世界最强梦想成为冒险者 第二季			TV		463389	
572153	고우영의 삼국지 1탄 - 도원결의편	高羽荣三国志1：桃园结义篇	1980-01-16		剧场版			572156
572156	고우영의 삼국지 2탄 - 관우 오관돌파편	高羽荣三国志2 关羽五关突破篇	1980-07-28		剧场版		572153	
572229	千秋诗颂 第二季	千秋诗颂 第二季	2024-10-17	1	TV		482396	
572758	Futurama Season 12 on Hulu	飞出个未来 第12季(Hulu版)	2024-07-29	10	WEB		368802	572759
572759	Futurama Season 13 on Hulu	飞出个未来 第13季(Hulu版)	2025-09-15	10	WEB		572758	653307
572768	一念永恒 完结季	一念永恒 完结季	2026-07-22	47	WEB		445375	
573707	Helluva Boss Season 3	极恶老大 第三季	2026-10-14	15	WEB		430298	
573974	Moral Orel Season 2	教会男孩儿 第二季	2006-11-13	20	TV		516129	573975
573975	Moral Orel Season 3	教会男孩儿 第三季	2008-10-10	13	TV		573974	
574007	Sausage Party: Foodtopia Season 2	香肠聚会：食托邦 第二季	2025-08-13	8	WEB		406247	
574326	Nexo Knights Season 2	乐高：未来骑士团 第二季	2016-08-13	10	TV		422801	574327
574327	Nexo Knights Season 3	乐高：未来骑士团 第三季	2017-02-04	10	TV		574326	574328
574328	Nexo Knights Season 4	乐高：未来骑士团 第四季	2017-08-21	10	TV		574327	574329
574329	Nexo Knights Season 5	乐高：未来骑士团 第五季			TV		574328	
574791	全职法师 第八季				WEB		507822	
574794	是王者啊？ 第六季	是王者啊？ 第6季	2026-07-23	14	WEB		566079	632816
574841	瓢虫贝贝之乌龙魔法			52	TV			574845
574845	瓢虫贝贝2之神秘工厂			52	TV		574841	574850
574850	瓢虫贝贝3拯救古树镇		2013-05-01	52	TV		574845	
575057	異世界のんびり農家２	异世界悠闲农家 第二季	2026-04-06	12	TV		376137	
575219	灵笼 第二季 特别篇				WEB		336268	
575238	Wish Dragon 2	许愿神龙2			剧场版		281534	
575244	沧元图3	沧元图 第三季	2026-04-03	50	WEB		458935	
575472	Bill & Ted's Excellent Adventures Season 1	比尔和泰德历险记 第一季	1990-09-15	13	TV			575478
575478	Bill & Ted's Excellent Adventures Season 2	比尔和泰德历险记 第二季	1991-09-28	8	TV		575472	
575559	嫌な顔されながらおパンツ見せてもらいたいR	一脸嫌弃表情的妹子给你看胖次R	2026-04-30	6	WEB		630419	
575985	钢铁飞龙2龙魂觉醒		2019-11-09	26	TV		41188	575987
575987	钢铁飞龙3山海神兽录			52			575985	575991
575991	钢铁飞龙4时空战记		2022-11-03	26	TV		575987	
575996	キン肉マン 完璧超人始祖編 Season 3	金肉人 完美超人始祖篇 第三季			TV		514744	
576019	飞越五千年 第二季	飞越五千年 第二季	2024-12-12	50	TV		468885	
576021	Unicorn Academy Season 2	独角兽骑士队 第二季	2024-06-27	10	WEB		463657	576027
576023	钢铁飞龙之再见奥特曼		2017-10-01	1	剧场版			576026
576024	钢铁飞龙之奥特曼崛起	钢铁飞龙之奥特曼崛起	2019-01-18	1	剧场版		576026	
576026	钢铁飞龙2奥特曼力量		2018-11-21	26	TV		576023	576024
576027	Unicorn Academy Season 3	独角兽骑士队 第三季	2025-04-09	1	WEB		576021	616231
576121	あかね噺	落语朱音	2026-04-04	12	TV			662388
576265	学校では教えてくれない大切なこと 時間の使い方編		2025-09-06	16	TV		559674	
576283	おジャ魔女カーニバル‼︎ ゆる旅篇	小魔女DoReMi嘉年华!! 悠闲之旅篇	2025-09-11	1	短片		486238	
576727	都合のいい性処理マネージャー 沙里ちゃんは今日も、される。		2025-08-07	1		1	403278	
576731	星辰变 最终季	星辰变 最终季	2026-05-07	12	WEB		448535	
576733	武动乾坤 第七季			26	WEB		535075	
576783	狂王2	狂王 第2季	2026-10-08		WEB		345831	
576968	斗破苍穹剧场版 双帝之战				WEB		562145	
577143	诛仙 最终季	诛仙 最终季	2026-08-21	26	WEB		506325	
577146	龙族Ⅲ : 黑月之潮				WEB		408897	
577148	武神主宰 异魔篇		2026-01-06	56	WEB		532412	708411
577150	万界独尊 第三季		2024-09-30		WEB		360140	
577153	左手上篮 第三季				WEB		449393	
577158	全职高手4	全职高手 第四季			WEB		345806	
577189	恶魔法则 年番				WEB		555748	
577190	遮天剧场版 背棺战王腾	遮天剧场版 背棺战王腾	2026-04-04	1	WEB		549614	637591
577198	完美世界 第六季		2025-10-03	52	WEB		505396	700676
577227	诡秘之主 无面人篇				WEB		345824	577228
577228	诡秘之主 旅行家篇				WEB		577227	577229
577229	诡秘之主 不死者篇				WEB		577228	577230
577230	诡秘之主 红祭祀篇				WEB		577229	577231
577231	诡秘之主 逐光者篇				WEB		577230	577232
577232	诡秘之主 倒吊人篇				WEB		577231	577235
577235	诡秘之主 剧场版：愚者				WEB		577232	
577364	イマジンあにめ2	异魔神动画2	2008-11-22	12	OVA		461964	577367
577365	イマジンあにめ3	异魔神动画3	2010-10-21	12	OVA		577367	
577367	イマジンあにめ モモタロスよ永遠に ―イマジン終着駅― 劇場版		2008-10-04	1	剧场版		577364	577365
577812	シュガシュガルーン 本編アニメーション						10160	
578008	四季童年二之再见童年				剧场版		363191	
578095	仙武传 第四季		2025-09-06	52	WEB		458932	
578112	The Tarzan/Lone Ranger Adventure Hour Season 1	孤胆奇侠新冒险 第一季	1980-09-13	28				578113
578113	The Tarzan/Lone Ranger/Zorro Adventure Hour Season 2	孤胆奇侠新冒险 第二季	1981-09-19	12			578112	
578262	BanG Dream! Ave Mujica prima aurora		2026-10-16	1	剧场版		454684	
578276	艾米咕噜 第二季		2019-03-28	52	TV		240749	578277
578277	艾米咕噜 第三季		2022-01-20	52	TV		578276	
578368	胶囊计划 逆转				WEB		500458	
579393	マッツとヤンマとモブリさん 七つの秘宝と空飛ぶお城	马兹、缅甸、莫布里 七个秘宝和飞翔的城堡	2013-10-02	1	WEB			579395
579395	マッツとヤンマとモブリさん2 水軍お宝と謎解きの島々		2014-10-23	1	WEB		579393	
579557	雨に抱かれて		2004-04-05	1	WEB			468100
580133	LIAR GAME	欺诈游戏	2026-04-06	26	TV			708367
580484	難船ス物語 第一篇 猿ケ島	船难物语 第一篇 猿之岛			剧场版			679586
580489	美味しんぼ 究極対至高 長寿料理対決!!	美味大挑战 究极对至高 长寿料理对决！！	1992-12-11	1			198025	580496
580496	美味しんぼ 日米コメ戦争	美味大作战 日本米战争	1993-12-03	1			580489	
580656	Ejen Ali: The Movie	特工阿里大电影						580659
580659	Ejen Ali: The Movie 2	特工阿里大电影 2			剧场版		580656	
580872	チェンソーマン 総集篇	链锯人 总集篇	2025-09-05	2	WEB			470660
581245	九藏喵窩 喵王國篇	九藏喵窝 喵王国篇		26				581248
581248	九藏喵窩 櫻花村篇	九藏喵窝 樱花村篇		26	WEB		581245	565400
581254	海尔兄弟2：深海奇航			26	TV		12012	
581284	キルアオ	杀手青春	2026-04-11	12	TV			664270
581920	名探偵コナン ハイウェイの堕天使	名侦探柯南 高速公路的堕天使	2026-04-10	1	剧场版		489499	640673
581930	いもうと専用おにいちゃん2		2025-08-12	1		1	481308	
581987	JOCHUM シーズン2	JOCHUM 第2季	2025-10-04	24	TV		490781	
582272	The Adventures of Super Mario Bros. 3	超级马力欧兄弟3	1990-09-08	13	TV		508725	
582319	東京藝術大学大学院映像研究科アニメーション専攻 第七期生修了作品集2016		2016-03-30	3	短片		582550	585386
582550	東京藝術大学大学院映像研究科アニメーション専攻 第六期生修了作品集2015		2015-03-06	1	短片		584704	582319
582598	ねずみくんのチョッキ		2026-04-04	13	TV			694622
582915	SHIBUYA♡HACHI 第4クール	涩谷♡八 第四部分	2025-10-04	13	TV		541037	
582920	有兽焉 第六季	有兽焉 第六季	2026-08-05	12	WEB		549506	632814
583381	藍の路	靛蓝之路		1	短片		601814	601816
583519	映画ドラえもん 新・のび太の海底鬼岩城	哆啦A梦：新・大雄的海底鬼岩城	2026-02-27	1	剧场版		515422	677843
583543	東京藝術大学大学院映像研究科アニメーション専攻 第一期生修了作品集2010		2010-03-19	9	短片			584077
583581	The Simpsons Season 37	辛普森一家 第37季	2025-09-28	15			519266	
583625	王蓝莓的童年时光			35	短片			583627
583627	王蓝莓的搞笑日常			52	短片		583625	583629
583629	王蓝莓搞笑一家人			52			583627	583631
583631	王蓝莓的迷惑行为			17	短片		583629	
583946	The Tom and Jerry Show Season 3	新猫和老鼠 第三季	2019-02-01	26			169850	583947
583947	The Tom and Jerry Show Season 4	新猫和老鼠 第四季	2021-02-01	26			583946	583948
583948	The Tom and Jerry Show Season 5	新猫和老鼠 第五季	2021-02-15	13			583947	
583978	吞噬星空 第三季		2022-09-14	33	WEB		336340	424557
584077	東京藝術大学大学院映像研究科アニメーション専攻 第二期生修了作品集2011		2011-03-19	7	短片		583543	584087
584087	東京藝術大学大学院映像研究科アニメーション専攻 第三期生修了作品集2012		2012-03-07	3	短片		584077	584704
584308	Little Quacker	小鸭子	1950-01-07	1	剧场版		275360	634544
584460	いずれ最強の錬金術師？ 第2期	迟早是最强的炼金术师？ 第二季			TV		493758	
584496	眼鏡っ娘先生のごほうびダイアリー	眼镜女老师的奖励日记	2023-02-04	1		1		627573
584641	手札が多めのビクトリア	奇招百出的维多利亚	2026-07-07	9	TV			698901,698903
584704	東京藝術大学大学院映像研究科アニメーション専攻 第五期生修了作品集2014		2014-03-01	3	短片		584087	582550
584793	极速少年	极速少年		50	TV		561316	
584833	北斗の拳 拳王軍ザコたちの挽歌	北斗神拳 拳王军杂兵们的挽歌	2026-01-05	12	TV			637339
584847	千歳くんはラムネ瓶のなか 第2クール	弹珠汽水瓶里的千岁同学 第2部分	2026-10-13	12	TV		507634	
584912	Wakfu Season 5	沃土 第五季		26	TV		429938	
585070	東京藝術大学大学院映像研究科アニメーション専攻 第十二期生修了作品集2021		2021-03-01	4	短片		585254	585246
585199	X-Men Season 2	X战警 第二季	1993-10-23		TV		130059	585201
585201	X-Men Season 3	X战警 第三季	1994-07-29		TV		585199	585202
585202	X-Men Season 4	X战警 第四季	1995-09-09		TV		585201	585204
585204	X-Men Season 5	X战警 第五季	1996-09-07		TV		585202	440661
585205	X-Men '97 Season 3				WEB		481295	656106
585210	X-Men: Evolution Season 2	X战警：进化 第二季	2001-09-29		TV		130133	585213
585213	X-Men: Evolution Season 3	X战警：进化 第三季	2002-09-14		TV		585210	585220
585220	X-Men: Evolution Season 4	X战警：进化 第四季	2003-08-30		TV		585213	
585233	Marvel's Guardians of the Galaxy Shorts Season 1		2015-07-26	10	短片			585234
585234	Marvel's Guardians of the Galaxy Shorts Season 2		2017-02-27	6	短片		585233	
585238	Marvel Super Hero Adventures Season 1	漫威超级英雄大冒险第一季	2017-10-13	10	WEB			585239
585239	Marvel Super Hero Adventures Season 2	漫威超级英雄大冒险第二季	2018-10-26	10	WEB		585238	585240
585240	Marvel Super Hero Adventures Season 3	漫威超级英雄大冒险第三季	2019-04-10	10	WEB		585239	585241
585241	Marvel Super Hero Adventures Season 4	漫威超级英雄大冒险第四季	2020-04-09	10	WEB		585240	
585242	Marvel Super Hero Squad Season 1		2009-09-14	26				585243
585243	Marvel Super Hero Squad Season 2		2010-10-13	26			585242	
585244	LEGO Marvel Avengers: Climate Conundrum	乐高复仇者联盟：气候难题	2020-11-01	4	WEB		585250	585248
585246	東京藝術大学大学院映像研究科アニメーション専攻 第十三期生修了作品集2022		2022-03-01	3	短片		585070	
585247	LEGO Marvel Avengers: Time Twisted	乐高复仇者联盟：时间扭曲	2022-01-17	1	WEB		585248	461526
585248	LEGO Marvel Avengers: Loki in Training	乐高复仇者联盟：实习生洛基	2021-11-01	1	WEB		585244	585247
585250	Lego Marvel Spider-Man: Vexed by Venom	乐高蜘蛛侠：缠人的毒液	2019-08-03	5	WEB		585253	585244
585252	Guardians of the Galaxy: The Thanos Threat	银河护卫队之灭霸危机		5	WEB		273363	585253
585253	Black Panther: Trouble in Wakanda	黑豹：瓦坎达危机	2018-06-04	5	WEB		585252	585250
585254	東京藝術大学大学院映像研究科アニメーション専攻 第十一期生修了作品集2020		2020-03-01	4	短片		585419	585070
585270	Lego Marvel Avengers: Mission Demolition	乐高复仇者联盟：爆破任务	2024-10-18	1	WEB		461526	608612
585350	Astonishing X-Men: Gifted	惊世骇俗X战警：天赋异禀		6	动态漫画			585352
585352	Astonishing X-Men: Dangerous	惊世骇俗X战警：危险		6	动态漫画		585350	585353
585353	Astonishing X-Men: Torn	惊世骇俗X战警：撕裂		6	动态漫画		585352	585354
585354	Astonishing X-Men: Unstoppable	惊世骇俗X战警：势不可挡		7	动态漫画		585353	
585371	Wolverine Versus Sabretooth: Reborn	金刚狼大战剑齿虎：重生	2015-03-24	4			210861	
585386	東京藝術大学大学院映像研究科アニメーション専攻 第八期生修了作品集2017		2017-03-01	9	短片		582319	585419
585405	Iron Man: Armored Adventures (Season 2)	少年钢铁侠 第二季	2011-07-11	26	TV		220088	
585411	Marvel's Meet Spidey and his Amazing Friends Season 1		2021-06-21	11	WEB			585413
585413	Marvel's Meet Spidey and his Amazing Friends Season 2		2022-07-18	10	WEB		585411	585414
585414	Marvel's Meet Spidey and his Amazing Friends Season 3		2023-09-29	11	WEB		585413	585416
585416	Marvel's Meet Spidey and his Amazing Friends Season 4		2025-05-30	10	WEB		585414	695947
585419	東京藝術大学大学院映像研究科アニメーション専攻 第十期生修了作品集2019		2019-03-01	7	短片		585386	585254
585457	シルバニアファミリー フレアのワンダーデイズ	森林家族 芙蕾雅的奇妙时光	2025-10-02	12	TV		515201	704737
585790	自動販売機に生まれ変わった俺は迷宮を彷徨う 3rd season	转生成自动贩卖机的我今天也在迷宫徘徊 第三季	2026-04-01	12	TV		455617	
585810	Marvel Battleworld: Mystery of the Thanostones		2020-06-17	6				585813
585813	Marvel Battleworld: Treachery at Twilight		2021-06-11	6			585810	
585820	クレバテスⅡ-魔獣の王と偽りの勇者伝承-	Clevatess II-魔兽之王与虚假的勇者传承-	2026-07-08	13	TV		502142	
585938	云彩面包2		2015-03-09	52	TV		109858	
586108	ダンダダン 第3期	胆大党 第三季			TV		529431	
586426	神国之上 第二季				WEB		491586	
586941	新テニスの王子様 U-17 WORLD CUP 決勝メンバー決定戦	新网球王子 U-17 世界杯 决赛成员选拔赛	2026-09-30	13	TV		439197	
587256	牧神记 叁	牧神记3	2025-10-19	26	WEB		535077	641036
587454	わたしが恋人になれるわけないじゃん、ムリムリ!（※ムリじゃなかった!?）〜ネクストシャイン！〜	我们不可能成为恋人！绝对不行。 (※似乎可行？) 〜再次闪耀！〜	2026-01-01	5	TV		524707	
587772	ガールズバンドクライ 新作映画						431767	
587898	熊出没之神奇宝物	熊出没之神奇宝物	2025-10-01	52	TV			705980
588077	盾の勇者の成り上がり Season 5	盾之勇者成名录 第五季			TV		476542	
588427	Re:Monster 第2期	怪物转生 第二季			TV		455345	
588451	Primal Season 3	史前战纪 第三季	2026-01-12	10			396407	
589104	真･侍伝 YAIBA 第2期	真･武士传 剑勇传说 第二季	2027-01-09		TV		492881	
589204	肥志百科 第13季		2025-10-05	12	WEB		548513	616064
589284	青春ブタ野郎はディアフレンドの夢を見ない	青春猪头少年不会梦到亲爱好朋友	2026-10-16	1	剧场版		467930	
589302	光が死んだ夏 第二期	光死去的夏天 第二季			TV		496086	
589368	如果历史是一群喵 大明皇朝篇	如果历史是一群喵 大明皇朝篇	2026-07-11	12	WEB		526973	702459
589513	ブルーロック ネオ・エゴイストリーグ	蓝色监狱 新英雄大战			TV		426123	
589775	ホテル・インヒューマンズ 第2期	杀手旅店 第二季	2026-10-04	13	TV		523426	
589944	みんなのたあ坊 こんにちは	你好 大口仔	1990-06-27	1	OVA		589949	544812
589949	たあ坊のガンバル宣言	大口仔的加油宣言	1989-07-26	1	OVA			589944
590003	新宿シンちゃん よいこの交通安全		2009-08-25	1	WEB		590016	
590016	新宿シンちゃんパトロール わるい大人に気をつけて		2008-08-26	1	WEB			590003
590141	The New Simpsons Movie		2027-09-03	1	剧场版		52781	
590353	マリッジトキシン	婚姻剧毒	2026-04-07	13	TV			664921
590665	霹霹乐翻天之开心乐园	霹霹乐翻天之开心乐园		52	TV		148193	
590856	ギヴン OAD	GIVEN 被赠与的未来 OAD	2025-10-01	1	OVA		452627	
591581	云深不知梦Ⅱ				WEB		516423	
591582	神墓4	神墓 第四季			WEB		458937	
591584	カードファイト!! ヴァンガード Divinez 幻真星戦編	卡片战斗先导者 Divinez 幻真星战篇	2026-01-10	12	TV		440881	640765
592175	ウィッチウォッチ 第2期	魔女与使魔 第二季			TV		506672	
592268	Family Guy Halloween 2025	恶搞之家 万圣节2025	2025-10-06	1	WEB		549977	653290
592717	The Simpsons O C’mon All Ye Faithful		2024-12-17	1	WEB			592718
592718	The Simpsons The Past and the Furious		2025-02-12	1	WEB		592717	592719
592719	The Simpsons Yellow Planet		2025-04-22	1	WEB		592718	
592911	どこでもマキバオー ～ワールドツアー～		2025-10-08	24	WEB		528170	
593132	Bob's Burgers Season 15	开心汉堡店 第15季	2024-09-29	22	TV		439028	593133
593133	Bob's Burgers Season 16	开心汉堡店 第16季	2025-09-28	15	TV		593132	
593863	罗小黑战记 学前篇		2026-10-30	6	WEB		294880	
595651	Your Friendly Neighborhood Spider-Man Season 2	你的友好邻居蜘蛛侠 第二季			WEB		440659	630930
595884	Marvel's Spidey and His Amazing Friends Season 5	蜘蛛侠与他的神奇朋友们 第五季	2026-07-13	10	TV		561911	595885
595885	Marvel's Spidey and His Amazing Friends Season 6	蜘蛛侠与他的神奇朋友们 第六季			TV		595884	
595937	Star Wars: Young Jedi adventures Season 3		2025-12-08	7	WEB		500680	
596089	Steven Universe: Lars of the Stars						296442	
596840	Hotel Transylvania Season 1	精灵旅社 第一季	2017-06-09	26	TV			596841
596841	Hotel Transylvania Season 2	精灵旅社 第二季	2019-10-08	26	TV		596840	61213
596843	聖女なのに国を追い出されたので、崩壊寸前の隣国へ来ました シーズン2		2026-01-09	12	动态漫画		522531	
597099	鸣潮1分钟动画剧场		2025-08-22	12			557464	605445
597679	神去月のけもの	神去月之兽			剧场版		306190	
598058	君のことが大大大大大好きな100人の彼女 第3期	超超超超超喜欢你的100个女朋友 第三季	2026-07-05	12	TV		471793	
598141	Splinter Cell: Deathwatch Season 2	细胞分裂：死亡守望 第二季					513885	
599893	薬屋のひとりごと 第3期 第2クール	药屋少女的呢喃 第三季 第2部分		12	TV		568244	
600087	ミナの村と森	米娜的村庄与森林		1	短片		600246	600265
600246	ミナの村と川	米娜的村庄与河流		1	OVA		615875	600087
600265	ミナの村のごみ騒動	米娜的村庄的垃圾风波		1	OVA		600087	615855
600439	SEALOOK		2025-10-01	26	TV		679732	
601465	South Park season 28	南方公园 第28季	2025-10-15	5	TV		549641	653508
601808	朱の路	绯红之路	2003-03-25	1	短片			601814
601814	白の路	纯白之路	2004-02-25	1	OVA		601808	583381
601816	檸檬の路	柠檬之路		1	短片		583381	
601910	ダークギャザリング 第2期	黑暗集会 第二季			TV		390794	
601965	真 学校の幽霊	真 学校的幽灵	1999-06-11	1	OVA		220014	
602059	ONE PIECE エルバフ編	航海王 埃鲁巴夫篇	2026-04-05	25	TV		975	
602449	苺ましまろプロローグ	草莓棉花糖 序章	2005-06-08	1	OVA			284
603352	文豪ストレイドッグス わん！２	文豪野犬 汪！第二季	2026-07-02	12	TV		308961	
604363	The Bad Guys: Breaking In	坏蛋联盟：闯关大行动	2025-11-06	9				380229,639423
604887	K-Pop Demon Hunters 2	K-Pop 猎魔女团2		1	WEB		560190	
605445	1分钟动画剧场第三季		2025-11-28		WEB		597099	
606038	Transformers: Rescue Bots Season 1	变形金刚：救援机器人 第一季	2011-12-17	26	TV			607306
606878	勘違いの工房主～英雄パーティの元雑用係が、実は戦闘以外がSSSランクだったというよくある話～ 第2期	干杂活我乃最强～关于原英雄队伍的杂役人员，实际上除了战斗能力外全是SSS的故事～ 第二季			TV		520284	
607043	小3アシベ QQゴマちゃん	小3阿贝 QQ小芝麻	2026-04-12	26	TV		279470	
607306	Transformers: Rescue Bots Season 2	变形金刚：救援机器人 第二季	2014-03-01	26	TV		606038	607379
607335	火凤燎原 叁	火凤燎原 第三季			WEB		456163	
607336	良药				WEB		444645	
607337	凹凸世界·新生 第一篇章 魔女陷阱	凹凸世界·新生 第一篇章 魔女陷阱	2026-05-01	4	WEB		501950	673860
607379	Transformers: Rescue Bots Season 3	变形金刚：救援机器人 第三季	2014-11-01	26	TV		607306	607383
607383	Transformers: Rescue Bots Season 4	变形金刚：救援机器人 第四季	2016-04-23	26	TV		607379	
607602	The Fury Files Season 1		2012-04-01	8				607619
607619	The Fury Files Season 2		2013-06-09	13			607602	
607652	The Transformers Season 2	变形金刚 第二季（G1）	1985-09-23	49	TV		1639	47721
607653	The Transformers Season 3	变形金刚 第三季（G1）	1986-09-15	30	TV		47721	442688
607915	凡人修仙传 第五季	凡人修仙传 第五季	2026-06-13	52	WEB		518425	
607944	猫之茗 第三季				WEB		390895	
607945	十万个冷笑话：∞			1	剧场版		217624	
608612	LEGO Marvel Avengers: Strange Tails	乐高漫威复仇者联盟：奇异故事	2025-11-14	2	WEB		585270	
609143	Tomb Raider: The Legend of Lara Croft Season 2	古墓丽影 劳拉·克劳馥传奇 第二季	2025-12-11	8			326432	
609226	宗门里除了我都是卧底 第二部分		2025-11-24	52	WEB		515018	
609228	The Wonderfully Weird World of Gumball Season 2		2025-12-22	20	WEB		561133	
609708	Transformers: Earthspark Season 4	变形金刚:地球火种 第四季	2025-12-05		TV		563559	
611074	شعب أبطال | #اليوم_الوطني_السعودي_95	Saudi Arabia National Day #95 Animation	2025-09-19	1	短片		513395	702421
611077	名探偵プリキュア！	名侦探光之美少女！	2026-02-01	51	TV		526104	
611890	えぶりでいホスト 続編						529078	
612232	炼气练了三千年 动态漫 第一季		2021-09-24	36	动态漫画			612407
612407	炼气练了三千年 动态漫 第二季		2022-05-01	52	动态漫画		612232	612411
612411	炼气练了三千年 动态漫 第三季			100			612407	612414
612414	炼气练了三千年 动态漫 第四季		2024-01-19	121	动态漫画		612411	
612697	鎧真伝サムライトルーパー 第2クール	魔真神坛斗士 第2部分	2026-07-07	12	TV		564175	
612969	スライム冒険記	史莱姆冒险记	1995-09-13	1	短片			290935
613025	Missing Halloween: 10 Years Later	迷失的万圣节：十年之后	2025-10-30	1	短片		234843	
613039	茶啊二中第六季	茶啊二中 第6季	2026-07-26	10	WEB		501710	
613379	そろ谷のけいばっち シーズン2		2025-05-21	4	短片		526102	613380
613380	そろ谷のけいばっち シーズン3		2025-11-05	4	短片		613379	
614002	仏典物語	佛典故事	1986-03-01	10	OVA			431751
614424	最弱テイマーはゴミ拾いの旅を始めました。 第2期	最弱的驯养师开启的捡垃圾的旅途。 第二季			TV		407697	
614606	ガチアクタ 第2期	咔嗒咔嗒 第二季			TV		498947	
614683	신비아파트 444호	神秘公寓 444号	2014-12-31	4	TV			614687
614687	신비아파트: 고스트볼의 비밀	神秘公寓：幽灵球的秘密	2016-07-20	24	TV		614683	614688
614688	신비아파트: 고스트볼X의 탄생	神秘公寓：幽灵球X的诞生	2017-11-09	13	TV		614687	614689
614689	신비아파트: 고스트볼X의 탄생 두 번째 이야기	神秘公寓：幽灵球X的诞生 第二个故事	2018-11-08	10	TV		614688	614691
614691	신비아파트 고스트볼 더블X 6개의 예언	神秘公寓：幽灵球 Double X 六个预言	2020-03-05	13	TV		614689	614693
614693	신비아파트 고스트볼 더블X 수상한 의뢰	神秘公寓：幽灵球 Double X 可疑的请求	2020-10-08	13	TV		614691	615224
615224	신비아파트 고스트볼Z 어둠의 퇴마사	神秘公寓：幽灵球Z 暗之退魔师	2021-09-16	12	TV		614693	615225
615225	신비아파트 고스트볼Z 귀도퇴마사	神秘公寓：幽灵球Z 鬼道退魔师	2022-04-28	12	TV		615224	615228
615228	신비아파트 고스트볼 ZERO	神秘公寓：幽灵球 ZERO	2023-03-30	11	TV		615225	615230
615230	신비아파트 고스트볼 ZERO 두 번째 이야기	神秘公寓：幽灵球 ZERO 第二个故事	2023-11-30	15	TV		615228	
615446	クレヨンしんちゃん 奇々怪々！オラの妖怪バケ～ション	蜡笔小新：奇奇怪怪！我的妖怪假期	2026-07-31	1	剧场版		528635	
615739	闇芝居 十六期	暗芝居 第十六季	2026-01-11	13	TV		562793	662006
615855	ミナの防災村づくり	米娜的防灾村建设		1	OVA		600265	
615875	ミナの笑顔	米娜的笑容		1	短片			600246
615991	Mickey Mouse Clubhouse+ Season 2	米奇妙妙屋+ 第二季	2026-09-30	7	TV		564419	615993
615993	Mickey Mouse Clubhouse+ Season 3	米奇妙妙屋+ 第三季					615991	
616064	肥志百科 第14季		2026-01-25	12	WEB		589204	632817
616155	АМБА. Фильм первый	AMBA (上)		1	短片		616167	616156
616156	АМБА. Фильм второй	AMBA (下)		1	短片		616155	
616157	АМБА				短片		616167	
616166	Вампиры Геоны			1	短片			616167
616167	Хозяева Геоны			1	短片		616166	616155,616157
616231	Unicorn Academy Season 4	独角兽骑士队 第四季	2025-11-13	1			576027	
616378	おでかけ子ザメ シーズン2	小鲨鱼去郊游 第二季	2026-04-12	29	TV		494044	
616412	太陽よりも眩しい星 第二期	星辰光辉更胜太阳 第二季			TV		536711	
616413	暁のヨナ 続編	晨曦公主 续篇			TV		107474	
616567	The Return of the King	王者无敌	1980-05-11	1	TV		334190	
616596	転生したらスライムだった件 第4期 第3クール	关于我转生变成史莱姆这档事 第四季 第3部分			TV		515594	616597
616597	転生したらスライムだった件 第4期 第4クール	关于我转生变成史莱姆这档事 第四季 第4部分			TV		616596	616598
616598	転生したらスライムだった件 第4期 第5クール	关于我转生变成史莱姆这档事 第四季 第5部分			TV		616597	
616616	百姓貴族 4th Season	百姓贵族 第四季		12	TV		529694	
616668	呪術廻戦 死滅回游 後編	咒术回战 死灭回游 后篇			TV		472741	
616693	怪獣8号 完結編	怪兽8号 完结篇			TV		501844	
616760	SAKAMOTO DAYS 第2期	坂本日常 第二季			TV		524005	
616808	野生のラスボスが現れた！第2期	野生的大魔王出现了！第二季	2026-10-03	12	TV		509355	
616830	秘密結社 鷹の爪XX		2026-01-06	12			316103	
616930	チェンソーマン 刺客篇	链锯人 刺客篇			TV		470660	
616931	老夫子	老夫子	1981-07-16		剧场版			616933
616933	老夫子水虎傳	老夫子水虎传	1982-07-10		剧场版		616931	616937
616937	山.T.老夫子	山.T.老夫子	1983-08-04		剧场版		616933	
617727	アンデッドアンラック 第2期	不死不幸 第二季			TV		506120	
617947	ともに輝く明日のために。	为了共同闪耀的明天	2025-12-26	1	短片		464646	
617948	桃源暗鬼 ～日光・華厳の滝編～	桃源暗鬼 ～日光・华严之泷篇～	2026-10-02	12	TV		493546	702986
618315	キングダム 第6シリーズ 続編	王者天下 第六季 续篇			TV		553106	
618337	Stille Nacht I: Dramolet	寂静夜1：微型戏剧		1				618338
618338	Stille Nacht II: Are We Still Married?	寂静夜2：我们还是夫妻吗？		1	短片		618337	473340
618339	Stille Nacht IV: Can't Go Wrong Without You	寂静夜4：没有你不会误入歧途		1			473340	618340
618340	Stille Nacht V: Dog Door	寂静夜5：狗门		1	短片		618339	
618391	一瞬で治療していたのに役立たずと追放された天才治癒師、闇ヒーラーとして楽しく生きる 第2期	瞬间治疗却被视为无用而被流放的天才治疗师，以暗黑治疗师的身份幸福地生活着 第二季			TV		484402	
618527	ワンパンマン 第3期 第2クール	一拳超人 第三季 第2部分			TV		285757	
618661	ゲルぴよ		2026-01-21	10	TV			709475
618786	Teenage Mutant Ninja Turtles: Mutant Mayhem 2	忍者神龟：变种大乱斗2	2027-08-13	1	剧场版		422914	
618793	PAW Patrol: The Dino Movie	汪汪队立大功大电影3：勇闯恐龙岛	2026-08-14	1	剧场版		441028	
619013	かぐや様は告らせたい 完結編	辉夜大小姐想让我告白 完结篇		1	剧场版		565802	
619052	あはれ！名作くん 完全新作	做得很好！名作君 完全新作	2026-07-05	12	TV		663691	
619322	Poppin-Play Kitchen		2026-01-16	1				659199
619632	魔女の旅々 新作劇場版アニメーション	魔女之旅 新作剧场版动画			剧场版		292970	
619639	WondLa Season 3		2025-11-26	6	WEB		552693	
619648	Prep & Landing: The Snowball Protocol		2025-11-27	1			619653	
619652	Prep & Landing		2009-12-08	1				388807
619653	Prep & Landing: Naughty vs. Nice		2011-12-05	1			388807	619648
620064	やくならマグカップも 二番窯－アニメ総集編－	如果烧陶的话也做个马克杯吧 二番窑 剧场总集篇	2025-10-17	1	剧场版		496945	
620741	黑猫警长——人工智能安全篇		2026-01-09	1			532397	
620766	万域封神 第2季		2024-07-15	20	WEB		340938	
621100	Glitch Techs	电玩先锋	2020-02-21	9	WEB			621101
621101	Glitch Techs Season 2	电玩先锋第二季	2020-08-17	10	WEB		621100	
621102	Marvel’s Moon Girl and Devil Dinosaur Season 2	月亮女孩与恶魔恐龙 第二季	2024-02-02	24	TV		430499	
621181	少女☆歌劇 レヴュースタァライト 完全新作	少女☆歌剧 Revue Starlight 完全新作					214265	
621192	第21回東方M-1ぐらんぷり 博麗神社秋季例大祭	第二十一届东方M-1漫才大赛 博丽神社秋季例大祭		1			530268	
621374	The Epic Tales of Captain Underpants	内裤超人史诗故事	2018-07-13	48			211856	
621521	斗龙战士之星印罗盘		2026-01-09	1			208053	
621555	装甲騎兵ボトムズ 灰色の魔女	装甲骑兵 灰色的魔女	2026-11-20	1				650052
621939	劇場版 メダリスト	剧场版 金牌得主	2027-02-19		剧场版		548818	
621953	Regal Academy Season 2	皇家学院 第二季	2017-11-05	26			553627	
622293	宝可梦动画图鉴 第四季 转瞬缤纷		2026-01-19	9	WEB		571909	695332
622322	pippi Longstocking Season 1	长袜子皮皮 第一季	1997-10-17	13	TV		622326	622325
622325	pippi Longstocking Season 2	长袜子皮皮 第二季	1998-08-15	13	TV		622322	
622326	Pippi Longstocking	长袜子皮皮	1997-08-22	1	剧场版			622322
622412	機動警察パトレイバー EZY File 2	机动警察 EZY 第二章	2026-08-14	3	剧场版		217071	622413
622413	機動警察パトレイバー EZY File 3	机动警察 EZY 第三章	2027-03-05	2	剧场版		622412	
622634	おねがいアイプリ	拜托了偶像公主	2026-04-05	36	TV		524365	
623233	ドラゴンボール超 銀河パトロール	龙珠超 银河巡警篇			TV		132220	
623248	Ninjago:Dragons Rising Season 4	乐高幻影忍者：神龙崛起 第四季	2026-03-26	20	TV		554391	
623365	Winx Club Season 3	魔法俏佳人 第三季	2007-01-29	26	TV		553636	623948
623851	日本三國	日本三国	2026-04-05	12	TV			699060
623948	Winx Club Season 4	魔法俏佳人 第四季	2009-04-15	26	TV		623365	624466
624162	山海宝贝 第2季		2018-12-01	26	TV		229525	
624466	Winx Club Season 5	魔法俏佳人 第五季	2012-10-16	26	TV		623948	624866
624691	喜羊羊与灰太狼之破界山海诀	喜羊羊与灰太狼之破界山海诀	2026-07-10	60	TV		545972	624692
624692	喜羊羊与灰太狼之风卷围城			52	TV		529532,624691	
624836	新幹線変形ロボ シンカリオン 特別ダイヤ版		2026-04-05	27	TV			286670,325638
624866	Winx Club Season 6	魔法俏佳人 第六季	2014-01-06	26	TV		624466	625012
625012	Winx Club Season 7	魔法俏佳人 第七季	2015-09-21	26	TV		624866	625017
625017	Winx Club Season 8	魔法俏佳人 第八季	2019-04-15	26	TV		625012	
625161	海上丝路之南珠宝宝 第2季		2018-12-11	13	TV		237228	
625215	サンダー3	雷霆三人行	2026-07-08	12	TV			708896
625235	赵琳的探险日记Ⅲ			52	TV		567279	
625355	おしりたんてい 第10シリーズ	屁屁侦探 第十季	2026-04-04	8	TV		529240	654678
625397	毛毛镇之海洋大发现		2023-07-03	52	TV		398816	
625477	新大头儿子和小头爸爸 带你看中国 第二季		2025-10-01	40	TV		507422	
625948	Eyeballs in the Darkness	黑暗中的眼球					645986	645991
626072	故宫里的大怪兽之莫奈何的谜题		2023-07-05	26	WEB		400775	
626121	ダンジョンに出会いを求めるのは間違っているだろうか 第6期	在地下城寻求邂逅是否搞错了什么 第六季			TV		463778	
626164	The Ghost and Molly McGee Season 2	幽灵与莫莉 第二季	2023-04-01	21	TV		365827	
626241	小企鹅的冒险3	小企鹅的冒险 第三季	2024-10-24	18	WEB		452823	
626247	寻梦泡泡岛2	寻梦泡泡岛 第二季	2024-01-19	13	WEB		452825	626248
626248	寻梦泡泡岛3	寻梦泡泡岛 第三季	2024-07-23	26	WEB		626247	
626281	中国传媒大学 2016级联合创作		2019-07-03	15	短片		321315	645706
627297	OK KO! Let's Be Heroes Season 1	成为英雄吧 第一季	2017-08-01	52	TV			627299
627299	OK KO! Let's Be Heroes Season 2	成为英雄吧 第二季	2018-03-19	37	TV		627297	627302
627302	OK KO! Let's Be Heroes Season 3	成为英雄吧 第三季	2019-07-07	19	TV		627299	
627573	眼鏡っ娘先生のごほうびダイアリー2  ~ひみつのお泊り勉強会~	眼镜女老师的奖励日记2～秘密的留宿学习会～	2026-02-14			1	584496	
628212	Minions & Monsters	小黄人与大怪兽	2026-07-01	1	剧场版		378297	
628621	过年者联盟之新春赛马		2026-02-16	1			535455	
629167	时光小剧场		2026-04-04	8	WEB		352184	
629877	哑舍·零				动态漫画			525845
630110	土豆侠 第一季	土豆侠 第一季		26	TV			696164
630315	大吉成长记 第一季	大吉成长记 第一季	2014-10-28	28	TV			630317
630317	大吉成长记 第二季	大吉成长记 第二季	2016-12-07	40	TV		630315	630320
630320	大吉成长记 第三季	大吉成长记 第三季	2017-03-21	33	TV		630317	
630419	嫌な顔されながらおパンツ見せてもらいたい ver.3.0 (仮)	一脸嫌弃表情的妹子给你看胖次3	2023-02-10	1	OVA		256668	575559
630627	快乐小郑星 第二季	快乐小郑星 第二部	2024-12-02	52	TV		243696	
630633	我要回家 第一季	我要回家 第一季		26	TV			630638
630638	我要回家 第二季	我要回家 第二季		26	TV		630633	
630676	仙逆 年番3		2026-02-23	52	WEB		526970	
630930	Your Friendly Neighborhood Spider-Man Season 3	你的友好邻居蜘蛛侠 第三季			WEB		595651	
631041	Minnie's Bow-Toons		2011-11-14	10				631042
631042	Minnie's Bow-Toons Season 2		2012-11-12	10	TV		631041	631043
631043	Minnie's Bow-Toons Season 3		2013-11-07	10	TV		631042	631044
631044	Minnie's Bow-Toons Season 4		2014-02-20	7	TV		631043	631045
631045	Minnie's Bow-Toons Season 5		2016-01-22	3	TV		631044	631047
631047	Minnie's Bow-Toons: Party Palace Pals!		2021-04-05	20	TV		631045	631048
631048	Minnie's Bow-Toons: Party Palace Pals! Season 2		2022-05-23	20	TV		631047	631049
631049	Minnie's Bow-Toons: Camp Minnie	米妮欢乐屋：一起来露营	2023-06-21	20	TV		631048	631050
631050	Minnie's Bow-Toons: Pet Hotel		2025-05-19	20	TV		631049	
631184	The 13 Ghosts of Scooby-Doo		1985-09-07	13	TV			294703
631186	The New Scooby-Doo Movies Season 1		1972-09-09	16	TV			631187
631187	The New Scooby-Doo Movies Season 2		1973-09-08	8	TV		631186	
631191	The New Scooby and Scrappy-Doo Show		1983-09-10	13	TV			631192
631192	The New Scooby-Doo Mysteries		1984-09-08	26	TV		631191	
631194	The Scooby-Doo Show Season 1		1976-09-11	16	TV			631195
631195	The Scooby-Doo Show Season 2		1977-09-10	8	TV		631194	631196
631196	The Scooby-Doo Show Season 3		1978-09-09	16	TV		631195	
631197	12 oz. Mouse Season 1	十二盎司摇滚鼠 第一季	2005-06-19	7	TV			631198
631198	12 oz. Mouse Season 2	十二盎司摇滚鼠 第二季	2006-09-25	13	TV		631197	631200
631200	12 oz. Mouse Season 3	十二盎司摇滚鼠 第三季	2020-07-20	11	TV		631198	
631201	A Pup Named Scooby-Doo Season 1		1988-09-10	13	TV			631202
631202	A Pup Named Scooby-Doo Season 2		1989-09-09	8	TV		631201	631203
631203	A Pup Named Scooby-Doo Season 3		1990-09-08	3	TV		631202	631204
631204	A Pup Named Scooby-Doo Season 4		1991-08-03	3	TV		631203	
631211	Be Cool, Scooby-Doo!		2015-10-05	26	TV			631213
631213	Be Cool, Scooby-Doo! Season 2		2017-12-21	26			631211	
631214	Scooby-Doo and Scrappy-Doo Season 1		1979-09-22	16	TV			631216
631216	Scooby-Doo and Scrappy-Doo Season 2		1980-11-08	13	TV		631214	631217
631217	Scooby-Doo and Scrappy-Doo Season 3		1981-09-19	7	TV		631216	631218
631218	Scooby-Doo and Scrappy-Doo Season 4		1982-09-25	13	TV		631217	
631219	Scooby-Doo, Where Are You! Season 2		1970-09-12	8	TV		36117	631220
631220	Scooby-Doo, Where Are You! Season 3		1978-09-09	16	TV		631219	
631807	中国传媒大学 2022届（2018级）动画专业 毕业创作展		2022-06-30	31	短片		565541	565539
632061	Duel Masters LOST ～断罪の少年～	决斗大师 LOST ～断罪的少年～	2026-10-09	4	WEB		540453	
632678	ヒマリとヨゾラ						632684	
632684	Summertime girl with Awesome robot		2025-04-05	1				632678
632814	有兽焉第七季				WEB		582920	
632816	是王者啊？第七季				WEB		574794	
632817	肥志百科 第15季	肥志百科 第15季	2026-10-04	12	WEB		616064	632818
632818	肥志百科第16季				WEB		632817	
632958	第一屆初創動畫企業支援計劃	第一届初创动画企业支援计划	2013-03-05	20	短片			633191
633191	第二屆動畫支援計劃	第二届动画支援计划	2015-03-03	15	短片		632958	633211
633211	第三屆動畫支援計劃	第三届动画支援计划	2016-03-08	15	短片		633191	633218
633218	第四屆動畫支援計劃	第四届动画支援计划	2017-03-07	15	短片		633211	633224
633224	第五屆動畫支援計劃	第五届动画支援计划	2018-03-06	14	短片		633218	633228
633228	第六屆動畫支援計劃	第六届动画支援计划	2019-03-05	22	短片		633224	634063
633339	Hot Wheels AcceleRacers: Ignition	风火轮之飙风斗士：点火	2005-01-08				633365	633340
633340	Hot Wheels AcceleRacers: The Speed of Silence	风火轮之飙风斗士：疾默飙速	2005-03-19				633339	633342
633342	Hot Wheels AcceleRacers: Breaking Point	风火轮之飙风斗士：突破点	2005-06-25				633340	633344
633344	Hot Wheels AcceleRacers: The Ultimate Race	风火轮之飙风斗士：终疾之战	2005-10-01				633342	
633365	Hot Wheels: World Race	风火轮：世界大赛	2003-12-02					633339
633705	반짝반짝 캐치! 티니핑	闪亮宝石 奇妙! 萌可	2021-09-22	26	TV		558020	633706
633706	알쏭달쏭 캐치! 티니핑	魔法钥匙 奇妙! 萌可	2022-09-14	26	TV		633705	633707
633707	새콤달콤 캐치! 티니핑	魔法甜心 奇妙! 萌可	2023-09-22	26	TV		633706	633708
633708	슈팅스타 캐치! 티니핑	闪耀流星 奇妙!萌可	2024-10-10	26	TV		633707	633709
633709	프린세스 캐치!티니핑		2025-10-30	26	TV		633708	
633836	Re:ゼロから始める異世界生活 4th season 奪還編	Re：从零开始的异世界生活 第四季 夺还篇	2026-08-12	8	TV		547888	
634063	第七屆動畫支援計劃	第七届动画支援计划	2020-08-22	29	短片		633228	634064
634064	第八屆動畫支援計劃	第八届动画支援计划	2021-04-30	30	短片		634063	634065
634065	第九屆動畫支援計劃		2022-05-28	28	短片		634064	653583
634210	魔法の姉妹ルルットリリィ 第2クール	魔法姐妹露露特莉莉 第2部分	2026-10-04	12	TV		501796	
634478	Cat and Dupli-cat	如影随形	1967-01-20	1	剧场版		280942	634483
634483	O-Solar Meow	太阳系的猫叫声	1967-02-24	1	剧场版		634478	634485
634485	Guided Mouse-ille	操控老鼠的生活	1967-03-10	1	剧场版		634483	435508
634488	Cannery Rodent	老鼠罐头工厂	1967-04-14	1	剧场版		435508	634489
634489	The Mouse from H.U.N.G.E.R.	饥饿的老鼠	1967-04-21	1	剧场版		634488	634491
634491	Surf-Bored Cat	冲浪猫	1967-05-05	1	剧场版		634489	634496
634496	Shutter Bugged Cat	快门窃听猫	1967-06-23	1	剧场版		634491	634499
634499	Advance and Be Mechanized	进步与机械化	1967-08-25	1	剧场版		634496	634502
634502	Purr-Chance to Dream	恶梦时分	1967-09-08	1	剧场版		634499	
634544	Saturday Evening Puss	周末夜之猫	1950-01-14	1	剧场版		584308	634550
634550	Texas Tom	西部牛仔	1950-03-11	1	剧场版		634544	634564
634564	Jerry and the Lion	杰瑞与狮子	1950-04-08	1	剧场版		634550	634566
634566	Safety Second	爆竹风波	1950-07-01	1	剧场版		634564	634567
634567	Tom and Jerry in the Hollywood Bowl	好莱坞碗演奏会	1950-09-16	1	剧场版		634566	634569
634569	The Framed Cat	被陷害的猫	1950-10-21	1	剧场版		634567	634571
634571	Cue Ball Cat	台球猫	1950-11-25	1	剧场版		634569	634574
634574	Casanova Cat	卡萨诺瓦猫	1951-01-06	1	剧场版		634571	634575
634575	Jerry and the Goldfish	烹饪时间	1951-03-03	1	剧场版		634574	243273
634578	Sleepy-Time Tom	偷懒的猫	1951-05-26	1	剧场版		243273	634580
634580	His Mouse Friday	荒岛余生	1951-07-07	1	剧场版		634578	634581
634581	Slicked-up Pup	整洁的狗崽	1951-09-08	1	剧场版		634580	634582
634582	Nit-Witty Kitty	猫变老鼠	1951-10-06	1	剧场版		634581	634584
634584	Cat Napping	午睡纠纷	1951-12-08	1	剧场版		634582	634586
634586	The Flying Cat	飞行猫	1952-01-12	1	剧场版		634584	634589
634589	The Duck Doctor	医治小鸭	1952-02-16	1	剧场版		634586	132380
634613	Smitten Kitten	汤姆约会记	1952-04-12	1	剧场版		132380	634614
634614	Triplet Trouble	三只小猫	1952-04-19	1	剧场版		634613	634616
634616	Little Runaway	小海豹失踪记	1952-06-14	1	剧场版		634614	634617
634617	Fit to Be Tied	有恩必报	1952-07-26	1	剧场版		634616	634621
634621	Push-Button Kitty	机器猫	1952-09-06	1	剧场版		634617	634625
634625	Cruise Cat	行船猫	1952-10-18	1	剧场版		634621	634627
634627	The Dog House	狗屋	1952-11-29	1	剧场版		634625	634630
634630	The Missing Mouse	可怕的白鼠	1953-01-10	1	剧场版		634627	634631
634631	Jerry and Jumbo	杰瑞与小象	1953-02-21	1	剧场版		634630	132382
634633	That's My Pup!	小犬显威	1953-04-25	1	剧场版		132382	634634
634634	Just Ducky	小小鸭	1953-09-05	1	剧场版		634633	634635
634635	Two Little Indians	两个小印第安	1953-10-17	1	剧场版		634634	634638
634638	Life with Tom	小说风波	1953-11-21	1	剧场版		634635	634643
634643	Puppy Tale	小狗的故事	1954-01-23	1	剧场版		634638	634646
634645	Hic-cup Pup	打嗝风波	1954-04-17	1	剧场版		634646	634647
634646	Posse Cat	西部大懒猫	1954-01-30	1	剧场版		634643	634645
634647	Little School Mouse	小学老鼠	1954-05-29	1	剧场版		634645	634763
634763	Baby Butch	小娃娃	1954-08-14	1	剧场版		634647	435507
634767	Neapolitan Mouse	那不勒斯老鼠	1954-10-02	1	剧场版		435507	634772
634772	Downhearted Duckling	丑小鸭	1954-11-13	1	剧场版		634767	634774
634774	Pet Peeve	宠物之争	1954-11-20	1	剧场版		634772	243288
634777	Southbound Duckling	南飞的鸭子	1955-03-12	1	剧场版		243288	634779
634779	Pup on a Picnic	父子野餐	1955-04-30	1	剧场版		634777	634780
634780	Mouse for Sale	老鼠出售	1955-05-21	1	剧场版		634779	634781
634781	Designs on Jerry	捕鼠陷阱	1955-09-02	1	剧场版		634780	634782
634782	Tom and Chérie	汤姆和小老鼠	1955-09-09	1	剧场版		634781	634783
634783	Smarty Cat	自作聪明的笨猫	1955-10-14	1	剧场版		634782	634784
634784	Pecos Pest	佩克斯·佩斯特	1955-11-11	1	剧场版		634783	634786
634786	That's My Mommy	我的好妈咪	1955-11-19	1	剧场版		634784	634787
634787	The Flying Sorceress	会飞的巫婆	1956-01-27	1	剧场版		634786	634789
634789	The Egg and Jerry	杰瑞妈妈	1956-03-23	1	剧场版		634787	634790
634790	Busy Buddies	繁忙的搭档	1956-05-04	1	剧场版		634789	634791
634791	Muscle Beach Tom	海滩上练肌肉	1956-09-07	1	剧场版		634790	634793
634793	Down Beat Bear	会跳舞的熊	1956-10-21	1	剧场版		634791	634794
634794	Blue Cat Blues	猫之布鲁斯	1956-11-16	1	剧场版		634793	634795
634795	Barbecue Brawl	父子烤肉野餐	1956-12-14	1	剧场版		634794	634798
634798	Tops with Pops	超级奶爸	1957-02-22	1	剧场版		634795	634800
634800	Timid Tabby	胆小的猫咪	1957-04-19	1	剧场版		634798	634805
634805	Feedin' the Kiddie	喂养小孩	1957-06-07	1	剧场版		634800	634838
634838	Mucho Mouse	没有用的猫	1957-09-06	1	剧场版		634805	634839
634839	Tom's Photo Finish	摄影猫	1957-11-01	1	剧场版		634838	634840
634840	Happy Go Ducky	快乐小鸭	1958-01-03	1	剧场版		634839	634842
634842	Royal Cat Nap	皇帝的睡眠	1958-03-07	1	剧场版		634840	634845
634845	The Vanishing Duck	消失的鸭子	1958-05-02	1	剧场版		634842	634847
634847	Robin Hoodwinked	罗宾·胡德逃生	1958-06-06	1	剧场版		634845	634849
634849	Tot Watchers	看管宝宝	1958-08-01	1	剧场版		634847	634850
634850	Switchin' Kitten	猫狗互换	1961-09-07	1	剧场版		634849	634851
634851	Down and Outing	落魄出游	1961-10-26	1	剧场版		634850	634852
634852	It's Greek to Me-ow!	它是希腊喵	1961-12-07	1	剧场版		634851	634853
634853	High Steaks	庭院烧烤	1962-03-23	1	剧场版		634852	634854
634854	Mouse into Space	太空漫步	1962-04-13	1	剧场版		634853	634857
634857	Landing Stripling	啄木鸟	1962-05-18	1	剧场版		634854	634861
634861	Calypso Cat	甜蜜游轮	1962-06-22	1	剧场版		634857	634863
634863	Dicky Moe	大白鲸	1962-07-20	1	剧场版		634861	634864
634864	The Tom and Jerry Cartoon Kit	猫和老鼠卡通套装	1962-08-10	1	剧场版		634863	634865
634865	Tall in the Trap	高高的陷阱	1962-09-14	1	剧场版		634864	634866
634866	Sorry Safari	非洲冒险	1962-10-12	1	剧场版		634865	634867
634867	Buddies Thicker Than Water	情浓于水	1962-11-01	1	剧场版		634866	634870
634870	Carmen Get It!	卡门抓住他	1962-12-21	1	剧场版		634867	262852
635233	こんなこいるかな		2026-03-30	52	TV		635234	
635234	こんなこいるかな				TV			635233
635266	僕の心のヤバイやつ 第3期	我心里危险的东西 第三季			TV		441795	
636043	おじゃる丸 第26シリーズ		2023-04-03	60	TV		416317	636046
636046	おじゃる丸 第27シリーズ		2024-04-01	52	TV		636043	636047
636047	おじゃる丸 第28シリーズ		2025-03-31	60	TV		636046	636048
636048	おじゃる丸 第29シリーズ	反斗小王子 第29季	2026-03-30		TV		636047	
636604	Kirikou et les bêtes sauvages	叽哩咕与野兽	2005-05-13		剧场版		112699	636633
636633	Kirikou et les hommes et les femmes	叽哩咕与男人与女人	2012-10-03		剧场版		636604	
637123	勇者パーティを追い出された器用貧乏 第2期	泛而不精的我被逐出了勇者队伍 第二季			TV		541336	
637124	花ざかりの君たちへ 第2期	花样少年少女 第二季	2026-07-01	13	TV		494564	
637339	北斗の拳 拳王軍ザコたちの挽歌 第2クール	北斗神拳 拳王军杂兵们的挽歌 第二季	2026-07-06	12	TV		584833	
637518	真夜中ハートチューン 第2期	午夜的倾心旋律 第二季			TV		544109	
637559	Regular Show: The Lost Tapes		2026-05-11	10			192791	
637591	遮天 第四季	遮天 第四季	2026-04-08	50	WEB		577190	
637632	Wild Kratts Season 1	动物兄弟 第一季	2011-01-03	40	TV			658653
637659	【推しの子】第4期 Final Season	【我推的孩子】 第四季 最终季			TV		517057	
637802	らんま1/2 第3期	乱马1/2 第三季	2026-10-03	12	TV		529966	
637890	MFゴースト Final Season	极速车魂 最终季			TV		530110	
637949	朱色の仮面 第2クール	朱色的面具 第2部分			TV		568525	
638133	葬送のフリーレン 第3期【黄金郷編】	葬送的芙莉莲 第三季 黄金乡篇			TV		515759	
638151	ヘルモード ～やり込み好きのゲーマーは廃設定の異世界で無双する～ 2nd Season	地狱模式～喜欢挑战特殊成就的玩家在废设定的异世界成为无双～第二季	2026-07-03	13	TV		526979	707764
638185	死亡遊戯で飯を食う。 44:CLOUDY BEACH	靠死亡游戏混饭吃。 44:CLOUDY BEACH	2026-07-10	1	剧场版		510753	
638189	アニメとススメ。シーズン3		2026-03-28	4			548853	
638190	勇者刑に処す 懲罰勇者9004隊刑務記録 第2期	判处勇者刑 惩罚勇者9004队刑务纪录 第二季			TV		445905	
638290	異世界でチート能力を手にした俺は、現実世界をも無双する～レベルアップは人生を変えた～ 第2期	在异世界获得超强能力的我，在现实世界照样无敌～等级提升改变人生命运～ 第二季			TV		459601	
638494	Re:ゼロから始める休憩時間 4th season	Re：从零开始的休息时间4	2026-04-08	19	WEB		516311	
638497	正反対な君と僕 第2期	相反的你和我 第二季	2026-07-05	13	TV		525565	
638498	刃牙道 第2クール	刃牙道 第2部分	2026-06-18	12	WEB		487716	
638700	ゴールデンカムイ 最終章 暴走列車編	黄金神威 最终章 暴走列车篇					443106	
638773	ラブライブ！蓮ノ空女学院スクールアイドルクラブ TVアニメーションシリーズ	LoveLive！莲之空女学院学园偶像俱乐部 TV动画系列			TV		563256	
639020	ザ・ファブル 第2期	杀手寓言 第二季			TV		444339	
639051	ELEMON		2023-09-29	29	WEB			639053
639053	ELEMON Breakthrough				WEB		639051	
639387	紫川 第3季	紫川 第三季			WEB		449338	
639423	The Bad Guys: Breaking In season 2	坏蛋联盟：闯关大行动 第二季	2026-04-02	10	WEB		604363	
639425	熊熊帮帮团4	熊熊帮帮团 第4季	2026-01-01	26	TV		546901	639426
639426	熊熊帮帮团5	熊熊帮帮团 第5季	2026-03-31	26	TV		639425	
639428	猪猪侠之功夫小英雄2	猪猪侠之功夫小英雄2	2026-04-02	26	TV		535623	
639431	猪猪侠之竞速小英雄 10		2025-08-22	26	TV		497640	
639938	スティール・ボール・ラン ジョジョの奇妙な冒険 2nd & 3rd STAGE	飙马野郎 JOJO的奇妙冒险 第二&第三赛段	2026-09-25	11	WEB		551918	
639943	異世界魔王と召喚少女の奴隷魔術ULT	异世界魔王与召唤少女的奴隶魔术ULT			TV		303864	
640673	名探偵コナン M30	名侦探柯南 M30		1	剧场版		581920	
640711	Family Guy (Season 24)	恶搞之家 第二十四季	2026-02-15	15	TV		549976	
640765	カードファイト!! ヴァンガード Divinez 運命星戦編	卡片战斗先导者 Divinez 命运星战篇	2026-11-07	3	TV		591584	640766
640766	カードファイト!! ヴァンガード 完全新作	卡片战斗先导者 完全新作			TV		640765	
640915	The Octonauts Season2	海底小纵队 第二季	2012-11-19	22	TV		507559	640916
640916	The Octonauts Season3	海底小纵队 第3季		20	TV		640915	640917
640917	The Octonauts Season4	海底小纵队 第四季	2015-09-23	26	TV		640916	640920
640920	The Octonauts Season5	海底小纵队 第五季	2020-12-28	27	TV		640917	640921
640921	The Octonauts Season6	海底小纵队 第6季	2021-07-26	26	TV		640920	640923
640923	The Octonauts Season7	海底小纵队 第7季	2022-05-27	26	TV		640921	640924
640924	The Octonauts Season8	海底小纵队 第8季	2023-05-26	26	TV		640923	
640941	The Octonauts Season9	海底小纵队第9季	2024-05-24	26	TV			640943
640943	The Octonauts Season10	海底小纵队 第十季	2025-05-29	26			640941	
640995	呪術廻戦・ザ・リアル 4-D ～廻る時計台～	咒术回战 真实版4D ～轮转的钟楼～	2026-01-30	1			536594	
641036	牧神记 肆	牧神记4	2026-04-19	26	WEB		587256	
641326	妖神记 第十季	妖神记 第十季	2026-07-18	56	WEB		562146	
641469	万界仙踪 第八季		2023-11-23	64	WEB		466782	
641484	緋弾のアリア 新作ショートアニメ	绯弹的亚里亚 新作短篇动画					10226	
641552	新世紀GPXサイバーフォーミュラASURADA	高智能方程式 ASURADA	2027-02-19		剧场版		1958	
641777	斗罗大陆2绝世唐门 第1季 · 动态漫		2017-01-20	26	动态漫画			641782
641782	斗罗大陆2绝世唐门 第2季 · 动态漫		2018-12-03	52	动态漫画		641777	641785
641785	斗罗大陆2绝世唐门 第3季 · 动态漫		2021-06-18	28	动态漫画		641782	641787
641787	斗罗大陆2绝世唐门 第4季 · 动态漫		2022-04-28	26	动态漫画		641785	641794
641794	斗罗大陆2绝世唐门 第5季 · 动态漫		2023-04-28	26	动态漫画		641787	641798
641798	斗罗大陆2绝世唐门 第6季 · 动态漫		2024-07-10	51	动态漫画		641794	647194
642105	蓝皮鼠和大脸猫  第一部			30	TV			25714
642188	海豚帮帮号 第一季		2019-01-15	52	WEB			642190
642190	海豚帮帮号 第二季		2020-09-29	52	WEB		642188	
642498	喜羊羊与灰太狼之智趣羊学堂 地球嘉年华		2017-07-17	26	WEB		208082	642541
642541	喜羊羊与灰太狼之智趣羊学堂 羊羊游世界		2017-12-01	26	WEB		642498	642569
642569	喜羊羊与灰太狼之智趣羊学堂 奇幻成语书		2018-02-15	26	WEB		642541	642575
642575	喜羊羊与灰太狼之智趣羊学堂 羊羊来寻宝		2018-02-22	26	WEB		642569	
643086	机变苍穹 觉醒	机变苍穹 觉醒	2026-04-24	26			229566	
644408	Lascars	拉斯卡尔	2009-06-17		剧场版			659094
644516	『僕のヒーローアカデミア』No.170＋1『More』	『我的英雄学院』No.170＋1『More』	2026-05-02	1	TV		518413	646464
644958	剑来 第三季	剑来 第三季			WEB		520300	
645237	暴食のベルセルク 第2期	暴食狂战士 第二季			TV		406180	
645257	My Little Pony: A Charming Birthday			1	OVA			645259
645259	My Little Pony: Dancing in the Clouds			1	OVA		645257	645261
645261	My Little Pony: Friends Are Never Far Away		2005-08-27	1	OVA		645259	126728
645268	My Little Pony: Meet the Ponies			7	OVA		126731	645270
645270	My Little Pony: Starsong and the Magic Dance Shoes			1	OVA		645268	126732
645276	My Little Pony: Rescue at Midnight Castle		1984-04-14	1	TV			645278
645278	My Little Pony: Escape from Catrina		1985-03-23	1	TV		645276	126725
645282	The Glo Friends		1986-09-23	26	TV		645284	
645284	The Glo Friends Save Christmas		1985-12-21	1	TV			645282
645299	Spirit Riding Free: Pony Tales Collection 1		2019-08-09	6	WEB		498930	645302
645302	Spirit Riding Free: Pony Tales Collection 2		2019-10-18	4	WEB		645299	645308
645308	Spirit Riding Free: Spirit of Christmas	史比瑞奔向自由：小马王过圣诞	2019-12-06	1	WEB		645302	645309
645309	Spirit Riding Free: Spirit of Christmas Part 1	史比瑞奔向自由：小马王过圣诞	2020-04-03	7	WEB		645308	645311
645311	Spirit Riding Free: Spirit of Christmas Part 2	史比瑞奔向自由：小马王过圣诞	2020-09-04	9	WEB		645309	645312
645312	Spirit Riding Free: Ride Along Adventure		2020-12-08	1	WEB		645311	
645691	中国传媒大学 2018级动画专业联合创作作品展		2021-08-11	24	短片		645706	411101
645706	中国传媒大学 2017级动画联合创作线上展		2020-06-20	22	短片		626281	645691
645795	中国传媒大学动画与数字艺术学院 2020级动画专业毕业设计展		2024-06-27	37	短片		565539	565362
645986	Tux and Fanny	图克斯和范妮						625948
645991	When We Become Wind						625948	
646060	My Adventures with Superman Season 3	我与超人的冒险 第三季	2026-06-14	10			493012	
646464	僕のヒーローアカデミア I am a hero too	我的英雄学院 I am a hero too	2026-08-03	1	短片		644516	
646586	ぷにるんず ぷに４		2026-10-04	12	TV		546442	
646611	光阴之外2	光阴之外 第二季	2026-06-21	52	WEB		458926	
646723	Star Wars: Maul - Shadow Lord Season 2	星球大战：摩尔-暗影之王 第二季			WEB		553949	
647194	斗罗大陆2绝世唐门 第7季 · 动态漫		2025-07-04	50	动态漫画		641798	
650052	装甲騎兵ボトムズ 灰色の魔女 第2部			1			621555	
650428	傷だらけ聖女より報復をこめて Season2	黑化吧！圣女大人 第二季	2026-10-01	12	TV		515418	
651872	パンの赤ちゃん		2026-07-04	13	TV		522511	
652413	剑域风云 第四季		2024-04-18	52	WEB		458928	
652416	万界至尊 第三季		2024-05-09	52	WEB		434960	
653289	Adventure Time: Side Quests	探险时光：支线任务	2026-06-29	20	WEB			698981
653290	Family Guy Holiday 2025	恶搞之家 Holiday 2025	2025-11-28	1	WEB		592268	708080
653307	Futurama Season 14 on Hulu	飞出个未来 第14季(Hulu版)	2026-08-03	10	WEB		572759	
653508	South Park season 29	南方公园 第29季	2026-09-16	6	TV		601465	
653534	ちびくろさんぽとふたごのおとうと	小黑人桑波的双胞胎兄弟			剧场版		212452	
653576	The Chump Champ	傻瓜冠军	1950-11-04	1	剧场版		280546	653577
653577	Daredevil Droopy	胆大德鲁比	1951-03-31	1	剧场版		653576	653579
653579	Droopy's Good Deed	德鲁比的好人好事	1951-05-05	1	剧场版		653577	653581
653581	Droopy's Double Trouble	德鲁比的双重麻烦	1951-11-17	1	剧场版		653579	653582
653582	Caballero Droopy	绅士德鲁比	1952-09-27	1	剧场版		653581	653584
653583	第十屆動畫支援計劃		2023-05-23	28	短片		634065	653589
653584	The Three Little Pups	三只小狗	1953-12-26	1	剧场版		653582	653586
653586	Drag-a-Long Droopy	牛仔德鲁比	1954-02-20	1	剧场版		653584	653588
653588	Homesteader Droopy	农场主德鲁比	1954-07-10	1	剧场版		653586	653590
653589	第十一屆動畫支援計劃		2024-05-21	30	短片		653583	653591
653590	Dixieland Droopy	爵士德鲁比	1954-12-04	1	剧场版		653588	431518
653591	第十二屆動畫支援計劃		2025-05-20	30	短片		653589	653597
653592	Millionaire Droopy	百万富翁德鲁比	1956-09-21	1	剧场版		431518	653594
653594	Grin and Share It	五五分成	1957-05-17	1	剧场版		653592	653595
653595	Blackboard Jumble	大闹课堂	1957-10-05	1	剧场版		653594	243294
653597	第十三屆動畫支援計劃		2026-04-24	28	短片		653591	653600
653600	第十四屆動畫支援計劃						653597	
653603	Sheep Wrecked	护羊使者	1958-02-07	1	剧场版		243294	653608
653608	Mutts About Racing	亡命赛车	1958-04-04	1	剧场版		653603	653614
653614	Droopy Leprechaun	精灵德鲁比	1958-07-04	1	剧场版		653608	
654294	冰剣の魔術師が世界を統べるⅡ	冰剑的魔术师将要统一世界 第二季	2026-10-08	12	TV		379687	
654678	おしりたんてい 第11シリーズ	屁屁侦探 第11季	2026-10-03	7			625355	
654803	По следам бременских музыкантов	循着不莱梅镇音乐家的足迹			短片		549471	
655278	Taboo Spell 淫乱爆乳女教師II MOVIE版		2026-05-24	1		1	325878	
655451	Samuel saison 2						493864	
655506	Aurinko on keltainen kirahvi		1998-05-20	10	TV			655509
655509	Keltaisen kirahvin eläintarinat	黄色长颈鹿		26	TV		655506	
655791	ドロヘドロ Season 3	异兽魔都 第三季			WEB		474371	
656106	X-Men '97 Season 4				WEB		585205	
656156	喜羊羊与灰太狼之筐出未来2			1	剧场版		350880	
656794	Paradox Live THE ANIMATION 映画	Paradox Live THE ANIMATION 电影			剧场版		385210	
656851	派乐萌奇	派乐萌奇	2019-08-16	26				656864
656864	派乐萌奇 第二季	派乐萌奇 第二季	2020-01-17	26			656851	656872
656872	派乐萌奇 第三季	派乐萌奇 第三季	2021-07-16	26			656864	656877
656877	派乐萌奇 第四季	派乐萌奇 第四季	2023-01-23	52			656872	
656949	Rudolph the Red-Nosed Reindeer	红鼻子驯鹿鲁道夫	1964-12-06	1	TV			656957
656950	The Ballad of Smokey the Bear	斯莫基熊之歌	1966-11-24	1	TV			316793
656957	Rudolph's Shiny New Year	鲁道夫的闪亮新年	1976-12-10	1	TV		656949	
657291	タマグラアニメーション / TamaGra Animetion（2020）	多摩美术大学平面设计学科动画作品集2020年度		17	短片		657292	657294
657292	タマグラアニメーション / TamaGra Animetion（2019）	多摩美术大学平面设计学科动画作品集2019年度		15	短片			657291
657294	タマグラアニメーション / TamaGra Animetion（2021）	多摩美术大学平面设计学科动画作品集2021年度		1	短片		657291	
658054	魔法科高校の劣等生 第二部				TV		501729	
658254	ようじょしぇんき2	迷你幼女战记2	2026-07-08	12	WEB		205115	
658349	Фиксики	螺丝钉	2010-12-13	52	TV			658354
658354	Фиксики. Сезон 2	螺丝钉 第二季	2012-12-25	52	TV		658349	658356
658356	Фиксики. Сезон 3	螺丝钉 第三季	2015-06-12	52	TV		658354	658365
658365	Фиксики. Новенькие	螺丝钉 第四季	2020-02-29	52	TV		658356	658378
658378	Фиксики. Дай пять!	螺丝钉 第五季	2022-12-01	52	TV		658365	
658401	Fireman Sam	消防员山姆	1987-11-17	8	TV			658403
658403	Fireman Sam Season 2	消防员山姆 第二季	1988-09-01	8	TV		658401	658405
658405	Fireman Sam Season 3	消防员山姆 第三季	1990-10-15	9	TV		658403	658406
658406	Fireman Sam Season 4	消防员山姆 第四季	1994-10-21	8	TV		658405	658407
658407	Fireman Sam Season 5	消防员山姆 第五季	2005-04-04	23	TV		658406	658408
658408	Fireman Sam Season 6	消防员山姆 第六季	2008-11-24	26	TV		658407	658409
658409	Fireman Sam Season 7	消防员山姆 第七季	2009-05-04	26	TV		658408	658412
658412	Fireman Sam Season 8	消防员山姆 第八季	2012-03-03	26	TV		658409	658414
658414	Fireman Sam Season 9	消防员山姆 第九季	2014-04-07	25	TV		658412	658443
658443	Fireman Sam Season 10	消防员山姆 第十季	2016-02-15	25	TV		658414	658444
658444	Fireman Sam Season 11	消防员山姆 第十一季	2017-11-18	13	TV		658443	658445
658445	Fireman Sam Season 12	消防员山姆第十二季	2020-10-26	13	TV		658444	658446
658446	Fireman Sam Season 13	消防员山姆 第十三季	2021-10-04	26	TV		658445	658447
658447	Fireman Sam Season 14	消防员山姆 第十四季	2022-11-01	26	TV		658446	658448
658448	Fireman Sam Season 15	消防员山姆 第十五季	2023-10-21	26	TV		658447	658449
658449	Fireman Sam Season 16	消防员山姆 第十六季	2024-10-01	26	TV		658448	
658450	Sid the Science Kid	科学小子席德	2008-09-01	41	TV			658451
658451	Sid the Science Kid Season 2	科学小子席德 第二季	2010-06-21	26	TV		658450	
658547	Messy Goes to OKIDO	梅西去乐趣岛	2015-09-07	52	TV			658554
658554	Messy Goes to OKIDO Season 2	梅西去乐趣岛 第二季	2018-10-22	26	TV		658547	658555
658555	Messy Goes to OKIDO Season 3	梅西去乐趣岛 第三季	2022-11-14	26	TV		658554	
658637	Ask the StoryBots	故事机器人都知道	2016-08-12	6				658640
658640	Ask the StoryBots Season 2	故事机器人都知道 第二季	2018-08-24	8	WEB		658637	658641
658641	Ask the StoryBots Season 3	故事机器人都知道 第三季	2019-08-02	8	WEB		658640	
658653	Wild Kratts Season 2	动物兄弟 第二季	2012-10-15	26	TV		637632	658654
658654	Wild Kratts Season 3	动物兄弟 第三季	2014-04-07	26	TV		658653	658658
658658	Wild Kratts Season 4	动物兄弟 第四季	2015-07-29	26	TV		658654	658663
658663	Wild Kratts Season 5	动物兄弟 第五季	2017-07-24	20	TV		658658	658679
658671	Go Jetters	全球探险冲冲冲	2015-10-26	51	TV			658674
658674	Go Jetters Series 2	全球探险冲冲冲 第二季	2017-09-18	52	TV		658671	658676
658676	Go Jetters Series 3	全球探险冲冲冲 第三季	2019-08-26	51	TV		658674	
658679	Wild Kratts Season 6	动物兄弟 第六季	2019-04-15	20	TV		658663	659704
658701	Blaze and the Monster Machines	旋风战车队	2014-10-13	20	TV			658706
658706	Blaze and the Monster Machines Season 2	旋风战车队 第二季		20	TV		658701	658708
658708	Blaze and the Monster Machines Season 3	旋风战车队 第三季	2016-10-10	20	TV		658706	659668
658891	トランスフォーマー ワイルドキングW	变形金刚 狂野之王W	2026-05-20	13	WEB		545132	
659094	Lascars 2 : Wesh la famille	拉斯卡尔2		1	剧场版		644408	
659199	Poppin-Play Kitchen 続編						619322	
659247	寝取られた爆乳妻たち2	被寝取的巨乳人妻们2	2026-09-18	2	OVA	1	562035	
659249	村又さんの愛情	村又小姐的爱情	2026-09-11	3	OVA	1	311528	
659266	师兄啊师兄 最终季		2026-06-04	26	WEB		516416	
659438	Camp Snoopy Season 2	史努比露营大冒险 第二季	2026-06-26	13	WEB		497403	
659442	SpongeBob SquarePants (Season 17)	海绵宝宝 第十七季	2026-06-12	13	TV		567346	
659456	劇場版 俺だけレベルアップな件 -Beyond the System-	剧场版 我独自升级 -Beyond the System-			剧场版		487630	
659664	中国传媒大学2026届动画与数字艺术学院毕业设计联展——动画作品展		2026-06-12	28	短片		565362	
659668	Blaze and the Monster Machines Season 4	旋风战车队 第四季	2018-03-20	20	TV		658708	659671
659671	Blaze and the Monster Machines Season 5	旋风战车队 第五季	2019-08-16	20	TV		659668	
659675	Blaze and the Monster Machines Season 7	旋风战车队 第七季	2022-09-14	26	TV			659676
659676	Blaze and the Monster Machines Season 8	旋风战车队 第八季	2024-04-04	13	TV		659675	659677
659677	Blaze and the Monster Machines Season 9	旋风战车队 第九季	2025-02-06	15	TV		659676	
659686	トミカとトム シーズン2		2026-07-05	13	TV		564506	
659690	PAW Patrol Season 7	汪汪队立大功 第七季	2020-03-27	26	TV		301855	659695
659695	PAW Patrol Season 8	汪汪队立大功 第八季	2021-04-02	26	TV		659690	659696
659696	PAW Patrol Season 9	汪汪队立大功 第九季	2022-03-25	26	TV		659695	659697
659697	PAW Patrol Season 10	汪汪队立大功 第十季	2023-07-10	26	TV		659696	659699
659699	PAW Patrol Season 11	汪汪队立大功 第十一季	2024-09-18	26	TV		659697	659701
659701	PAW Patrol Season 12	汪汪队立大功 第十二季	2025-07-18	13	TV		659699	659702
659702	PAW Patrol Season 13	汪汪队立大功 第十三季	2026-03-09	13	TV		659701	
659704	Wild Kratts Season 7	动物兄弟 第七季	2023-05-22	20	TV		658679	
659743	꼬마버스 타요	小公交车太友	2010-08-23	26	TV			659745
659745	꼬마버스 타요 2기	小公交车太友 第二季	2011-11-30	26	TV		659743	659746
659746	꼬마버스 타요 3기	小公交车太友 第三季	2014-03-05	26	TV		659745	659747
659747	꼬마버스 타요 4기	小公交车太友 第四季	2016-08-31	26	TV		659746	659748
659748	꼬마버스 타요 5기	小公交车太友 第五季	2018-11-01	26	TV		659747	659749
659749	꼬마버스 타요 6기	小公交车太友 第六季	2022-07-07	26	TV		659748	659750
659750	꼬마버스 타요 7기	小公交车太友 第七季	2024-02-26	26	TV		659749	
659758	Dinotrux	恐龙卡车	2015-08-14	10	WEB			661045
660146	The Tick Vs. Season Two	超级蜱人 第二季	1995-09-09	13			506551	660147
660147	The Tick Vs. Season Three	超级蜱人 第三季	1996-09-14	10			660146	
660667	Team Umizoomi	呜咪123	2010-01-25	20	TV			660674
660674	Team Umizoomi Season 2	呜咪123 第二季	2010-10-18	19	TV		660667	660676
660676	Team Umizoomi Season 3	呜咪123 第三季	2011-10-13	19	TV		660674	660678
660678	Team Umizoomi Season 4	呜咪123 第四季	2013-02-04	19	TV		660676	
660959	Samurai Rabbit: The Usagi Chronicles Season 1	兔子武士：宫本兔编年史 第一季	2022-04-28	10	WEB			660960
660960	Samurai Rabbit: The Usagi Chronicles Season 2	兔子武士：宫本兔编年史 第二季	2022-09-01	10	WEB		660959	
661045	Dinotrux Season 2	恐龙卡车 第二季	2016-03-11	13	WEB		659758	661048
661048	Dinotrux Season 3	恐龙卡车 第三季	2016-10-07	16	WEB		661045	661049
661049	Dinotrux Season 4	恐龙卡车 第四季	2017-03-31	7	WEB		661048	661051
661051	Dinotrux Season 5	恐龙卡车第五季	2017-08-18	7	WEB		661049	661055
661055	Dinotrux Supercharged	恐龙卡车：动能强化	2017-11-10	6	WEB		661051	661058
661058	Dinotrux Supercharged Season 2	恐龙卡车：动能强化 第二季	2018-03-23	7	WEB		661055	661063
661063	Dinotrux Supercharged Season 3	恐龙卡车：动能强化 第三季	2018-08-03	13	WEB		661058	661049
661171	浪浪山小妖怪2				剧场版		440095	
661791	一人之下 第7季	一人之下 第七季			WEB		507819	
661927	로보카폴리 시즌 1	变形警车珀利 第一季	2011-02-28	26	TV			661929
661929	로보카폴리 시즌 2	变形警车珀利 第二季	2011-12-26	26	TV		661927	661931
661931	로보카폴리 시즌 3	变形警车珀利 第三季	2014-02-26	26	TV		661929	661932
661932	로보카폴리 시즌 4	变形警车珀利 第四季	2015-08-31	26	TV		661931	661933
661933	로보카폴리 시즌 5	变形警车珀利 第五季	2022-03-04	16	TV		661932	
661937	폴리와 함께하는 교통안전 이야기	变形警车珀利 交通安全篇	2011-11-14	12	TV			661939
661939	로보카 폴리 교통안전 이야기’ 시즌 2	变形警车珀利交通安全篇 第二季	2013-03-01	14	TV		661937	
662006	闇芝居 十七期	暗芝居 第十七季	2026-07-12	13	TV		615739	
662033	Sofia the First: Royal Magic	小公主苏菲亚：皇家魔法	2026-05-25	30	TV		323398	
662329	Martin Mystère	校园神兵	2003-10-01		TV			662331
662331	Martin Mystère Season 2	校园神兵 第二季	2004-08-28	14	TV		662329	662332
662332	Martin Mystère Season 3	校园神兵 第三季		26	TV		662331	
662388	あかね噺 第2期	落语朱音 第二季			TV		576121	
662395	カナン様はあくまでチョロい 第2期	迦楠大人的白给是恶魔级 第二季			TV		552589	
662507	Elena of Avalor Season 2	艾莲娜公主 第二季	2017-10-14	24	TV		199330	662513
662513	Elena of Avalor Season 3	艾莲娜公主 第三季	2019-10-07	28	TV		662507	
662606	ひぐらしのなく頃に 新作	寒蝉鸣泣之时 新作			TV			
662684	谷围兰亭 第2季				WEB		432932	
662700	라바 시즌 4기	爆笑虫子 第四季	2018-10-19	26	WEB		144120	662702
662702	라바 시즌 5기	爆笑虫子 第五季	2023-05-04	26	WEB		662700	
663253	Batman: Knightfall Part 1: Knightfall		2026-08-25	1	OVA			695770
663369	ようこそ実力至上主義の教室へ 5th Season	欢迎来到实力至上主义的教室 第五季			TV		510710	
663439	Invincible Season 5	无敌少侠 第五季			WEB		505401	663440
663440	Invincible Season 6	无敌少侠 第六季					663439	
663444	King of the Hill Season 15	一家之主 第15季	2026-07-20		WEB		561715	
663664	顾清乔反穿越记事	顾清乔反穿越记事		20	动态漫画			663665
663665	顾清乔反穿越记事 第二季	顾清乔反穿越记事 第二季		24	动态漫画		663664	
663691	あはれ！名作くん シーズン6		2021-04-02	37	TV		301700	619052
663813	The Bear That Couldn't Sleep	睡不着的熊	1939-06-10	1	剧场版			663814
663814	The Fishing Bear	钓鱼的熊	1940-01-20	1	剧场版		663813	663815
663815	The Prospecting Bear	挖矿的熊	1941-03-08	1	剧场版		663814	241687
663817	The Flying Bear	飞行的熊	1941-11-01	1			241687	663819
663819	The Bear and the Beavers	熊和海狸	1942-03-28	1			663817	663823
663823	Wild Honey, or, How to Get Along Without a Ration Book	野蜂蜜，或者说，如何在没配给簿的时候得到蜂蜜	1942-11-07	1			663819	663826
663826	Barney Bear's Victory Garden	胜利花园	1942-12-26	1			663823	663859
663859	Bah Wilderness	野外露营	1943-10-09	1			663826	663862
663862	Barney Bear and the Uninvited Pest	巴尼熊与不速之客	1943-07-17	1			663859	663866
663866	Bear Raid Warden	熊守卫	1944-09-09	1			663862	663868
663868	Barney Bear's Polar Pest	北极亲戚	1944-12-30	1			663866	663870
663870	The Unwelcome Guest	不速之客	1945-02-17	1			663868	663879
663879	The Bear and the Bean	熊和豆子	1948-01-31	1			663870	664155
663905	スノウボールアース 第2期	冻结地球 第二季			TV		571555	
663924	終末のワルキューレ Ⅳ				TV		544020	
663936	彼女お借りします 第6期	租借女友 第六季			TV		533027	
663982	精灵梦叶罗丽 第11季 下	精灵梦叶罗丽 第十一季 下	2026-07-16	26	WEB		569770	
663983	北斗の拳 -FIST OF THE NORTH STAR- 第2クール	北斗神拳 第2部分			TV		454438	
664155	The Bear and the Hare	熊和兔子	1948-06-26	1			663879	664165
664165	Goggle Fishing Bear	海底捕鱼	1949-01-15	1			664155	664168
664168	The Little Wise Quacker	聪明的小鸭子	1952-11-06	1			664165	664173
664173	Busybody Bear	爱管闲事的熊	1952-12-20	1			664168	664186
664186	Barney's Hungry Cousin	饥饿的表亲	1953-01-31	1			664173	664188
664188	Cobs and Robbers	玉米大盗	1953-03-14	1			664186	664192
664192	Heir Bear	继承熊	1953-05-30	1			664188	664195
664195	Wee-Willie Wildcat	威利野猫	1953-06-20	1			664192	664197
664197	Half-Pint Palomino	迷你金鬓马	1953-09-26	1			664195	664198
664198	The Impossible Possum	难以捕捉的负鼠	1954-03-20	1			664197	664201
664201	Sleepy-Time Squirrel	松鼠冬眠	1954-06-19	1			664198	664204
664204	Bird-Brain Bird Dog	爱鸟的捕鸟犬	1954-07-31	1			664201	
664270	キルアオ 2期				TV		581284	
664383	杖と剣のウィストリア Season3	杖与剑的魔剑谭 第三季			TV		515856	
664389	夜桜さんちの大作戦 第2期 第2クール	夜樱家的大作战 第二季 第2部分	2026-10-11	12	TV		517027	
664395	ダイヤのA actⅡ Second Season 第2クール	钻石王牌 act2 第二季 第2部分	2026-10-11	12	TV		495238	
664413	KING OF PRISM-Tri-Star Act-				剧场版		525084	
664690	とんがり帽子のアトリエ 第2期	尖帽子的魔法工房 第二季			TV		377130	
664856	ばなにゃ あっとほーむぱーてぃー	香蕉喵10周年纪念特别篇	2026-07-10	1	WEB		513939	
664921	マリッジトキシン 第2期	婚姻剧毒 第二季			TV		590353	
664971	Teen Titans season 2	少年泰坦 第二季	2004-01-10	13	TV		185764	664981
664981	Teen Titans season 3	少年泰坦 第三季	2004-08-28	13	TV		664971	664984
664984	Teen Titans season 4	少年泰坦 第四季	2005-01-17	13	TV		664981	664986
664986	Teen Titans season 5	少年泰坦 第五季	2005-09-24	13	TV		664984	
665014	Le Collège Noir Season 2	黑暗学院 第二季					437243	
665165	李诗雅	李诗雅			WEB		406472	
665390	氷の城壁 第2期	冰之城墙 第二季	2026-10-01	12	TV		535669	
665413	アイカツスターズ! ～星々のProgress～	偶像活动Stars ～星之Progress～		1	剧场版		207491	
665620	雪王来了！	雪王来了！	2026-08-21	40	WEB		506323	
665621	请吃红小豆吧！第五季		2026-09-11	12	WEB		378091	
665923	Lv2からチートだった元勇者候補のまったり異世界ライフ 第2期						459725	
665924	ひとりぼっちの異世界攻略 第2期						476129	
665994	Talking Tom & Friends Season 1	会说话的汤姆猫家族 第一季	2014-12-23	52	WEB			665996
665996	Talking Tom & Friends Season 2	会说话的汤姆猫家族 第二季	2017-05-15	26	WEB		665994	665999
665999	Talking Tom & Friends Season 3	会说话的汤姆猫家族 第三季	2018-05-12	26	WEB		665996	667205
666230	モノノ怪 新プロジェクト						505562	
666541	天地無用！ 新作アニメ						412300	
666592	Puffin Rock	欢乐海鹦岛	2015-01-12	39	TV			666603
666603	Puffin Rock Season 2	欢乐海鹦岛 第二季	2016-02-22	39	TV		666592	666606
666606	Puffin Rock Season 3	欢乐海鹦岛 第三季	2025-09-15	21	TV		666603	
667053	Happy-Go-Nutty	疯人院逃亡记	1944-06-24	1			324935	667060
667060	Big Heel-Watha (Buck of the Month)	打猎记	1944-10-21	1			667053	667063
667063	The Screwy Truant	精怪松鼠翘课记	1945-01-13	1			667060	667066
667066	Lonesome Lenny	孤独的莱尼	1946-03-09	1			667063	
667205	Talking Tom & Friends Season 4	会说话的汤姆猫家族 第四季	2019-05-16	26	WEB		665999	667206
667206	Talking Tom & Friends Season 5	会说话的汤姆猫家族 第五季	2020-05-08	26	WEB		667205	
667733	择天记 年番				WEB		526975	
668133	Ben 10 Reboot Season 2		2018-02-19	40	TV		277187	668134
668134	Ben 10 Reboot Season 3		2019-02-23	52	TV		668133	316765
668136	Ben 10 Versus the Universe: The Movie		2020-10-10	1	TV		316765	
668174	The Secret Saturdays Season 1		2008-10-03	26	TV			668181
668181	The Secret Saturdays Season 2		2009-11-07	10	TV		668174	
668349	The Haunting of Hotel Transylvania	精灵旅社大闹鬼	2027-10-08	1	剧场版		365782	
668586	Dodgers x ONE PIECE | 特別アニメーション映像 2026		2026-07-03	1	WEB		668737	
668729	The Woody Woodpecker Show (Season 2)	啄木鸟伍迪 电视版 第二季	1963-09-04	26	TV		47629	668734
668734	The Woody Woodpecker Show (Season 3)	啄木鸟伍迪 电视版 第三季	1970-09-05	26	TV		668729	668736
668736	The Woody Woodpecker Show (Season 4)	啄木鸟伍迪 电视版 第四季	1971-09-04	13	TV		668734	668764
668737	Dodgers x ONE PIECE | Make some noise!		2025-07-24	1	WEB			668586
668764	The Woody Woodpecker Show (Season 5)	啄木鸟伍迪 电视版 第五季	1976-09-04	22	TV		668736	
668832	一念时光 动态漫画 第1季	一念时光 动态漫画 第1季		20	动态漫画			668833
668833	一念时光 动态漫画 第2季	一念时光 动态漫画 第2季		20	动态漫画		668832	
672995	白色闪电 第二季			12	WEB		346429	
673860	凹凸世界·新生 第二篇章 重负赛场			4	WEB		607337	
674430	ひめチェン！おとぎちっくアイドル リルぷりっ『のりスタ』版		2011-04-06	51			4530	
676026	缔灵爱水心缠	缔灵爱水心缠	2026-08-07	20	WEB		542325	
677843	映画ドラえもん のび太の蒸気時間車		2027-03-05		剧场版		583519	
679586	難船ス物語 第二篇 海賊船	船难物语 第二篇 海盗船			剧场版		580484	
679732	SEALOOK 2nd season		2026-07-24	25				600439
680569	マー坊の大陸宣撫隊 後篇・匪賊退治の巻		1942-03-26		剧场版		680570	
680570	マー坊の大陸宣撫隊 前篇・サーカスの巻		1942-03-19		剧场版			680569
688640	魔物ハンター妖子2	魔物猎人妖子2	1992-12-22	1	OVA		78525	688648
688648	魔物ハンター妖子3	魔物猎人妖子3	1993-04-01	1	OVA		688640	688655
688655	魔物ハンター妖子スーパー・ミュージック・クリップ	魔物猎人妖子 Super Music Clip	1993-12-21	1	OVA		688648	688671
688671	魔物ハンター妖子5 光陰覇王の乱	魔物猎人妖子5 光影霸王之乱	1994-07-01	1	OVA		688655	688686
688686	魔物ハンター妖子²	魔物猎人妖子²	1995-07-01	1	OVA		688671	
688838	Fate/Grand Order 藤丸立香はわからない Season4	Fate/Grand Order 藤丸立香想不明白 第4季	2026-08-07	10	WEB		565472	
689050	魔都精兵のスレイブ3	魔都精兵的奴隶 第三季			TV		486054	
689381	Kim Possible: The Villain Files	麻辣女孩：罪犯档案	2004-12-07		剧场版		113007	113016
689382	Kim Possible: The Secret Files	麻辣女孩：最高机密	2003-09-02		剧场版			113007
689446	仙王的日常生活 第六季				WEB		529875	
689447	大王饶命 第四季				WEB		507820	
690181	2026届北京电影学院动画学院优秀毕业作品暨联合创作汇报展		2026-06-24	28	短片		690185	
690185	2025·北京电影学院动画学院优秀毕业展		2025-06-18	19	短片			690181
694622	ねずみくんのチョッキ 第2期		2026-10-03	12	TV		582598	
695266	小糊涂神第二部 小精灵篇			26	TV		25715	
695332	宝可梦动画图鉴 第五季 不期而遇		2026-08-17	10	WEB		622293	
695768	Zootopia 3	疯狂动物城3					419613	
695770	Batman: Knightfall Part 2: Knightquest			1	OVA		663253	695771
695771	Batman: Knightfall Part 3: KnightsEnd			1	OVA		695770	
695947	Marvel's Meet Spidey and his Amazing Friends Season 5		2026-05-01	10	WEB		585416	
696152	Another Froggy Evening	青蛙又一夜	1995-10-06	1	短片		280515	
696164	土豆侠 第二季	土豆侠 第二季	2015-06-12	26			630110	696165
696165	土豆侠 第三季	土豆侠 第三季	2016-08-19	26			696164	
696364	大怪獣ラッシュ ウルトラフロンティア VEROKRON hunting		2014-03-15		剧场版		83920	107724
696900	Fate/strange Fake 新シリーズ				TV		443831	
697060	うまゆる ふるげ～と！	轻松优俊 Full Gate！	2026-09-27	26	WEB		555332	
697460	사랑의 하츄핑: 고래보석의 전설	奇妙萌可大电影之鲸鱼宝石传说	2026-08-05	1	剧场版		501538	
697573	Stranger Things: Tales From '85 Season 2	怪奇物语：来自85年的故事 第二季	2026-09-17	10			564361	
698130	ヘタリア World★Stars 新作追加エピソードが		2026-09-05	4	WEB		317615	
698901	手札が多めのビクトリア 第2期	奇招百出的维多利亚 第二季			TV		584641	
698903	手札が多めのビクトリア スペシャルエピソード	奇招百出的维多利亚 特别篇			OVA		584641	
698981	Adventure Time: Side Quests Season 2	探险时光：支线任务 第二季	2026-10-02				653289	
699026	호랑이 들어와요 2기	老虎来了 第二季			WEB		504244	
699060	日本三國 続編	日本三国 续篇			TV		623851	
699479	あたしンちNEXT 新エピソード						474905	
700092	메탈카드봇 S	炫卡斗士 S	2024-08-26	26	TV		522253	709647
700676	完美世界 第七季		2026-09-18	52	WEB		577198	
700678	Haunted Hotel Season 2	闹鬼酒店 第二季	2026-10-09		WEB		562654	
701300	Hey Duggee Season One		2014-12-17	52	TV		701308	701301
701301	Hey Duggee Season Two		2016-09-26	52	TV		701300	701302
701302	Hey Duggee Season Three		2019-03-04	52	TV		701301	701304
701304	Hey Duggee Season Four		2022-09-05	40	TV		701302	701305
701305	Hey Duggee Season Five		2024-06-28	20	TV		701304	
701308	Chop Chop!		2013-03-13	1	TV			701300
701309	The Sisters Grimm	格林姐妹大冒险	2025-10-03	6	WEB			701310
701310	The Sisters Grimm Season 2	格林姐妹大冒险 第二季	2026-10-02		WEB		701309	
701513	The Christmas Light		1995-11-17	1	OVA			701629
701629	The Christmas Brigade		1997-10-07	1	OVA		701513	
702421	نرسم ونحقق | #اليوم_الوطني_السعودي_ 96	沙特阿拉伯王国建国96周年动画	2026-09-16		短片		611074	
702459	如果历史是一群喵 明末清初篇			12	WEB		589368	
702986	桃源暗鬼 ～日光・華厳の滝編～ 第2クール	桃源暗鬼 ～日光・华严之泷篇～ 第2部分		12	TV		617948	
703539	猫と竜 第2期	猫与龙 第二季			TV		538760	
703924	黄泉のツガイ 第2期	黄泉使者 第2期			TV		568572	
704737	シルバニアファミリー フレアのカラフル・エブリデイ		2026-10-01	12	TV		585457	
704891	Blue Eye Samurai Season 3				WEB		469901	
705345	ふつつかな悪女ではございますが ～雛宮蝶鼠とりかえ伝～ 第2クール	恶女不才，请多关照 ～雏宫蝶鼠换身传～ 第2部分			TV		545008	
705616	斗破苍穹 最终季·动态漫		2026-02-13	67	动态漫画		516649	
705959	ぐらんぶる Season 4	碧蓝之海 第四季			TV		569116	
705980	熊出没之神奇宝物2	熊出没之神奇宝物 第二季	2026-10-01	52	TV		587898	
706740	片田舎のおっさん、剣聖になる 第三期	乡下大叔成为剑圣 第三季			TV		565701	
706789	퇴마록 2: 초상화가 부르고 있다				剧场版		433672	
707311	Axe Cop Season 2		2015-04-16	10	TV		106854	
707339	Big Guy and Rusty the Boy Robot Season 1		1999-09-18	6	TV			707341
707341	Big Guy and Rusty the Boy Robot Season 2		2001-01-30	20	TV		707339	
707667	猫猫のひとりごと 第3期	猫猫的呢喃 第三季	2026-10-05	24	WEB		533096	
707750	これ描いて死ね 第2期	画完这个再去死 第二季			TV		545917	
707759	World of Winx Season 1	魔法俏佳人世界 第一季	2017-01-28	13	TV			707761
707761	World of Winx Season 2	魔法俏佳人世界 第二季	2017-06-18	13	TV		707759	
707764	ヘルモード ～やり込み好きのゲーマーは廃設定の異世界で無双する～ 3rd Season	地狱模式～喜欢挑战特殊成就的玩家在废设定的异世界成为无双～第三季					638151	
707900	Hopper et le Secret de la marmotte	飞兔大联盟2：神秘土拨鼠	2025-10-15		剧场版		436055	
708080	Family Guy: Happy Hell-O-Ween		2026-10-05	1			653290	
708151	劇場版 魔入りました！入間くん				剧场版		524486	
708167	メラ×デス 死神と僕の異常な恋		2027-01-05	10	TV		570330	
708197	無職転生Ⅲ ～異世界行ったら本気だす～ 第2クール	无职转生 第三季 ～到了异世界就拿出真本事～ 第2部分			TV		501963	
708367	LIAR GAME 第2期	欺诈游戏 第二季			TV		580133	
708411	武神主宰 姬州篇		2026-07-21	56	WEB		577148	
708680	映画すみっコぐらし 第5弾				剧场版		545844	
708829	精霊幻想記 第3期	精灵幻想记 第三季			TV		355803	
708896	サンダー3 SEASON2	雷霆三人行 第二季			TV		625215	
709259	Mickey+ Shorts: Mickey+ Toy Story		2026-09-23	1	TV		709263	
709263	Mickey+ Shorts: Mickey+ Bluey		2026-03-21	1	TV		709267	709259
709267	Mickey+ Shorts: Mickey+ Spidey		2025-12-08	1	TV		709270	709263
709270	Mickey+ Shorts: Mickey + Stitch		2025-11-10	1	TV			709267
709271	Mickey Mouse Funhouse Season 1		2021-07-16	26	TV			709273
709273	Mickey Mouse Funhouse Season 2		2022-11-04	30	TV		709271	709275
709275	Mickey Mouse Funhouse Season 3		2024-02-23	30	TV		709273	
709284	Me & Mickey Season 1		2022-06-27	35	TV			709285
709285	Me & Mickey Season 2		2023-01-02	52	TV		709284	709286
709286	Me & Mickey Season 3		2024-01-08	13	TV		709285	709287
709287	Me & Mickey: In the Clubhouse+		2025-07-28	10	TV		709286	709289
709289	Me & Mickey: Let's Play Sports		2026-06-24	10	TV		709287	
709294	Mickey and the Roadster Racers Season 1		2017-01-15	26	TV			709295
709295	Mickey and the Roadster Racers Season 2		2018-04-13	25	TV		709294	709296
709296	Mickey Mouse Mixed-Up Adventures		2019-10-14	36	TV		709295	
709303	Playdate with Winnie the Pooh Season 1		2023-08-18	15	TV			709304
709304	Playdate with Winnie the Pooh Season 2		2024-08-20	15	TV		709303	709305
709305	Playdate with Winnie the Pooh Season 3		2026-01-17	15	TV		709304	
709306	Me & Winnie the Pooh Season 1		2023-08-18	25	TV			709307
709307	Me & Winnie the Pooh Season 2		2024-08-20	25	TV		709306	
709312	The Proud Family: Louder and Prouder Season 1		2022-02-23	10	WEB			709313
709313	The Proud Family: Louder and Prouder Season 2		2023-02-01	10	WEB		709312	709314
709314	The Proud Family: Louder and Prouder Season 3		2025-08-06	10	WEB		709313	709315
709315	The Proud Family: Louder and Prouder Season 4		2026-07-29	10	WEB		709314	
709317	The Proud Family		2001-09-15	21	TV			709318
709318	The Proud Family Season 2		2002-09-27	20	TV		709317	709319
709319	The Proud Family Season 3		2003-10-10	11	TV		709318	709320
709320	The Proud Family Movie		2005-08-19	1	TV		709319	
709321	Kiff Season 2		2025-03-15	28	TV		709325	709326
709324	Kiff: The Haunting of Miss McGravy's House		2024-10-05	1	TV		423728	709325
709325	Kiff: Lore of the Ring Light		2025-01-21	1	TV		709324	709321
709326	Kiff: Scarm II: The Screamwriter		2026-10-06	1	TV		709321	709328
709328	Kiff: The Oddest Sea			1	TV		709326	
709334	The Wonderful Winter of Mickey Mouse		2022-02-18	1	WEB		325482	709335
709335	The Wonderful Spring of Mickey Mouse		2022-03-25	1	WEB		709334	709337
709337	The Wonderful Summer of Mickey Mouse		2022-07-08	1	WEB		709335	709338
709338	The Wonderful Autumn of Mickey Mouse		2022-11-18	1	WEB		709337	709339
709339	The Wonderful World of Mickey Mouse: Steamboat Silly		2023-07-28	1	WEB		709338	
709341	Big City Greens		2018-06-18	30	TV			709343
709343	Big City Greens Season 2		2019-11-16	30	TV		709341	709345
709345	Big City Greens Season 3		2021-10-09	20	TV		709343	709347
709347	Big City Greens Season 4		2023-09-23	30	TV		709345	709349
709349	Big City Greens Season 5		2026-08-21	30	TV		709347	
709475	ゲルぴよ 第2期		2026-10-21	10	TV		618661	
709647	메탈카드봇W	炫卡斗士W	2025-12-04	26	TV		700092	
709656	本好きの下剋上 ~司書になるためには手段を選んでいられません~ 貴族院の自称図書委員	小书痴的下克上 ～为了成为图书管理员而不择手段～贵族院的自称图书委员			TV		469104	
709683	熊出没·我们				剧场版		569761	
