# bangumi-sequel-seasons v1 rules=1 max_id=705980 dump=dump-2026-09-22.210341Z.zip | 列: bgm_id, 可以换成的那几季 (逗号分隔的 bgm id, 按挑选顺序). 只收有候选的; 表覆盖到 (id 不超过 max_id) 却没有这一行 = 不用换. 说明见 README.
8	793
288	289
300	299
320	324,326
323	2094,2096,2097,11645
326	324
330	896
337	334
491	490
516	515
530	2921
593	4843
750	531,1269
763	1880,1103
848	847
876	51
888	303
889	283,890
890	283
891	259
897	895
980	979
1010	286
1026	1025
1029	799
1039	530007
1103	1880
1109	4243,15946,15957,15007,15958
1120	1260,1261
1194	2443
1219	928
1220	928
1261	1260
1263	1262
1264	1262,1263
1269	531
1270	531,1269
1309	2063,2680
1321	4214,4215
1326	289,288
1427	808
1442	19136
1486	4843
1512	282
1741	978
1742	299,300
1748	883
1750	1429
1852	297
1861	1860
1878	440
1879	440,1878
1935	315
1955	1954
1956	1954
1957	1954
1958	1954
1965	1964
1966	443
1971	1970
1973	1972
1974	1972
1996	1997,2001
2001	1997
2076	2074
2078	2074
2079	2077
2096	2094
2097	2094,2096
2120	836
2142	2141
2240	1985
2256	2255
2354	292
2425	2427
2459	2461,2460
2460	2461
2475	2474
2586	993
2603	299,300
2604	1454
2605	1434
2606	811
2608	762
2610	1436
2611	968
2662	896,330
2680	2063
2688	2063,2680,1309
2726	3815
2733	2732
2769	2473
2772	2774
2782	3425
2785	2784
2886	2885
2887	2885,2886
2888	2885,2886,2887
2889	2885,2886,2887,2888
2892	2891
2894	2891,2892
2895	2891,2892
2896	2439
2898	2439,2896
2915	2914
2979	1894
2981	1894
3018	2427,2425
3020	3019
3021	3019,3020
3070	805
3110	490,491
3113	50,9622,4213
3129	3128
3135	3128
3149	3148
3167	3166
3175	3169
3292	3291
3293	3291
3294	1547
3325	849
3327	325
3375	1606
3426	3420
3478	443,1966
3482	2461,2460,2459
3483	10393,53788,53898
3532	3304
3618	2885
3622	896,330
3631	1451
3632	1451
3638	35962
3641	10419
3642	1511
3644	84052
3744	3743
3752	3751
3774	1424
3787	3304,3532
3805	299,300,1742
3816	8290,9568
3826	1842
3827	67756
3944	1028
3960	292
4007	4006
4024	4023
4077	1267
4101	4100
4124	4243,15946,15957,15007,15958,1109
4213	50,9622
4215	4214
4216	4214,4215
4281	3909,4840,4841
4286	811,2606
4293	2885,2886,2887,2888,2889
4314	209557,75520
4384	4383
4450	978,1741
4541	16981
4557	4556
4583	50,9622,4213
4607	3275
4608	3275,4607
4614	1842,3826
4635	4634
4756	5230,5231,5232
4830	2482
4840	3909
4841	3909,4840
4849	60606,60607,60608,52392,10309,50323
4859	2439,2896
5231	5230
5232	5230,5231
5233	5230,5231,5232,4756
5235	5234
5428	1510
5431	1983
5432	1510,5428
5433	1510,5428,5432
5434	1510,5428,5432,5433
5651	698
5753	28065,28066,31836,84756,219986
5972	286,1010
6049	265
6297	6254
6298	6254
6608	4653
6756	1752
6815	2473,2769
6820	494
6985	979,980
6995	5977
6997	5977,6995
7150	2617
7298	923
7350	4315
7352	3619
7843	1014
7882	2476
8081	2464
8082	978,1741,4450
8248	8247
8297	8296
8389	1434,2605
8400	3283
8401	3019,3020,3021
8413	8412
8546	849
8590	40257,14389
8591	4015
8621	55144,14766
8800	8802
9005	9565
9268	8622
9270	28165
9349	9348
9352	9348,9349
9566	9565,9005
9568	8290
9569	8290,9568
9605	4217
9617	4301
9618	4301,9617
9619	4301,9617,9618
9622	50
9639	896,330,3622
9642	896
9726	894
9757	2790
10071	5658
10197	60607,60608,52392,10309,50323,4849
10306	20831
10309	60604,60605,60606,60607,60608,52392
10356	1704
10357	1704
10358	1704
10398	189512
10437	13561
10457	3828
10488	4588
10526	1842,3826,4614
10553	1373,58864,58865
10565	3479
10568	209557,75520,4314
10599	3275,4607,4608
10739	5976
10741	7014
10966	2885,2886,2887,2888,2889,4293
11142	2482
11145	3326
11598	2439,2896
11645	2094,2096,2097
11779	15946,15957,15007,15958,1109,4124
11834	247
12081	921
12192	5474
12317	3892
12496	3326
12536	259,891
12576	2617,7150
12620	1763
12785	12784
13132	13131
13133	13131,13132
13312	16981,4541
13551	4217,9605
13552	8484
13553	2712
13677	2042
13679	2042
14109	2936
14389	40257
14429	289,288
14538	30171
14616	2443
14731	895,897
14737	1998,28961
14766	55144
14871	895,897
14876	14652
14877	14652,14876
14878	14652,14876,14877
14996	3515
15007	4243,15946,15957
15946	4243
15957	4243,15946
15958	4243,15946,15957,15007
16594	3773
16621	60608,52392,10309,50323,4849,10197
17045	2473,2769,6815
17792	808,1427
18004	7842
18016	698,5651
18048	2741
18049	2741
18082	4634,4635
18083	4634,4635,18082
18176	40379,133510,53789,211097,53741
18578	6473
18613	4383,4384
18631	490,491
18689	18688
18797	9774
19040	19039
19707	2010
20232	4843
20234	4843
20235	4843
20407	55144,14766,8621
20547	4255
20692	20691
20813	10243
20847	8802,8800
20848	8802,8800,20847
20926	1939
21035	1009
21037	21036
21100	21099
22050	22049
22241	896,330,3622
22287	8560
22346	28065,28066,31836,84756,219986,5753
22406	22405
22507	4631,351897
22562	808,1427
22588	3428
22679	1939
23119	10380
23161	1671
23177	3621
23178	3621
23180	3621
23304	10375
23495	259,891,12536
23514	14632
23626	14427
23681	10278
24056	16996
24354	24355
24356	23542
24649	5656
25422	5467
25423	5467
25610	1434,2605
25714	642105
25823	1880,1103,763
25921	10405
26225	26224
26803	1842,3826,4614,10526
27202	26798
27332	15957,15007,15958,1109,4124,11779
28066	28065
28238	18457
28900	14588
28961	1998
29259	1266
29307	12703
29365	29364
29400	29399
29421	14220
29944	1650
30163	10390
30526	12332
31258	21929
31414	10353
31416	11973
31836	28065,28066
32215	25716
32330	515
32816	11180
33311	11514
33352	3428,22588
33354	1434,2605
33446	4843
33491	52392,10309,50323,4849,10197,16621
33695	33693
33701	24159
34025	294
34458	34457
35331	35333
35858	29870
35970	2751
35977	10225
35982	35981
35983	35981,35982
35991	46140
36014	36013
36268	751
36271	605
36318	25961,278571,278572
36345	189023
36359	24274
36360	24274,36359
36404	36402
36896	1998,28961,14737
37062	4163
37063	4163
37136	16981,4541,13312
37162	13131,13132,13133,37163
37163	13131,13132,13133
37173	37167
37197	37196
37198	37196,37197
37223	37221
37241	37240
37252	10408
37253	10408,37252
37254	2481
37260	37258
37274	37273
37278	37277
37344	23386
37415	10704
37449	3012
37474	421004
37501	37500
37562	21900
37620	35962,3638
37694	849,8546
37819	896,330,3622
37898	5436
38326	43558
38431	32247
38703	38702
38704	38702,38703
38723	1972,1973
38730	8249
38758	3773,16594
39001	11913
39002	11913
39065	39064
39263	38938
39300	39299
39523	4507
39524	4507
39525	4507
39530	2774
39869	10402
40081	3019,3020,3021,8401
40442	40441
40443	40441,40442
40932	1997,2001,1996
41428	21900
41568	18294
41733	10379
41734	10379
41736	10379
42339	29073
42690	13015
42691	8700
42741	23683
43099	23682
43118	29072
43180	3275,4607,4608,10599
43383	1842,3826,4614,10526,26803
43473	25578
43574	2063,2680,1309,2688
43952	23467
44693	9717
45048	5430
45213	18605
45337	55144,14766,8621,20407
45375	4471
45414	23386,37344
46011	17883
46012	978,1741,4450,8082
46014	5976,10739
46078	46076
46312	8290,9568,3816
47152	10388
47153	10388
47276	762,2608
47533	29323
47576	247,11834
47685	283,890,889
47721	1639
47759	9567
48055	6933
48289	2567
48670	10760
48700	15910
48766	20789
48991	10414
48992	10414
48994	10414
49119	3690
49266	127355
49267	12784
49268	127355
49560	49559
49598	1703
49693	10353,31414
49811	25587
50159	126506,126507,126508,126509,126510,126511
50323	60605,60606,60607,60608,52392,10309
50665	27993
50811	25834
50900	10462
51928	2585
51935	13485
52129	10941
52392	60601,60604,60605,60606,60607,60608
52606	1444
52764	2750
53687	10099
53729	53728
53741	40379,133510,53789,211097
53742	8386
53744	68703
53752	11189
53754	41983
53755	53804
53760	107451
53761	53805
53772	53767
53788	10393
53789	40379,133510
53802	48086
53898	10393,53788
53925	10391
53926	10391,53925
53936	37511
53937	10391,53925,53926
53938	10391,53925,53926,53937
53939	10391,53925,53926,53937
53940	10391,53925,53926,53937
53951	14653
53952	14653,53951
53984	10742
54173	27317
54234	29870,35858
54270	51498
54277	27832
54435	25226
54760	41705
54942	10278,23681
55100	15007,15958,1109,4124,11779,27332
55708	3413
55783	10225,35977
56112	5976,10739
56117	1671,23161
56239	25442
56403	25442,56239
56726	9302
56758	56757
56759	56757,56758
57751	13131,13132,13133,37163,37162
57754	13131,13132,13133,37163,37162,57751
58015	24508
58245	1703,49598
58345	1373,58864,58865,10553
58709	808,1427,22562
58864	1373
58865	1373,58864
60003	38069
60200	60199
60601	25442,56239,56403
60604	25442,56239,56403,60601
60605	25442,56239,56403,60601,60604
60606	25442,56239,56403,60601,60604,60605
60607	56239,56403,60601,60604,60605,60606
60608	56403,60601,60604,60605,60606,60607
60901	2936
61222	37140
61340	61339
61343	61339,61340
61345	61339,61340,61343
61346	61339,61340,61343
61566	18502
61601	53767,53772
61730	38212
61821	39743
62281	27568
62285	11180,32816
62948	8560,22287
64172	11577
65242	46131
65340	65339
65376	1077
65883	2789
66202	10385
66405	12332,30526
66409	39808
66693	47170
66954	39743
67224	16981,4541,13312,37136
67437	8386,53742
67753	10404
67990	30515
68022	9800
68269	3019,3020,3021,8401,40081
68757	23386,37344
68807	2129
68812	1671,23161
68935	54438
68953	1997,2001,1996
69165	48669
69381	38711
69383	38711,69381
69384	38711,69381,69383
69484	38040
69596	209687,293620
69943	46832
70131	56951
70565	53801
71734	35715
71802	928,1219
71926	18753
72266	40310
72651	3773,16594,38758
72942	29648
72946	21580
72968	20056
73259	4383,4384
74531	10393,53788
74532	10393,53788
74534	10393,53788,53898
74930	74932
75520	209557
75856	53774
75858	53774
75989	49294
76194	16235
76319	10309,50323,4849,10197,16621,33491
76325	49131
76805	76800
77048	42869
77085	77084
77140	77139
77218	442368,442367
77219	442368,442367,77218
77480	59664
77625	37685
77646	42786
77706	23684
78404	10040
78798	10419,3641
78799	3019,3020,3021,8401,40081,68269
79419	10243,20813
79659	55144,14766,8621,20407,45337
80378	74116
80545	189382,189383
80724	80723
80918	46036
80995	48065
81179	187162
81386	59632
81531	68738
81574	81569
81576	188851
81579	107451,53760
81582	73928
81846	35715
81847	48037
82079	46832,69943
82233	896,330,3622,37819
82322	1671,23161,68812
82995	41909
83067	37685,77625
83250	38429
83252	38429,83250
83253	38429,83250,83252
83402	43951
84055	84052,3644
84056	84052,3644,84055
84083	52586
84547	19538
84627	39759
84756	28065,28066,31836
85204	5649
85316	106653,106654,106655,106656
85339	698,5651
85561	71955
85631	43558
85771	85772
86073	2473,2769,6815,17045
86445	2617,7150
86670	41658
86721	69494
86837	72739
86870	56091
87217	19889
87218	19889,87217
87220	19889,87217,87218
87221	19889,87217,87218,87220
87222	19889,87217,87218,87220,87221
87223	19889,87217,87218,87220,87221,87222
87224	87217,87218,87220,87221,87222,87223
87225	87218,87220,87221,87222,87223,87224
87226	87220,87221,87222,87223,87224,87225
87227	87221,87222,87223,87224,87225,87226
87233	87222,87223,87224,87225,87226,87227
87234	87223,87224,87225,87226,87227,87233
87235	87224,87225,87226,87227,87233,87234
87236	87225,87226,87227,87233,87234,87235
87237	87226,87227,87233,87234,87235,87236
87238	87227,87233,87234,87235,87236,87237
87239	87233,87234,87235,87236,87237,87238
87245	87234,87235,87236,87237,87238,87239
87246	87235,87236,87237,87238,87239,87245
87247	87236,87237,87238,87239,87245,87246
87248	87237,87238,87239,87245,87246,87247
87249	87238,87239,87245,87246,87247,87248
87250	87239,87245,87246,87247,87248,87249
87251	87245,87246,87247,87248,87249,87250
87782	53762
87897	86977
88348	15958,1109,4124,11779,27332,55100
88411	3275,4607,4608,10599,43180
88412	51498,54270
88473	340
88953	87720
89488	11973,31416
89536	29870,35858,54234
89743	50026
89879	89875
89880	89875
90175	44120
90189	90188
90512	25834,50811
90600	13133,37163,37162,57751,57754,90601
90601	13132,13133,37163,37162,57751,57754
90602	47696
90632	10225,35977,55783
90772	48031
90874	53753
90880	55113
90899	49436
91252	928,1219
91322	46832,69943,82079
91350	41028
91651	50331
91946	2609
91987	80442
92290	44120,90175
92382	23686
92705	340
93047	73928,81582
93049	73928,81582
93328	92922
94406	80931
94955	73010
95010	72109
95013	53758
95225	10639
95445	75055
95679	26079
95801	337456,463618,463619
95824	78319
95949	95948
96756	12083,127957
96757	12083,127957,96756
96758	12083,127957,96756,96757
96775	16981,4541,13312,37136,67224
96861	9588
96865	96863
96894	92704
97045	2103
97149	44680
98284	10275
99748	11180,32816,62285
99796	14588,28900
99810	808,1427,22562,58709
99906	10704
99941	2463
99957	164980
99962	1429,1750
100405	57978
100501	80864
100511	883,100526
100517	64140
100526	883
100568	3909,4840,4841,4281
100986	86804
101195	53890
101322	87718
101442	78405
101717	68237
101718	68237
101719	68237
101720	68237
101799	25961,278571,278572,36318,278573
102134	54433
102554	78032
102561	84052,3644,84055,84056
103162	103161
103276	25226,54435
103809	1939,22679
103813	74755
104219	85303
104468	59583
104521	106653,106654,106655,106656,85316
104569	8290,9568,3816,46312
104949	23684,77706
105214	89511
105255	77476
105590	72993
105875	77171
106051	79973
106177	38212,61730
106207	340,92705
106212	15910,48700
106290	100654
106314	95095
106322	3357
106654	106653
106655	106653,106654
106656	106653,106654,106655
107099	74663
107100	74663
107199	49294,75989
107440	11191
107529	81109
107535	81109,107529
107724	83920
107835	96918
108417	34457,34458
108938	10560
108939	10560
109375	10639
109386	10639,95225
109483	6933,48055
109541	1703,49598
109724	43525
109739	3128
109869	18605,45213
110148	45336
110359	110358
110648	4255,20547
110775	53770
110776	90931
110783	7777
110867	1262,1263,1264
110919	94429
110961	84493
111081	24508,58015
111249	111248
112770	125807
112838	80442,91987
112841	49282
113134	43951,83402
113292	43558,85631
113438	113436
113631	8560,22287,62948
113658	81585
113899	65286
113902	65286,113899
113906	87717
114105	299,300,1742
114161	50323,4849,10197,16621,33491,76319
114184	3275,4607,4608,10599,43180,88411
114488	99806
114758	74628
114836	114835,30330
114837	114835,30330,114836
114838	114835,30330,114836,114837
114954	87246,87247,87248,87249,87250,87251
114967	2463,99941
114968	2463,99941,114967
115007	74243
115048	50026,89743
115050	39759,84627
115204	10225,35977,55783,90632
115205	82046
115292	93714
115615	46131
115617	46131,65242
115661	24274,36359,36360
115757	115756
115758	115756,115757
115763	30179
115764	115763,30179
115917	38069
115932	1671,23161,68812
115985	380722
116034	16807
116036	106297
116149	116148
116651	66491
117545	44679
117555	44679,117545
117593	117592
118066	87864
118335	55770
118474	118473
118908	49278
119033	90667
119279	1109,4124,11779,27332,55100,88348
119969	75534
119970	75534,119969
119971	75534,119969,119970
119985	48880
120186	11180,32816,62285,99748
120236	84171
120369	978,1741,4450,8082,46012
120700	340,92705,106207
120705	112151
120763	849,8546,37694
120791	247,11834,47576
121002	79350
121003	48037,81847
121108	105426
121187	67376
121286	121287
121596	18753,71926
121785	40814
121786	40814
121818	121817
121819	62914
121864	92922,93328
121865	92922,93328,121864
121866	92922,93328,121864,121865
121867	92922,93328,121864,121865,121866
122567	55144,14766,8621,20407,45337,79659
122864	107186
123568	88287
124341	531,1269,1270
124778	64993
125064	38965
126024	1763,12620
126421	78597
126503	123735
126504	123735,126503
126505	123735,126503,126504
126506	123735,126503,126504,126505
126507	123735,126503,126504,126505,126506
126508	123735,126503,126504,126505,126506,126507
126509	126503,126504,126505,126506,126507,126508
126510	126504,126505,126506,126507,126508,126509
126511	126505,126506,126507,126508,126509,126510
126512	126507,126508,126509,126510,126511,50159
126513	126508,126509,126510,126511,50159,126512
126612	126611
126615	7777,110783
126616	7777,110783,126615
126617	7777,110783,126615,126616
126618	7777,110783,126615,126616,126617
126619	7777,110783,126615,126616,126617,126618
126620	110783,126615,126616,126617,126618,126619
126621	126615,126616,126617,126618,126619,126620
126622	126616,126617,126618,126619,126620,126621
126624	76190
126625	76190,126624
126626	76190,126624,126625
126627	76190,126624,126625,126626
126628	76190,126624,126625,126626,126627
126637	126636
126638	126636,126637
126639	126636,126637,126638
126640	126636,126637,126638,126639
126641	126636,126637,126638,126639,126640
126642	126636,126637,126638,126639,126640,126641
126643	126637,126638,126639,126640,126641,126642
126644	126638,126639,126640,126641,126642,126643
126645	126639,126640,126641,126642,126643,126644
126647	126640,126641,126642,126643,126644,126645
126649	126641,126642,126643,126644,126645,126647
126650	126642,126643,126644,126645,126647,126649
126700	74116,80378
126706	126705
126707	126705,126706
126708	126705,126706,126707
126709	126705,126706,126707,126708
126710	126705,126706,126707,126708,126709
126711	126705,126706,126707,126708,126709,126710
126712	126706,126707,126708,126709,126710,126711
126713	126707,126708,126709,126710,126711,126712
126714	126708,126709,126710,126711,126712,126713
126715	126709,126710,126711,126712,126713,126714
126716	126710,126711,126712,126713,126714
126723	126722
127124	88318
127125	88318,127124
127131	35962
127138	85558
127172	77551
127573	14588,28900
127957	12083
127961	127960
127962	127960,127961
128500	119846
128501	119846,128500
128502	119846,128500,128501
128504	119846,128500,128501,128502
128801	48880
128885	100205
129105	80778
129224	29870,35858,54234,89536
129807	10380
129823	16981,4541,13312,37136,67224,96775
129844	73083
129928	129927
129929	129927,129928
129942	77591
129943	77591,129942
129948	77591,129942,129943
129949	77591,129942,129943,129948
129950	77591,129942,129943,129948,129949
129951	77591,129942,129943,129948,129949,129950
129988	82572
130114	130113
130230	2936,60901
130231	101399
130234	67376
130344	94429,110919
130400	175430
130452	46832,69943,82079,91322
130795	333304
131172	37256
131225	62115
131717	40388
131891	106818
132149	132151
132198	132151,132149
132220	9565,9005
132734	100403
132770	99092
132981	91986
133215	41982
133219	133217
133220	133217,133219
133396	117468
133398	117468,133396
133402	117468,133396,133398
133510	40379
134951	1434,2605,33354
134961	134960
134971	81569,81574
135195	10419
135974	38212,61730,106177
135992	117640
136048	136058
136311	14588,28900
136336	1044
136605	282736
136756	4884
137062	94236
137314	137313
137315	137313,137314
137316	137313,137314,137315
137317	137313,137314,137315,137316
137318	137313,137314,137315,137316,137317
137371	530007
137532	560055,560057,560058
138180	75055,95445
138699	77084,77085
138754	11973,31416,89488
138829	1671,23161,68812
138834	120701
139081	44120,90175
139317	46458
139318	46458,139317
139339	23443
139340	23443,139339
139341	23443,139339,139340
139360	10397
139478	18457
139950	9588,96861
139958	26266
140626	26224,26225
140627	26224,26225,140626
141352	141347
141530	93377
141613	92704,96894
141616	46458,139317,139318
141691	141709
143093	84386
143099	114394
143149	72993,105590
143400	123444
143558	96787
143662	143659
143740	124185
143751	46832,69943,82079,91322,130452
144087	124649
144120	141347,141352
144414	62946
144632	92922,93328,121864,121865,121866,121867
145407	126034
145667	66491,116651
145775	80778,129105
145951	96380
146104	23161,68812,138829
146181	116045
146404	10225,35977,55783,90632,115204
146408	3020,3021,8401,40081,68269,78799
146457	93377,141530
146503	117731
146923	4849,10197,16621,33491,76319,114161
147036	120445
147085	107186,122864
147147	23684,77706,104949
147365	43525,109724
147466	43951,83402,113134
147613	130250
147683	43523,147686
147686	43523
147920	125899
148046	87247,87248,87249,87250,87251,114954
148099	23686,92382
148181	59583,104468
148296	148295
148389	883,100526
148436	116871
148481	93714,115292
148704	148703
148705	148702
149647	118473,118474
150246	334,337
150490	43558,85631,113292
151503	151502
151504	151502,151503
152091	115908
152567	78319,95824
152691	106653,106654,106655,106656,85316,104521
154073	112905
154748	4599
154971	2750
155120	129927,129928,129929
156731	88741
156734	3128
157214	157209
158415	56093
159355	50026,89743,115048
159365	46832,69943,82079,91322,130452,143751
159826	4124,11779,27332,55100,88348,119279
159892	66491,116651,145667
160124	116461
160220	148233
160271	139022
161677	197883
161680	4264
161681	4264,161680
161682	4264,161680,161681
161683	4264,161680,161681,161682
161684	4264,161680,161681,161682,161683
161685	4264,161680,161681,161682,161683,161684
161686	161680,161681,161682,161683,161684,161685
161687	161681,161682,161683,161684,161685,161686
161688	161682,161683,161684,161685,161686,161687
161689	161683,161684,161685,161686,161687,161688
161690	161684,161685,161686,161687,161688,161689
161691	161685,161686,161687,161688,161689,161690
161692	161686,161687,161688,161689,161690,161691
161693	161687,161688,161689,161690,161691,161692
161694	161688,161689,161690,161691,161692,161693
161695	161689,161690,161691,161692,161693,161694
161696	161690,161691,161692,161693,161694,161695
161697	161691,161692,161693,161694,161695,161696
161698	161692,161693,161694,161695,161696,161697
161699	161693,161694,161695,161696,161697,161698
161700	161694,161695,161696,161697,161698,161699
161701	161695,161696,161697,161698,161699,161700
161702	209548
161793	488
161941	44461
162040	696
162799	49282,112841
162802	11180,32816,62285,99748,120186
163711	25834,50811,90512
165556	9305
165589	94429,110919,130344
165627	165623
165629	165623,165627
165790	165789
165892	3128
165954	23421
165955	23421,165954
165957	23421,165954,165955
165958	23421,165954,165955,165957
165960	23421,165954,165955,165957,165958
167348	119889
167386	130364
168467	282169
168559	145735
168748	79973,106051
168898	90667,119033
169148	127979
169700	137940
169850	25961,278571,278572,36318,278573,101799
169990	85558,127138
170044	14766,8621,20407,45337,79659,122567
170191	139324
170415	29870,35858,54234,89536,129224
170557	141852
170689	25834,50811,90512,163711
170772	153214
170789	161948
171034	8622,9268
171068	144357
171366	53801
171938	92704,96894
172220	172210
172256	172223
172494	84872
173691	133608
173849	84171,120236
173930	82292
173965	82292,82293
174043	135275
174140	174139
174186	2609,91946
174222	158043
174638	259,891,12536,23495
174769	208318
175309	10225,35977,55783,90632,115204,146404
175432	146861
175433	175430,130400
175527	50535
175532	57978,100405
175533	46828
175547	129007
175596	68812,138829,146104
175599	10639
175600	10639
175603	101820
176517	176516
176615	119394
176619	1842,3826,4614,10526,26803,43383
177094	10197,16621,33491,76319,114161,146923
177248	140217
177664	141588
177693	30627
177694	30627,177693
177695	30627,177693,177694
177696	30627,177693,177694,177695
177697	30627,177693,177694,177695,177696
178341	138600
178606	596840
178648	1930
178799	178768
179097	95095,106314
179999	161184
180079	161184
180174	137940,169700
180288	161696,161697,161698,161699,161700,161701
180401	37257
180485	125899,147920
181010	150810
181023	150810,181010
181024	150810,181010,181023
181089	120701,138834
181112	92874
181400	119846,128500,128501,128502,128504
181640	146093
181834	35962,3638,37620,232975,232980,232981
181995	88287,123568
182239	67826
182342	113072
182784	36131
183282	144967
183394	43525,109724
183496	97543
183497	97543,183496
183747	109677
183748	159885
183891	1940
184022	129007
184057	193953
184672	175980
184727	132212
184745	167235
185211	149539
185317	2166
185761	150955
185825	107186,122864,147085
185837	177998
186034	10339
186035	172588
186184	136371
186254	96380,145951
186257	75055,95445,138180
186570	96977
186594	97543,183496,183497
186881	124649,144087
186939	1262,1263,1264,110867
186947	141620
186959	151721,205518
187050	143659,143662
187084	66260
187101	81179,187162
187102	81179,187101,187162
187152	176542
187225	123335
187571	143387
187800	134038
187976	5977,6995,6997
188453	145129
188709	188708
188947	169499,188948
188948	169499
188962	188959
189016	189512,10398
189383	189382
189415	148241
189442	189441
189639	69943,82079,91322,130452,143751,159365
189703	137314,137315,137316,137317,137318
189780	44461,161941
189936	122019
189937	122019,189936
190537	96380,145951,186254
191100	174227
191302	40310
191336	148295,148296
191766	35977,55783,90632,115204,146404,175309
192006	104529
192007	104529,192006
192008	104529,192006,192007
192202	3128
192203	3128
192204	3128
192377	138440
192680	3021,8401,40081,68269,78799,146408
192791	93328,121864,121865,121866,121867,144632
192906	696,162040
192976	115339
192978	101820
193042	68035
193065	161697,161698,161699,161700,161701,180288
193171	127166
193298	247,11834,47576,120791
193446	56093,158415,177092
193452	117731,146503
193467	122019,189936,189937
193509	144843
193562	147568
193619	127563
193874	160970
194277	129927,129928,129929,155120
194300	106654,106655,106656,85316,104521,152691
194323	175558
194325	175558,194323
194327	175558,194323,194325
194395	87248,87249,87250,87251,114954,148046
194529	208324
194822	147706
194927	189545
195012	60188
195053	161184,179999
195292	130364,167386
195747	129927,129928,129929,155120,194277
195845	15910,48700,106212
195937	109328
196053	11779,27332,55100,88348,119279,159826
196188	53890,101195
196702	136058,136048
197351	197350
197417	10941,52129
198494	198493
198714	126177
199373	62893
199388	199387
199392	105075
199827	78319,95824,152567
200887	5649,85204
201040	77901
201212	48880
201416	165395
202148	137940,169700,180174
202165	96787,143558
202270	118781
202597	175542
202661	3425,2782
202884	145365
202960	37249
203027	149983
203387	259,891,12536,23495,174638
203781	60011
203812	95095,106314,179097
203863	11973,31416,89488,138754
204027	181354
204200	11180,32816,62285,99748,120186,162802
204623	2936,60901,130230
204642	177049
205005	174205
205015	133608,173691
205212	205211
205220	116148,116149,205221
205221	116148,116149
205518	151721
205845	121817,121818
206052	160219
206924	192247
206925	175457
207246	184931
207410	29364,29365
207411	29364,29365,207410
207415	29364,29365,207410,207411
207416	29364,29365,207410,207411,207415
207417	29364,29365,207410,207411,207415,207416
207418	141709,141691
207419	141709,141691,207418
207461	43523,147686,147683
207491	169274
207698	85558,127138,169990
207700	72739,86837
207866	80913
208050	208069,208070,208071,208072,208068
208055	10220
208056	10220,208055,208057,208058
208057	10220,208055
208058	10220,208055,208057
208059	10220,208055,208057,208058,208056
208063	208067,208069,208070,208071,208072,208068
208066	66260,187084
208067	208066,66260,187084
208068	208066,208067,66260,187084
208069	208066,208067,66260,187084,208068
208070	208066,208067,208069,66260,187084,208068
208071	208066,208067,208069,208070,187084,208068
208072	208066,208067,208069,208070,208071,208068
208073	208067,208069,208070,208071,208072,208068
208074	208069,208070,208071,208072,208073,208068
208076	208069,208070,208071,208072,208073,208074
208077	37163,37162,57751,57754,90601,90600
208078	37162,57751,57754,90601,90600,208077
208079	57751,57754,90601,90600,208077,208078
208080	57754,90601,90600,208077,208078,208079
208081	90600,208077,208078,208079,208080,208084
208084	90601,90600,208077,208078,208079,208080
208085	208077,208078,208079,208080,208084,208081
208321	165394
208347	209643
208360	162663
208370	175525
208395	208394
208396	208394,208395
208400	190589
208408	49811,25587
208465	63277
208504	141709,141691,207418,207419
208572	74243,115007
208576	29870,35858,54234,89536,129224,170415
208756	137693
208825	40310
208826	40310
208827	40310
208829	40310
208908	150775
208959	207164
208960	207164,208959
209060	16621,33491,76319,114161,146923,177094
209062	33491,76319,114161,146923,177094,209060
209063	76319,114161,146923,177094,209060,209062
209262	119846,128500,128501,128502,128504,181400
209352	282169,168467
209625	157209,157214
209630	101269,258329
209653	39759,84627,115050
209839	170242
209956	91986
210231	1260,1261,1120
210271	213654
210272	165553
210289	141852,170557
210391	162673
210465	137894
210763	210761
210806	135809
211027	112146
211035	77188
211089	115908
211097	40379,133510,53789
211114	168468
211228	195711
211269	106655,106656,85316,104521,152691,194300
211271	79093,277168,277169,277170
211549	174227,191100
211559	142282
211560	3640
211562	114394,143099
211567	147068
211853	10390
212009	175529
212038	88029
212127	212128
212150	212151
212152	212151,212150
212153	212151,212150,212152
212186	176478
212221	129805
212240	1940
212272	97543,183496,183497,186594
212315	139137
212331	37619
212361	153197
212363	125899,147920,180485
212364	144041
212609	139408
212610	324,326
212675	82079,91322,130452,143751,159365,189639
212775	120187
212803	167434
212813	175468
212851	175605
212923	137315,137316,137317,137318,189703
212924	137316,137317,137318,189703,212923
213290	126624,126625,126626,126627,126628,399179
213557	194923
213760	129942,129943,129948,129949,129950,129951
213787	41983,53754
213816	126173
214043	29399,29400
214045	160970,193874
214208	174998
214283	193870
214518	165806
215096	182215
215425	29648,72942
215551	211015
215618	78405,101442
216310	41658,86670
216371	115908,152091
216372	115908,152091
216378	216376
216379	216376,216378
216383	216376,216378,216379
216384	216376,216378,216379,216383
216385	216376,216378,216379,216383,216384
216767	78319,95824,152567,199827
216788	59160
217069	123335,187225
217071	8484
217235	153196
217285	77476,105255
217300	55770,118335
217624	44120,90175
217629	59583,104468,148181
217632	116461,160124
218383	198598
218446	43523,147686,147683
218740	247,11834,47576,120791,193298
219141	10745
219143	210811
219144	140217,177248
219164	24274,36359,36360,115661
219377	180710
219468	216799
219483	195328
219578	288831
219654	124649,144087,186881
219759	120701,138834,181089
219768	137940,169700,180174,202148
219986	28065,28066,31836,84756
220187	3916
220314	184931,207246
220631	135275,174043
221018	55783,90632,115204,146404,175309,191766
221020	153196
221190	46013
221490	146994
221655	95095,106314,179097
222203	216137
222400	79973,106051,168748
222960	143659,143662,187050
223005	171339
223020	138600,178341
223066	143387,187571
223081	160970,193874
223092	187141
223120	163464
223134	3515,14996
223145	193870,214283
223146	190111
223398	175530
223407	175405
223541	176509
223542	195666
224720	75055,95445,138180,186257
225086	18444
225328	161948,170789
225604	23686,92382
225866	192870
225868	96380,145951,186254,190537
226218	143694
226223	143694
226224	143694
226238	221439
226239	50026,89743,115048,159355
226250	160219,206052
226282	189923
226440	175424
226507	198395
226540	1014,7843
226559	216799,219468
226632	213723
226643	226642
226644	148235
226677	150955,185761
226719	74243,115007,208572
226806	175568
227164	133608,173691,205015
227390	129007,184022
227393	129007,184022
227663	222884
227739	2885,2886,2887,2888,2889,4293
227897	127166,193171
227980	146732
228046	27332,55100,88348,119279,159826,196053
228057	190889
228137	199259
228254	49131,76325
228259	58984
228275	165046
228285	184931,207246,220314
228331	199407
228437	137317,137318,189703,212923,212924
228576	96972
228581	96972,228576
228625	100205,128885
228820	72109,95010
228966	228962
229099	195187
229358	7107
229534	228335
229536	228335
229566	197641
229612	527559
229729	183746
229730	183746,229729
229732	141709,141691,207418,207419,208504
229938	139964
229947	148142
230190	142994
230271	72993,105590,143149
230669	189923,226282
230898	230897
230899	230897,230898
230900	230897,230898,230899
230901	230897,230898,230899,230900
230902	230897,230898,230899,230900,230901
230914	203526
231210	2473,2769,6815,17045,86073
231357	213418
231497	100403,132734
231578	4884
231889	107529,107535,367470,367471,367468,367469
231971	137693,208756
232646	116461,160124,217632
232884	247,11834,47576,120791,193298,218740
232975	35962,3638,37620
232980	35962,3638,37620,232975
232981	35962,3638,37620,232975,232980
232984	212128,212127
232985	212128,212127,232984
233547	156591
233615	175460
233703	214790
233926	68812,138829,146104,175596
234061	222278
234089	193953
234094	200355
234295	165553,210272
234305	77188,211035
234371	219075,332757
234378	114394,143099
234531	40379,133510,53789,211097,53741,18176
234771	167655
234778	209408
234947	23421,165954,165955,165957,165958,165960
235039	165806,214518
235128	43558,85631,113292,150490
235243	225031
235400	87249,87250,87251,114954,148046,194395
235421	170242,209839
235817	36134
236074	32816,62285,99748,120186,162802,204200
236163	1434,2605,33354
236566	199407,228331
236599	196076
236657	150955,185761,226677,262162,303399
236893	212814
237133	182215,215096
237176	208072,208073,208074,208076,384731,384732
237614	126617,126618,126619,126620,126621,126622
237762	162663,208360
237991	80913,207866
237992	117558
238004	116287
238070	205181
238087	195328,219483
238300	199408
238306	113436
238312	85772,85771
238403	208318,174769
238447	238449
238589	141852,170557,210289
238815	18294,41568
238831	200543
239458	184931,207246,220314,228285
239750	175468,212813
239923	37685,77625
239924	37685,77625
239926	37685,77625
240037	67826
240259	208713
240269	198495
240272	198495,240269
240287	9565,9005,132220
240298	238071
240383	137894,210465
240459	282169,168467,209352
240470	34000
240499	146737
240513	209680
240623	240622
240629	240622,240623
240633	240622,240623,240629
240640	240622,240623,240629,240633
240757	174592
240760	158316
240775	168468,211114
240781	44675
240782	241115
240811	11834,47576,120791,193298,218740,232884
240965	225990
241031	222227
241092	79350,121002
241096	44675,240781
241154	141078
241183	44675,240781,241096
241188	1930
241326	145365,202884
241427	35858,54234,89536,129224,170415,208576
241442	148295,148296,191336
241475	238376,241479,241477,241476
241476	238376,241479,241477
241477	238376,241479
241479	238376
241831	229642
241865	114706
241879	97543,183496,183497,186594,212272
242170	112146,211027
242216	183878
242316	154571
242391	144843
242454	85558,127138,169990,207698
242963	239961
242971	245164
242978	85558,127138,169990,207698,242454
243334	242086
243428	50,9622,4213
243429	50,9622,4213
243430	50,9622,4213
243431	50,9622,4213
243432	9622,4213
243484	137940,169700,180174,202148,219768
243496	226655
243787	14588,28900,127573
244232	189923,226282,230669
244761	110467
244878	93714,115292,148481
244928	211936
244929	211936
244930	211936
244931	211936
244932	211936
244933	211936
245701	197056,499359
245742	184931,207246,220314,228285,239458
245783	223132
246001	221227
246238	93377,141530,146457
246429	186515
246430	186515,246429
246898	54552
246955	246910
246981	208073,208074,208076,384731,384732,237176
247021	247503
247284	228663
247562	126625,126626,126627,126628,399179,213290
247565	247632,247655
247570	247632,247655,247565
247655	247632
247791	229182
247806	183746,229729,229730
247807	25630
247808	177049,204642
247817	205376
247831	172611
247863	247862
248152	133608,173691,205015,227164
248718	248634
248886	246718
248892	246718,248886
249069	463605,463606,463607,463608,463609,463610
249074	247974
249240	187338
249304	232091
249471	170241
249608	190111,223146
250117	78319,95824,152567,199827,216767
250189	140217,177248,219144
250204	193870,214283,223145
250514	229805
250984	225023
251009	168905
251025	221439,226238
251060	211581
251539	193953,234089
251547	221127
251666	225022
251831	181354,204027
252347	228380
252432	96977
252950	199425
253042	190441
253046	698,5651
254361	231526
254470	124649,144087,186881,219654
254762	144357,171068
254986	184931,207246,220314,228285,239458,245742
256155	75055,95445,138180,186257,224720
256668	234195
256721	223235
256838	240580
256863	58984,228259
256948	219955
257126	165413,452017,452018
257497	212022
257507	123335,187225,217069
258099	30627,177693,177694,177695,177696,177697
258191	160970,193874,223081
258256	228663,247284
258326	227230
258329	101269
258391	107451,53760,81579
258519	230092
258717	247953
259605	175605,212851
259628	259626
259874	12703,29307
259877	185789
259939	240622,240623,240629,240633,240640
260322	208074,208076,384731,384732,237176,246981
260496	196973
260625	240439
260680	240038
260733	96972,228576,228581
260770	88287,123568
260772	88287,123568
261048	240974
261082	165394,208321
261195	261147
261493	102694
261535	117489
261536	117489,261535
261537	117489,261535,261536
261807	100858
262125	214790,233703
262162	150955,185761,226677
262276	3909,4840,4841,4281
262277	91205
262382	221062
262490	262487
262518	109677,183747
262519	199423
262684	187700
262708	25961
262714	145131
262732	176509,223541
262897	207195
262918	254982
262940	2585,51928
263324	214741
263750	55770,118335,217300
263756	210324
264358	120701,138834,181089,219759
264588	55100,88348,119279,159826,196053,228046
265712	208709
265792	190589,208400
266349	117282
267437	243097
267540	193953,234089,251539
267598	259553
267615	73083,129844
267988	163114
268320	195328,219483,238087
268430	75015
268450	213418,231357
269023	62285,99748,120186,162802,204200,236074
269069	55426
269263	208078,208079,208080,208084,208081,208085
269265	208078,208079,208080,208084,208081,208085
269548	253693
269550	234449
269824	241181
269918	84171,120236,173849
269940	207246,220314,228285,239458,245742,254986
270060	254788
270081	100040
270139	209955
270175	55144,14766,8621
270413	142994,230190
270473	221062
270671	258340
270749	223148
270777	270776
271072	253831
271073	249243
271151	219200
271248	235204
271652	72109,95010,228820
272188	231722
272921	234413
273458	208079,208080,208084,208081,208085,269263
274234	179949
274248	258340
274394	102523
274395	102523,274394
274601	247086
274716	137693,208756,231971
275392	259432
276051	236597
276432	226014
276641	47576,120791,193298,218740,232884,240811
276792	192428
277105	77625
277162	240962
277163	214790,233703,262125
277168	79093
277169	79093,277168
277170	79093,277168,277169
277171	79093,277168,277169,277170,211271
277172	79093,277168,277169,277170,211271,277171
277174	277168,277169,277170,211271,277171,277172
277176	277169,277170,211271,277171,277172,277174
277177	277170,211271,277171,277172,277174,277176
277178	211271,277171,277172,277174,277176,277177
277179	277171,277172,277174,277176,277177,277178
277180	277172,277174,277176,277177,277178,277179
277181	277174,277176,277177,277178,277179,277180
277182	277176,277177,277178,277179,277180,277181
277183	277177,277178,277179,277180,277181,277182
277184	277178,277179,277180,277181,277182,277183
277185	277179,277180,277181,277182,277183,277184
277192	277191
277193	277191,277192
277436	244008
277541	160219,206052,226250
277954	54433,102134
278031	239816
278202	62893,199373
278569	91205
278571	25961
278572	25961,278571
278573	25961,278571,278572,36318
278661	238006
278815	235612
278826	140001
278898	14652,14876,14877,14878
278899	181354,204027
279087	183492
279202	243916
279232	106264
279268	233797
279321	10385
279347	106264,279232
279354	67756
279356	67756
279457	23686,92382,225604
279468	38429,83250,83252,83253
279469	97543,183496,183497,186594,212272,241879
279470	282169,168467,209352,240459
279471	168468,211114,240775
279472	83124
279473	175468,212813,239750
279474	209680,240513
279475	240778
280180	231526,254361
280380	101820,192978
280442	54234,89536,129224,170415,208576,241427
280601	259553,267598
281086	226014,276432
281240	127448
281271	137937
281272	137937,281271
281277	137937,281271,281272
281282	137937,281271,281272,281277
281283	137937,281271,281272,281277,281282
282000	256114
282434	208069,208070,208071,208072
282634	137937,281271,281272,281277,281282,281283
282635	281271,281272,281277,281282,281283,282634
282684	78405,101442
282734	153197,212361
282737	162673,210391
282740	271256
282744	247953,258717
282762	247841
283053	272475
283093	213418,231357,268450
283169	258340
283300	148235,226644
283480	78319,95824,152567,199827,216767,250117
283522	262678
283643	115908,152091
283655	224762
283782	240738
284258	264320
284428	274613
284510	231247
284546	116461,160124,217632,232646
284641	80913,207866,237991
284819	226615
284838	240428
284907	72993,105590,143149,230271
285109	238988
285130	257369
285379	442368,442367,77218,77219
285410	253048
285422	262865
285664	209764
285666	55770,118335,217300,263750
285757	127563,193619
285762	209548,161702
285784	175457,206925
285901	221127,251547
285936	75055,95445,138180,186257,224720,256155
286123	236790
286600	16926
286670	227240
286675	16926,286600
287049	266787
287123	130129
287124	130129,287123
287125	130131
287126	130131,287125
287127	130131,287125,287126
287316	210811,219143
287488	252655
288274	247086,274601
288281	164869
288282	164869,288281
288311	168123
288780	223124
288833	288831,219578
288866	228884
288914	77139,77140
288915	77139,77140,288914
289031	132817
289033	16804
289034	16804,289033
289035	16804,289033,289034
289102	289101
289131	273551
289601	10243,20813
289906	217660
289907	217660,289906
289944	199423,262519
290099	258340
290215	254890
290980	41658,86670,216310
290993	277518
291039	266455
291042	36116
291043	36116,291042
291095	269537
291109	259553,267598,280601
291412	116287,238004
291479	277627
291494	245665
291635	269549
291642	125899,147920,180485,212363
291643	253581
291646	291645
291650	153197,212361,282734
291651	55579
291844	241967
291945	5426
292016	130131,287125,287126,287127
292052	253250
292073	67826
292219	2886,2887,2888,2889,4293,227739
292233	84872
292238	23686,92382,225604,279457
292316	231414
292522	8401,40081,68269,78799,146408,192680
292573	250724
292861	1972
292871	129943,129948,129949,129950,129951,213760
292877	129948,129949,129950,129951,213760,292871
293008	1044,136336
293049	248175
293359	96380,145951,186254,190537,225868
293421	267658
293470	240962,277162
293614	191115
293616	191115,293614
293617	191115,293614,293616
293618	191115,293614,293616,293617
293619	191115,293614,293616,293617,293618
293620	209687
293624	81569,81574,134971,339977
293653	258340
293658	124649,144087,186881,219654,254470
293902	272027
294106	294104
294108	294104,294106
294135	214265
294288	27568,62281
294703	631184
294773	199425,252950
294820	253250,292052
294836	227718
294872	253693,269548
294877	263194
294880	13603
295039	137313,137314,137315,137316,137317,137318
295421	84171,120236,173849,269918
295811	226014,276432,281086
295884	276788
295918	5649,85204
296129	276788
296178	221539
296258	271256,282740
296261	266794
296295	246431
296307	442368,442367,77218,77219,285379
296308	277105
296442	96380,145951,186254,190537,225868
296702	99748,120186,162802,204200,236074,269023
296739	240386
296820	116461,160124,217632,232646,284546
296875	104906
297094	88348,119279,159826,196053,228046,264588
297224	273843
297225	262943
297257	245719
297259	140217,177248,219144,250189
297261	236790,286123
297342	266372
297344	273834
297459	197162
297464	221295
297828	287426
297969	289,288
298070	233593,312629
298425	270242
298477	203526
298505	271257
298525	156591
298695	100565
298698	64140,100517
299139	55144,14766,8621
299263	214741,263324
299277	124649,144087,186881,219654,254470,293658
299378	219779
299655	291233
299687	53740
300075	230897,230898,230899,230900,230901,230902
300837	228663,247284,258256
301233	198395,226507
301565	87250,87251,114954,148046,194395,235400
301568	87251,114954,148046,194395,235400,301565
301700	175468,212813,239750,279473
301740	273844
301776	225156
301779	225156,301776
301799	238376,241479,241477,241476,241475
301845	264310
301852	264310,301845
301853	264310,301845,301852
301854	264310,301845,301852,301853
301855	264310,301845,301852,301853,301854
302128	49131,76325,228254
302136	137693,208756,231971,274716
302152	302151
302153	302148
302155	302148,302153
302286	1600
302373	57978,100405
302438	204862
302439	204862,302438
302440	204862,302438,302439
302442	204862,302438,302439,302440
302443	204862,302438,302439,302440,302442
302444	204862,302438,302439,302440,302442,302443
302445	302438,302439,302440,302442,302443,302444
302446	302439,302440,302442,302443,302444,302445
302447	302440,302442,302443,302444,302445,302446
302523	239816,278031
302572	255526
302639	101820,192978,280380
302673	302672
302738	195328,219483,238087,268320
302766	268545
302797	95095,106314,179097,203812
302802	112905,154073
302875	159690
303135	37295
303172	241112
303399	150955,185761,226677,262162
303435	209680,240513,279474
303507	295939
303551	38429,83250,83252,83253,279468
303799	269422
303864	236224
303877	239180
303878	239180,303877
303880	239180,303877,303878
303885	183496,183497,186594,212272,241879,279469
303891	168468,211114,240775,279471
303899	161698,161699,161700,161701,180288,193065
303901	161699,161700,161701,180288,193065,303899
303902	161700,161701,180288,193065,303899,303901
303963	246914
304003	304002
304004	304002,304003
304051	256649
304087	531,1269,1270
304195	221439,226238,251025
304669	291645,291646
304670	234080
304727	324,326,212610
304838	304835
304840	304835,304838
305059	186515,246429,246430
305402	160970,193874,223081,258191
305544	240439,260625
305545	240439,260625,305544
305546	240439,260625,305544,305545
305547	240439,260625,305544,305545,305546
305548	240439,260625,305544,305545,305546,305547
305549	260625,305544,305545,305546,305547,305548
305550	305544,305545,305546,305547,305548,305549
305551	305545,305546,305547,305548,305549,305550
305577	239904
305578	253250,292052,294820
305743	49811,208408,25587
305744	49811,208408,305743,25587
305943	222278,234061
305946	222278,234061,305943
305960	143659,143662,187050,222960
306193	2784,2785
306250	195187,229099
306594	306590
306737	247953,258717,282744
306767	253831,271072
306876	190111,223146,249608
306908	223235,256721
306909	282742
306971	43951,83402,113134,147466
307088	199425,252950,294773
307305	247632,247655,247565,247570,307319
307319	247632,247655,247565,247570
307354	96972,228576,228581,260733
307361	307360
307402	175546
307749	240778,279475
307925	274133
307982	223148,270749
308028	253693,269548,294872
308545	233593,312629,298070
308731	297555
308824	305546,305547,305548,305549,305550,305551
308826	269551
308948	271256,282740,296258
309002	47576,120791,193298,218740,232884,240811
309056	264089
309092	80913,207866,237991,284641
309235	309234
309236	309234,309235
309237	309234,309235,309236
309304	281408
309331	10413
309600	224641
309838	190111,223146,249608,306876
309868	37859
309910	139408,212609
309937	281272,281277,281282,281283,282634,282635
310150	310817,310818
310194	177998,185837
310263	276788,295884
310687	283642
310760	56995
310818	310817
310899	219955,256948
310927	208079,208080,208084,208081,208085,269265
311021	178642
311162	311160
311199	377557,377558,377609,377608,377554
311672	165251
311713	241763
311724	269537
311759	109328,195937
311770	205534
311772	205534,311770
311777	247425
311778	247425,311777
311798	377557,377558,377609,377608,377554,311199
311817	239904,305577
311822	240622,240623,240629,240633,240640,259939
311836	311832
311844	195187,229099,306250
311978	210811,219143,287316
312114	240623,240629,240633,240640,259939,311822
312310	175457,206925,285784
312314	291206
312370	189923,226282,230669,244232
312435	245719
312437	224641,309600
312537	183957
312579	269539
312581	91612
312629	233593
312700	244008,277436
312958	274646
313634	223147
313649	288831,219578,288833
313673	442368
313852	272510
313935	253581,291643
313937	109677,183747,262518
313974	258340
314183	53786,382230,382935
314522	240962,277162,293470
314562	305547,305548,305549,305550,305551,308824
315026	143694
315262	297758
315263	223129
315516	266455,291039
315574	212003
315744	299498
315745	296076
315804	247841,282762
316103	3638,37620,232975,232980,232981,181834
316105	95445,138180,186257,224720,256155,285936
316108	291842
316131	231722,272188
316170	176509,223541,262732
316182	217405
316183	291645,291646,304669
316247	140001,278826
316484	316515
316516	316515
316612	3515,14996
316709	114161,146923,177094,209060,209062
316765	277187,668133,668134
316787	259553,267598,280601,291109
316962	274653,528037
317042	271145
317613	248175,293049
317615	978,1741,4450,8082,46012,120369
317694	217573
317852	62893,199373,278202
317877	220342
317878	220342,317877
317879	270235
318238	259432,275392
318579	302157
318582	145912
319252	297022
319390	54552,246898
320031	2769,6815,17045,86073,231210,405652
320215	269545
320217	269552
320218	247977
320219	269546
320242	223147,313634
320413	10997
320414	10997,320413
320415	10997,320413,320414
320416	10997,320413,320414,320415
320417	10997,320413,320414,320415,320416
320418	10997,320413,320414,320415,320416,320417
320419	320413,320414,320415,320416,320417,320418
320420	320414,320415,320416,320417,320418,320419
320421	320415,320416,320417,320418,320419,320420
320422	320416,320417,320418,320419,320420,320421
320423	320417,320418,320419,320420,320421,320422
320424	320418,320419,320420,320421,320422,320423
320427	320419,320420,320421,320422,320423,320424
320456	175568,226806
320493	249637
320733	243097,267437
320839	271687
320843	126618,126619,126620,126621,126622,237614
320844	126619,126620,126621,126622,237614,320843
320857	119279,159826,196053,228046,264588,297094
321092	95824,152567,199827,216767,250117,283480
321387	289829
321686	32816,62285,99748,120186,162802,204200
322518	261806
322859	301469
322876	39507
322879	39507,322876
322880	39507,322876,322879
322926	262112
322967	104906,296875
323398	118473,118474,149647
323651	297624
323874	259553,267598,280601,291109,316787
323960	190441,253042
324269	316789
324271	221539,296178
324278	425176
324300	79973,106051,168748,222400
324720	1608
324786	267432
325097	5977,6995,6997,187976
325329	234449,269550
325402	221539,296178
325585	277554
325638	227240
325647	254890,290215
325702	267162
325703	267162
325704	267162,325703,325702
325705	267162,325703,325702,325704
326151	269549,291635
326500	287426,297828
326867	238006
326874	116287,238004,291412
327207	293633
327242	209680,240513,279474,303435
327568	208081,208085,269263,273458,328079,328080
328028	286349
328079	208080,208084,208081,208085,269263,273458
328080	208084,208081,208085,269263,273458,328079
328195	245665,350764
328197	175525,208370
328512	233593,312629,298070,308545
328516	225880
328707	281277,281282,281283,282634,282635,309937
329116	282736
329158	306914
329160	244008,277436
329227	294290
329407	208709,265712
329436	84872,292233
329948	531,1269,1270
330042	306210
330054	292222
330057	50814
330179	271257,298505
330480	282741
330869	137693,208756,231971,274716,302136
330886	223235,256721,306908
331033	289,288,297969
331074	282995
331075	282995
331076	282995,331075
331164	2784,2785,306193
331200	269537,291095
331202	267381
331347	282738
331479	266794,296261
331489	256114,282000
331647	259037
331648	259037,331647
331652	11973,31416,89488,138754
331751	190441,253042,323960
331752	55770,118335,217300,263750,285666
331887	302189
331893	294878
331894	291645,291646,304669,316183
331935	316607
331936	93377,141530,146457,246238
331945	137314,137315,137316,137317,137318,295039
332261	43558,85631,113292,150490,235128
332402	162673,210391,282737
332757	219075
332758	219075,332757,234371
332760	219075,332757,234371,332758
332761	219075,332757,234371,332758,332760
332762	219075,332757,234371,332758,332760,332761
332973	220989
333033	83124,279472
333301	333300
333302	333300,333301
333379	320420,320421,320422,320423,320424,320427
333624	333623
333707	274613,284428
333716	241265
333853	192252
334105	9717
334203	72109,95010,228820
334399	39024
334400	39024,334399
334401	39024,334399,334400
334402	39024,334399,334400,334401
334921	38429,83250,83252,83253,279468,303551
335032	244008,277436
335160	269537,291095
335279	335276
335280	331651
335389	112146,211027,242170
335390	112146,211027,242170,335389
335502	9565,9005,132220
335579	296659
335671	208355
335676	208355,335671
335677	208355,335671,335676
335678	208355,335671,335676,335677
335726	335725
335728	335725,335726
336025	306706
336231	336230
336232	336230,336231
336233	336230,336231,336232
336234	336230,336231,336232,336233
336235	336230,336231,336232,336233,336234
336268	558706
336281	209548,161702,285762
336340	244239
337430	24274,36359,36360,115661,219164
337565	208070,208071,208072
337586	1860,1861
337810	142994,230190,270413
337814	253831,271072,306767
338150	300685
338201	152567,199827,216767,250117,283480,321092
338270	331692
338400	246431,296295
338802	38072
339213	294290,329227
339462	282995,331075,331076
339466	316789,324269
339515	167655
339619	301156
339620	301156,339619
339694	311615
339708	240962,277162,293470,314522
339915	334585
339916	318541
339977	81569,81574,134971
339998	159690,302875
340288	67826
340526	222914
340677	3909,4840,4841,4281
340821	320222
340842	267732
340851	259553,267598,280601,291109,316787,323874
340867	315456
340940	247425,311777,311778
341139	273843,297224
341141	3128,3129
341275	325866
341311	320224
341360	233593,312629,298070,308545,328512
341695	208355,335671,335676,335677
341696	208355,335671,335676,335677,335678
341937	328466
342667	135275,174043
343136	244226
343182	221227,246001
343183	109677,183747,262518,313937
343184	245719,312435
343186	160219,206052,226250,277541
343187	153197,212361,282734,291650
343244	208085,269263,273458,328079,328080,327568
343589	313213
343996	304150
344492	269552,320217
344748	148319
345761	281282,281283,282634,282635,309937,328707
345781	153197,212361,282734,291650,343187
345803	252950,294773,307088,356976,407787
345804	190111,223146,249608,306876,309838
345805	210811,219143,287316,311978
345806	153196,217235
345807	214741,263324,299263
345808	223148,270749,307982
345809	291206,312314
345810	286339
345811	244224
345812	328514
345813	244231
345814	244229
345891	286349,328028
345972	286963
346982	322900
347191	43951,83402,113134,147466
347340	8199
347364	8199,347340
347693	314041
347887	219200,271151
347888	219200,271151,347887
348128	297954
348240	223147,313634
348376	3828
348384	294202
348537	328514
348699	273844,301740
349064	349063
349068	349067
349069	349067
349073	349072
349074	349072
349075	349072,349073
349076	349072
349084	316957
349093	2609,91946,174186
349223	264089,309056
349227	278571,278572,36318,278573,101799,169850
349319	327055
349387	327772
349388	327772,349387
349389	327772,349387,349388
349616	194877
349644	316789,324269,339466
350235	317275
350613	429333,429334,429335
350764	245665
350771	304319
350795	269545,320215
350796	247086,274601,288274
350880	208085,269263,273458,328079,328080,327568
351122	223129,315263
351283	281408,309304
351349	292273
351389	197260
351897	4631
351943	292298
352153	221021
352336	1939,22679
352905	54552,246898
352950	193267
353181	252655,287488
353266	27568,62281,294288
353605	158316,240760
353655	145365,202884,241326
353748	10941,52129,197417
353906	209548,161702,285762,336281
354042	309753
354146	306742
354327	193267,352950
354780	55144,14766,8621
355470	240738,283782
355798	301541
355802	305579
355803	320851
356413	144357,171068,254762
356529	195711,211228
356670	101820,192978,280380,302639
356793	291195
356976	199425,252950,294773,307088
357466	193267,352950,354327
357754	32488
358514	301476
358555	294868
358570	212333
358648	269546,320219
358666	307288
358689	294864
358735	221021,352153
358742	247977,320218
358801	335036
358909	159159
358934	93377,141530,146457,246238,331936
359527	247841,282762,315804
359770	306210,330042
359771	306210,330042,359770
360077	214790,233703,262125,277163
360080	324476
360121	213111
360140	332291
360756	360757
360773	175457,206925,285784,312310
360783	308936
361027	261806,322518
361095	221127,251547,285901
361110	59583,104468,148181,217629
361290	343125
361384	143694
361385	143694
362335	218712
362559	137315,137316,137317,137318,295039,331945
362733	199827,216767,250117,283480,321092,338201
363101	266794,296261
363242	335225
363263	293532
363286	498930
363400	309899
363401	226615,284819
363569	333442
363600	212279
363801	2936
363810	247953,258717,282744,306737
363880	333598
363959	330894
364522	84872,292233
364844	292969
364862	177049,204642,247808
364932	159826,196053,228046,264588,297094,320857
365331	286349,328028
365572	292527
365705	175525,208370
365706	175525,208370
365782	596840,596841
365856	183497,186594,212272,241879,279469,303885
366189	333267
366215	254890,290215,325647
366228	366227
366256	54552,246898
366332	333267,366189
366527	146923,177094,209060,209062
367468	81109,107529,107535,367470,367471
367469	81109,107529,107535,367470,367471,367468
367470	81109,107529,107535
367471	81109,107529,107535,367470
367473	367472
367712	109677,183747,262518,313937,343183
368289	308588
368802	28066,31836,84756,219986,5753,22346
368985	291213
369304	294993
369768	245665,350764,328195
370350	282995,331075,331076,339462,331074
370351	282995,331075,331076,339462,331074,370350
371546	214272
372925	368834
373089	373088
373090	373088,373089
373091	373088,373089,373090
373247	277554,325585
373266	214272,371546
373267	329906
373787	314518
375511	323655
375512	132817,289031
375541	62893,199373,278202,317852
375671	161701,180288,193065,303899,303901,303902
375913	43558,85631,113292,150490,235128,332261
376008	320052
376215	107070
376399	326505
376433	185762
376666	358753
376674	267598,280601,291109,316787,323874,340851
376675	316789,324269,339466,349644
376739	55770,118335,217300,263750,285666,331752
377507	10385,279321
377554	377557,377558,377609,377608
377556	299372
377558	377557
377608	377557,377558,377609
377609	377557,377558
377775	129949,129950,129951,213760,292871,292877
377777	377776
377962	46458,139317,139318,141616
378091	253693,269548,294872,308028
378101	211723
378125	246914,303963
378347	368541
378475	364864
378504	231247,284510
378797	308558
379023	223148,270749,307982,345808
379605	43523,147686,147683
379838	114954,148046,194395,235400,301565,301568
379840	148046,194395,235400,301565,301568,379838
380506	269389
380580	186567
380792	192978,280380,302639
381157	327771
381165	380722,115985
381846	459695
382126	266372,297342
382137	83250,83252,83253,279468,303551,334921
382230	53786
382836	40814
382935	53786,382230
383209	282742,306909
384280	218453
384723	208081,208085,269263,273458,328079,328080
384726	237176,246981,384738,384748,384757,384761
384727	246981,384738,384748,384757,384761,384726
384728	384738,384748,384757,384761,384726,384727
384731	208070,208071,208072,208073,208074,208076
384732	208071,208072,208073,208074,208076,384731
384733	208072,208073,208074,208076,384731,384732
384734	208073,208074,208076,384731,384732,384733
384735	208074,208076,384731,384732,384733,384734
384736	208076,384731,384732,237176,246981,260322
384737	384731,384732,237176,246981,260322,384736
384738	208074,208076,384731,384732,237176,246981
384739	208076,384731,384732,237176,246981,384738
384740	384731,384732,237176,246981,384738,384739
384741	384732,237176,246981,384738,384739,384740
384743	237176,246981,384738,384739,384740,384741
384744	246981,384738,384739,384740,384741,384743
384748	208076,384731,384732,237176,246981,384738
384753	384731,384732,237176,246981,384738,384748
384755	384732,237176,246981,384738,384748,384753
384756	237176,246981,384738,384748,384753,384755
384757	384731,384732,237176,246981,384738,384748
384758	384732,237176,246981,384738,384748,384757
384759	237176,246981,384738,384748,384757,384758
384760	246981,384738,384748,384757,384758,384759
384761	384732,237176,246981,384738,384748,384757
384762	237176,246981,384738,384748,384757,384761
384767	208071,208072
385006	208394,208395,208396
385455	340837
385541	325178
385706	364859
386195	115908,152091
386267	293633,327207
386949	328466,341937
386950	286186
387104	208325
387612	328518
387921	54603
387931	54603,387921
388329	291645,291646,304669,316183,331894
388330	291645,291646,304669,316183,331894,388329
388469	2496
389052	98367
389466	49131,76325,228254,302128
389474	248175,293049,317613
389538	316789,324269,339466,349644,376675
389821	295939,303507
389998	354682
390312	367726
390395	138180,186257,224720,256155,285936,316105
390555	8402
390859	193953,234089,251539
390895	294873
391079	228884,288866
392350	10220,208055,208057,208058,208056,208059
392661	341513
392711	212814,236893
393010	325727
393947	233593,312629,298070,308545,328512,341360
394167	290897
394412	107535,367470,367471,367468,367469,231889
394413	367470,367471,367468,367469,231889,394412
394414	367471,367468,367469,231889,394412,394413
394621	84171,120236,173849,269918,295421
394784	255980
394996	300839
395269	189923,226282,230669,244232,312370
395284	214741,263324,299263,345807
395285	224641,309600,312437
395289	366897
395441	361425
395543	307360
395547	307360
395782	85631,113292,150490,235128,332261,375913
395810	301477
395855	274613,284428,333707
395881	46131
396016	84171,120236,173849,269918,295421
396302	37685,77625
396407	292503
396443	209680,240513,279474,303435,327242,396444
396444	209680,240513,279474,303435,327242
396487	347804
396699	314041,347693
396988	228378
397125	221295,297464
398263	23611
398804	253581,291643,313935
398815	398813
398816	398813,398815
398949	319513
398951	333158
399179	76190,126624,126625,126626,126627,126628
399379	171364
399383	171364,399379
399820	210864
400576	231414,292316
400775	393857
401783	296076,315745
401786	241112,303172
401970	316795
402009	334585,339915
402136	303195
402199	380466
402216	402212
402223	116287,238004,291412,326874
402358	358571
402425	240629,240633,240640,259939,311822,312114
402540	390888
402649	316789,324269,339466,349644,376675,389538
402656	240038
402657	247086,274601,288274,350796
402739	280601,291109,316787,323874,340851,376674
402835	327772,349387,349388,349389
403046	297088
403225	50814,330057
403238	349441
403251	244224,345811
403430	244008,277436
403503	27568,62281,294288,353266
403671	381384
403696	240738,283782,355470
403697	379513
403734	364857
403736	364856
403743	364859,385706
403770	386680
403774	387613
403801	243097,267437,320733
404284	297340
404427	46458,139317,139318,141616
404480	306742,354146
405136	269549,291635,326151
405210	156591,298525
405211	269545,320215,350795
405213	320241
405214	247977,320218,358742
405216	312352
405226	320230
405227	242736
405278	383864
405302	214790,233703,262125,277163,360077
405493	391849
405639	399354
405652	2473,2769,6815,17045,86073,231210
405785	207195,262897
405806	332188
406266	126509,126510,126511,50159,126512,126513
406268	126510,126511,50159,126512,126513,406266
406270	208055,208057,208058,208056,208059,392350
406306	223147,313634,348240
406466	358573
406514	354026
406521	358638
406628	319739
406800	402212,402216
406820	126511,50159,126512,126513,406266,406268
406822	50159,126512,126513,406266,406268,406820
406824	126512,126513,406266,406268,406820,406822
406826	126513,406266,406268,406820,406822,406824
406827	406266,406268,406820,406822,406824,406826
406863	358692
406897	406893
406899	406893,406897
406920	377537
407017	199425,252950,294773,307088,356976,407787
407236	225156,301776,301779
407308	373904
407332	212003,315574
407340	23686,92382,225604,279457,292238
407561	259432,275392,318238
407573	239816,278031,302523
407787	199425,252950,294773,307088,356976
408511	354026,406514
408883	296659,335579
408897	312297
409282	244334
409323	196053,228046,264588,297094,320857,364932
409383	231722,272188,316131
410020	320423,320424,320427,333379,410023,410024
410023	320421,320422,320423,320424,320427,333379
410024	320422,320423,320424,320427,333379,410023
410486	286186,386950
411082	190589,208400,265792
411246	40081,68269,78799,146408,192680,292522
411247	68269,78799,146408,192680,292522,411246
411253	208085,269263,273458,328079,328080,384723
411268	354190
411427	329906,373267
411450	10339,186034
411599	411462
411600	411462,411599
411969	180288,193065,303899,303901,303902,375671
411977	193065,303899,303901,303902,375671,411969
412008	350224
412144	359980
412300	56626
412916	1600,302286
413594	313213,343589
413616	176509,223541,262732,316170
413619	312629,298070,308545,328512,341360,393947
413635	364468
413755	214790,233703,262125,277163,360077,405302
414005	240738,283782,355470
414188	151502,151503,151504
414478	473525
414590	366250
414597	241112,303172,401786
414742	302442,302443,302444,302445,302446,302447
414743	302443,302444,302445,302446,302447,414742
414746	302444,302445,302446,302447,414742,414743
414753	367726,390312
414866	310817,310818,310150
414969	379456
414975	337449
415065	388088
415333	9271
415482	203526,298477
415488	9271,415333
415679	312298
415728	43523,147686,147683
415749	358663
415779	118335,217300,263750,285666,331752
416176	9271,415333,415488
416177	9271,415333,415488,416176
416178	9271,415333,415488,416176,416177
416180	9271,415333,415488,416176,416177,416178
416181	415333,415488,416176,416177,416178,416180
416182	415488,416176,416177,416178,416180,416181
416183	416176,416177,416178,416180,416181,416182
416188	416177,416178,416180,416181,416182,416183
416189	416178,416180,416181,416182,416183,416188
416190	416180,416181,416182,416183,416188,416189
416204	416181,416182,416183,416188,416189,416190
416205	416182,416183,416188,416189,416190,416204
416206	416183,416188,416189,416190,416204,416205
416207	416188,416189,416190,416204,416205,416206
416208	416189,416190,416204,416205,416206,416207
416209	416190,416204,416205,416206,416207,416208
416210	416204,416205,416206,416207,416208,416209
416313	416205,416206,416207,416208,416209,416210
416314	416206,416207,416208,416209,416210,416313
416315	416207,416208,416209,416210,416313,416314
416316	416208,416209,416210,416313,416314,416315
416317	416209,416210,416313,416314,416315,416316
416739	416737
417286	116142
417287	116142,417286
417345	116142,417286,417287
417346	116142,417286,417287,417345
417350	116142,417286,417287,417345,417346
417355	116142,417286,417287,417345,417346,417350
417358	417286,417287,417345,417346,417350,417355
417407	18513
417410	13264
418229	145946
418359	368625
418484	341168
419209	331075,331076,339462,331074,370350,370351
419211	331075,331076,339462,370350,370351,419209
419826	419825
419846	329114
419872	364450
419874	267366
421357	366227,366228
421842	286353
422178	422176
422759	245665,350764
423036	358660
423621	3425,2782,202661
423649	208072
423976	390888,402540
424242	297954,348128
424372	266794,296261,363101
424453	4243,15946,15957
424454	11779,27332,55100,88348,119279,159826
424486	291646,304669,316183,331894,388329,388330
424557	244239,336340,583978
424853	41982,133215
424892	408013
424989	324269,339466,349644,376675,389538,402649
424998	177094,209060,209062,366527
425129	318599
425179	2725
425211	248175,293049,317613
425355	1763,12620,126024
425358	425357
425587	150955,185761,226677,262162,303399,236657
425590	164980
425604	374563
425605	277518
425638	232072
425916	351373
425935	425934
425936	83252,83253,279468,303551,334921,382137
425937	322900,346982
425969	292298,351943
425992	315069
425998	140001,278826,316247
426044	240513,279474,303435,327242,396444,396443
426049	295862
426100	388170
426123	341163
426156	373390
426239	240038
426531	357210
426815	144357,171068,254762,356413
427233	256114,282000
427235	1940,183891
427329	308936,360783
427360	408935
427943	302445,302446,302447,414742,414743,414746
428130	388781
428418	374206
429332	429333,429334,429335,350613,429337,429338
429334	429333
429335	429333,429334
429337	429333,429334,429335,350613
429338	429333,429334,429335,350613,429337
429921	391849,405493
429938	92704,96894,171938
430150	430148
430298	335729
430508	430507
430656	194395,235400,301565,301568,379838,379840
430660	235400,301565,301568,379838,379840,430656
430663	406268,406820,406822,406824,406826,406827
430664	406820,406822,406824,406826,406827,430663
431388	44676
431809	364859,385706,403743
432044	400776
432478	255714
432638	272905
432751	216767,250117,283480,321092,338201,362733
432776	328514,345812
433729	231722,272188,316131
434960	405306
434961	385187
435075	109677,183747,262518,313937,343183,367712
435076	319284
436008	416737
436597	269263,273458,328079,328080,384723,411253
436681	291109,316787,323874,340851,376674,402739
436940	103075
438038	293730
438039	293730,438038
438125	199603,438914
438162	116145
438164	116145,438162
438167	116145,438162,438164
438170	116145,438162,438164,438167
438173	116145,438162,438170,438164,438167
438221	232091,249304
438222	232091,249304,438221
438655	438653
438747	72297
438914	199603
439022	128500,128501,128502,128504,181400,209262
439023	128501,128502,128504,181400,209262,439022
439024	128502,128504,181400,209262,439022,439023
439025	128504,181400,209262,439022,439023,439024
439026	181400,209262,439022,439023,439024,439025
439027	209262,439022,439023,439024,439025,439026
439028	439022,439023,439024,439025,439026,439027
439197	1939,22679,352336
439252	439250
439332	264319
439333	264319,439332
439334	264319,439332,439333
439336	264319,439332,439333,439334
439337	264319,439332,439333,439334,439336
439340	26224,26225,140626,140627
439341	26224,26225,140626,140627,439340
439359	288831,219578,288833,313649
439362	126626,126627,126628,399179,213290,247562
439363	126627,126628,399179,213290,247562,439362
439364	126628,399179,213290,247562,439362,439363
439366	399179,213290,247562,439362,439363,439364
439374	259037,331647,331648
439375	287426,297828,326500
439376	300449
439377	300449,439376
439378	335276,335279
439550	439551
439841	46742
439842	46742,439841
440072	291206,312314,345809
440505	216799,219468,226559
440506	216799,219468,226559,440505
440507	216799,219468,226559,440505,440506
440508	216799,219468,226559,440505,440506,440507
440661	130059,585199,585201,585202,585204
440878	327772,349387,349388,349389,402835
440879	327772,349387,349388,349389,402835,440878
440880	349387,349388,349389,402835,440878,440879
440881	349388,349389,402835,440878,440879,440880
441139	331646
441140	93377,141530,146457,246238,331936,358934
441141	295939,303507,389821
441144	337771
441148	441146
441149	329191
441150	329191,441149
441153	384748,384757,384761,384726,384727,384728
441154	384757,384761,384726,384727,384728,441153
441156	384761,384726,384727,384728,441153,441154
441233	301541,355798
441661	414166
441662	23452
441795	394260
441862	278572,36318,278573,101799,169850,349227
441939	245665,350764,328195,369768
442359	208093
442360	208093,442359
442361	208093,442359,442360
442362	208093,442359,442360,442361
442367	442368
442523	210864,399820
442553	358741
442614	296659,335579
442615	296659,335579
442616	296659,335579
442673	398943
442688	1639,607653
442910	405222
443045	443044
443046	443044,443045
443048	443044,443045,443046
443049	443044,443045,443046,443048
443106	221127,251547,285901,361095
443147	407713
443428	386809
443446	325808
443493	389571
443676	259,891,12536,23495,174638,203387
443867	153197,212361,282734,291650,343187,345781
444049	883,100526
444464	444463
444465	444463,444464
444557	277554,325585,373247
444949	444942
444979	444962
445249	444962,444979
445250	444962,444979
445276	323983
445277	323983,445276
445278	323983,445276,445277
445279	323983,445276,445277,445278
445283	259432,275392,318238,407561
445284	323983,445276,445277,445278,445279
445288	386626
445375	244226,343136
445680	438229
445681	223147,313634,348240
445821	226750
445878	400914
445903	328447
446035	213290,247562,439362,439363,439364,439366
446249	101820,192978,280380,302639
446618	368116
447954	402659
448366	254890,290215,325647,366215
448535	223148,270749,307982,345808,379023
448619	405219
448620	328514,345812,432776
448623	358769
448624	316787,323874,340851,376674,402739,436681
448676	298070,308545,328512,341360,393947,413619
448677	308545,328512,341360,393947,413619,448676
448950	345056
449338	306019
449343	311673
449344	281283,282634,282635,309937,328707,345761
449346	183957,312537
449349	345868
449353	212361,282734,291650,343187,345781,443867
449354	11683
449355	244224,345811,403251
449381	311687
449393	345889
449437	314041,347693,396699
449570	380466,402199
449824	378809
450927	373923
451191	309708
451460	209955,270139
451461	242736,405227
451756	141530,146457,246238,331936,358934,441140
451757	146457,246238,331936,358934,441140,451756
451758	246238,331936,358934,441140,451756,451757
451858	347804,396487
451984	451982
452017	165413
452018	165413,452017
452392	1147
452627	277518
452706	452702
452836	388088,415065
453060	403738
453140	2790,9757
453308	358741,442553
453309	328512,341360,393947,413619,448676,448677
453312	399282
453314	320241,405213
453861	240633,240640,259939,311822,312114,402425
454033	212333,358570
454083	297168
454237	137316,137317,137318,295039,331945,362559
454684	428735
454783	269263,273458,328079,328080,327568
455066	416737,436008
455262	242736,405227,451461
455340	261806,322518
455617	392973
455626	377125
455677	132817,289031,375512
455725	336230,336231,336232,336233,336234,336235
455835	327055,349319
455981	292222,330054
456042	401301
456077	328313
456163	293847
456164	358724
456166	358668
456167	269545,320215,350795,405211
456251	400776,432044
456336	242741
456601	156591,298525,405210
457326	1600,302286,412916
457549	430135
457995	406197
458225	306210,330042,359770,359771
458596	386947
458673	377769
458684	364822
458927	364859,385706,403743,431809
458928	364857,403734
458932	403738,453060
458935	403607
458937	379513
458944	361425,395441
458978	240738,283782,355470,403696
458979	240738,283782,355470,403696,458978
458980	240738,283782,355470,403696,458978,458979
458981	380473
458982	364856,403736
459379	422501
459435	9565,9005
459591	443326
459592	443326,459591
459593	443326,459591,459592
459594	443326,459591,459592,459593
459595	443326,459591,459592,459593,459594
459596	443326,459591,459592,459593,459594,459595
459601	397025
459708	92110
460176	460175
460177	445304
460178	445304,460177
460457	320424,320427,333379,410023,410024,410020
460503	221295,297464,397125
461494	461493
461497	461493,461494
461498	461493,461494,461497
461499	461493,461494,461497,461498
461501	461493,461494,461497,461498,461499
461502	461493,461494,461497,461498,461499,461501
461504	461494,461497,461498,461499,461501,461502
461505	461497,461498,461499,461501,461502,461504
461507	461498,461499,461501,461502,461504,461505
461509	461499,461501,461502,461504,461505,461507
461510	461501,461502,461504,461505,461507,461509
461585	358557
461763	187700,262684
461916	416737,436008,455066
462295	373904,407308
462459	393238
462604	126620,126621,126622,237614,320843,320844
462879	69081
462881	69081,462879
463370	126711,126712,126713,126714,126716
463371	126712,126713,126714,126716,463370
463372	126713,126714,126716,463370,463371
463373	126714,126716,463370,463371,463372
463374	126716,463370,463371,463372,463373
463375	126716,463370,463371,463372,463373,463374
463376	463370,463371,463372,463373,463374,463375
463377	463371,463372,463373,463374,463375,463376
463589	345836
463604	337454
463605	337454,463604
463606	337454,463604,463605
463607	337454,463604,463605,463606
463608	337454,463604,463605,463606,463607
463609	337454,463604,463605,463606,463607,463608
463610	463604,463605,463606,463607,463608,463609
463611	463606,463607,463608,463609,463610,249069
463612	463607,463608,463609,463610,249069,463611
463613	463608,463609,463610,249069,463611,463612
463618	337456
463619	337456,463618
463621	259617
463623	259617,463621
463624	205211,205212
463626	439095
463627	439095,463626
463778	116287,238004,291412,326874,402223
464007	271256,282740,296258,308948
464480	273458,328079,328080,384723,411253,436597
464593	277551
465125	465124
465353	392347
465354	392347,465353
465355	392347,465353,465354
465356	392347,465353,465354,465355
465694	250117,283480,321092,338201,362733,432751
465709	286963,345972
465773	285813
465871	295939,303507,389821,441141
465873	331646,441139
465891	199425,252950,294773,307088,356976,407787
465899	335283
465903	193267,352950,354327,357466
465904	193267,352950,354327,357466,465903
465905	193267,352950,354327,357466,465903,465904
466296	358573,406466
466769	271257,298505,330179
466770	271257,298505,330179,466769
466773	306706,336025
466775	240962,277162,293470,314522,339708
466777	368541,378347
466778	286354
466780	306706,336025,466773
466782	240962,277162,293470,314522,339708,466775
467703	25630,247807
467713	413806
467784	228046,264588,297094,320857,364932,409323
467803	425601
467930	240038
467954	25834,50811,90512,163711,170689
468758	339904
468838	468830
468839	468830,468838
469104	276788,295884,310263
469280	364996
469399	229134
469401	469400
469405	23446
469436	469434
469530	320427,333379,410023,410024,410020,460457
469901	455912
469995	262826
470599	363102
470660	321885
470738	364252
470777	406160
470874	403722
470905	122019,189936,189937,193467
471345	329114,419846
471439	246981,384738,384748,384753,384755,384756
471440	384738,384748,384753,384755,384756,471439
471441	384748,384753,384755,384756,471439,471440
471493	378809,449824
471578	266794,296261,363101,424372
471769	292298,351943,425969
471778	339466,349644,376675,389538,402649,424989
471779	349644,376675,389538,402649,424989,471778
471792	451559
471793	424379
471844	425990
471868	11973,31416,89488,138754
471926	401960
472331	411426
472741	294993,369304
473412	54552,246898
473413	54552,246898
473414	246898
473526	473525,414478
473672	304669,316183,331894,388329,388330,424486
473673	456298
473769	303899,303901,303902,375671,411969,411977
473805	365297
474371	266301
474841	419828
474954	389147
475354	138829,146104,175596
476514	430507,430508
476536	430148,430150
476542	217660,289906,289907
476683	325178,385541
477747	142994,230190,270413,337810
478192	478190
478193	478190,478192
478409	298070,308545,328512,341360,393947,413619
478434	226758
478642	226758,478434
478643	226758,478434,478642
478644	226758,478434,478642,478643
478646	226758,478434,478642,478643,478644
479011	373904,407308,462295
479013	358741,442553,453308
479015	472604
479479	448621
481211	345802
481295	130059,585199,585201,585202,585204,440661
481354	481353
481356	481355
481662	180710,219377
481865	379456,414969
481869	241479,241477,241476,241475,301799,481870
481870	238376,241479,241477,241476,241475,301799
482744	422178,422176
482745	422178,482744,422176
483362	425222
483785	205539
483789	205539,483785
483871	242736,405227,451461,455262
484191	422505
484412	245665,350764
484623	356774
485353	241520
485355	241520,485353
485356	241520,485353,485355
485357	241520,485353,485355,485356
485361	485359
485782	420084
485990	273843,297224,341139
486054	357962
486083	454505
486102	192978,280380,302639,380792
486311	415772
486345	10339,186034,411450
486347	420628
486456	393038
486477	249245
486676	457956
486763	443112
487318	303078
487522	395657
487630	390353
487684	390980
487716	62893,199373,278202,317852,375541
487853	320241,405213,453314,493609
487854	286339,345810
487964	487963
488197	449725
488563	377774
488942	497258,497259
489307	53805,53761
489334	345768
490301	490300
491775	395658
491930	244008,277436,403430
492017	233703,262125,277163,360077,405302,413755
492199	354190,411268
492352	256114,282000
492722	229393
493012	432779
493609	320241,405213,453314
493750	376675,389538,402649,424989,471778,471779
494044	437502
494842	431330
495012	495007
495018	495019
495230	364859,385706,403743,431809,458927
495238	73083,129844,267615
496180	328079,328080,384723,411253,436597,464480
496391	389571,443493
497026	388781,428130
497030	1842,3826,4614,10526,26803,43383
497259	497258
497503	497502
497639	384753,384755,384756,471439,471440,471441
497640	384755,384756,471439,471440,471441,497639
497688	345816
497881	139408,212609,309910
498120	422837
498178	283480,321092,338201,362733,432751,465694
498378	329906,373267,411427
499073	395378
499359	197056
499361	197056,499359,245701
499362	197056,499359,245701,499361
499366	197056,499359,245701,499361,499362
499474	308936,360783,427329
499604	499598,499599,499603
499656	407133
500458	358573,406466,466296
500678	355796
500680	497296
500789	384738,384739,384740,384741,384743,384744
500855	434144
501044	317275,350235
501203	476412
501205	410939
501327	228905,501328
501328	228905
501626	426947
501710	148295,148296,191336,241442
501729	84872,292233,364522
501732	493815
501737	433072
501771	211630
501844	394623
501853	426274
501919	407234
501958	245665,350764,328195,369768,441939
501960	245665,350764,328195,369768,441939
501961	350764,328195,369768,441939
501963	277554,325585,373247,444557
502219	360715
502500	302446,302447,414742,414743,414746,427943
502875	883,100526,444049
502876	266372,297342,382126
502928	283,890,889,47685
503185	503184
503450	296076,315745,401783
503638	259432,275392,318238,407561,445283
505080	491923
505303	327606
505372	368625,418359
505378	114394,143099,234378
505394	430135,457549
505395	430135,457549,505394
505396	244224,345811,403251,449355
505398	183747,262518,313937,343183,367712,435075
505401	331646,441139,465873
505488	2496
505562	2496
505980	306210,330042,359770,359771,458225
506109	340998
506120	397808
506323	432937
506325	312298,415679
506836	282634,282635,309937,328707,345761,449344
506873	413806
506922	343656
506957	346426
507613	224641,309600,312437,395285
507819	175457,206925,285784,312310,360773
507820	291213,368985
507822	190111,223146,249608,306876,309838,345804
508003	266794,296261,363101,424372,471578
508004	296261,363101,424372,471578,508003
508311	471227
508405	96972,228576,228581,260733,307354
508411	96972,228576,228581,260733,307354,508405
508412	228576,228581,260733,307354,508405,508411
509987	501251
510284	405311
510541	96972,228576
510710	214272,371546,373266
510728	140001,278826,316247,425998
511554	317687
512817	408195
512939	314041,347693,396699,449437
513018	474906
513137	39507,322876,322879,322880
513203	384739,384740,384741,384743,384744,500789
513375	398762
513462	56113
513725	424883
513788	338353
513939	168123,288311
514031	96918,107835
514353	179949,274234
514693	480437
514744	41982,133215,424853
514926	372010
515201	400601,515300
515300	400601
515392	425988
515594	239816,278031,302523,407573
515759	400602
515856	479477
515880	235130
516076	156591,298525,405210,456601
516311	177998,185837,310194
516414	399282,453312
516415	380466,402199,449570
516416	388781,428130,497026
516455	442356
516788	424663
517027	411276
517057	386809,443428
517106	424573
517532	507433
518333	518331
518334	518331,518333
518336	518331,518333,518334
518413	185761,226677,262162,303399,236657,425587
518425	223147,313634,348240,406306
519266	301565,301568,379838,379840,430656,430660
520299	398799
520300	345825
520515	337697
520516	337697,520515
520629	413617
520676	331936,358934,441140,451756,451757,451758
520677	358934,441140,451756,451757,451758,520676
521200	182215,215096,237133
521431	340263
522922	55579,291651
523495	384726,384727,384728,441153,441154,441156
523496	420442
523664	207195,262897,405785
523666	36484
523821	295862,426049
523842	448478
523889	368833
523968	284932
524005	496617
524128	478684
524169	200589
524365	339904,468758
524486	273844,301740,348699
524894	340837,385455
524964	524963
524988	352777
524989	352777,524988
525084	249245
525704	506794
525800	345833
525827	525825
525829	525825,525827
525830	525825,525827,525829
525831	525825
525924	525825,525827,525829
525925	525825,525827,525829,525830
525926	525827,525829,525830
525953	69295
525954	69295,525953
525956	69295,525953,525954
526104	264588,297094,320857,364932,409323,467784
526202	325178,385541
526223	321092,338201,362733,432751,465694,498178
526429	497620
526567	2461,2460,2459,3482
526744	526735
526753	526735,526744
526754	526735,526744,526753,526755
526755	526735,526744,526753
526808	526698
526970	345802,481211
526973	323874,340851,376674,402739,436681,448624
527022	454781
527479	368625,418359,505372
527560	527559
528037	274653
528170	23452
528495	410346
528828	333448
528829	378298
528833	38941
529188	509042
529198	198395,226507,301233
529232	239180,303877,303878,303880
529234	239180,303877,303878,303880,529232
529235	239180,303877,303878,303880,529232,529234
529238	303877,303878,303880,529232,529234,529235
529240	303878,303880,529232,529234,529235,529238
529367	357961
529431	467461
529532	328080,384723,411253,436597,464480,496180
529694	406160,470777
529723	467641
529756	467243
529875	247977,320218,358742,405214
529966	489820
530104	434144,500855
530110	364252,470738
530115	470045
530290	481410
530295	437484
530309	473811
530377	509297
530383	497935
530445	530442
530725	1600,302286,412916,457326
531324	531321
531325	531321,531324
531326	531321,531324,531325
531337	531335
531515	125899,147920,180485,212363,291642,531519
531519	125899,147920,180485,212363,291642
531576	451559,471792
531834	10339,186034,411450,486345
531869	386440
531939	384727,384728,441153,441154,441156,523495
532407	286354,466778
532408	286354,466778,532407
532409	286354,466778,532407,532408
532410	286354,466778,532407,532408,532409
532412	286354,466778,532407,532408,532409,532410
532413	259432,275392,318238,407561,445283,503638
532772	476412,501203
533027	296076,315745,401783,503450
533096	461203
533467	72739,86837,207700
534901	190441,253042,323960,331751
535075	224641,309600,312437,395285,507613
535076	521428
535077	456159
535138	509096
535141	509096
535142	509096,535141,535138
535143	509096,535141,535138,535142
535145	509096,535141,535138,535142,535143
535146	509096,535141,535138,535142,535143,535145
536090	536089
536091	536089,536090
536354	536353
536356	536353,536354
536596	536595
536600	536595,536596
536878	480716
537077	537074
537078	537074,537077
537409	328609
537572	208052
537576	208052,537572
537580	208052,537572,537576
537649	537645
537743	2585,51928,262940
537991	126613
538217	44676,431388
538219	538194
538221	44676,431388,538217
538224	44676,431388,538217,538221
538631	4607,4608,10599,43180,88411,114184
538632	4608,10599,43180,88411,114184,538631
538926	538914
538958	402426
538961	523352
540449	246431,296295,338400
540641	88287,123568,260770
541037	480437,514693
541282	120236,173849,269918,295421
541423	303901,303902,375671,411969,411977,473769
541549	541550,541551
541551	541550
542273	546572
542290	546572,542273
542324	345827
542666	459566
544020	322900,346982
544024	135275,174043,342667
544459	116140
544475	115763,30179,115764
544967	114394,143099,234378
545168	429334,429335,350613,429337,429338
545810	363102,470599
545938	384723,411253,436597,464480,496180,529532
545965	336231,336232,336233,336234,336235,455725
545972	411253,436597,464480,496180,529532,545938
546442	398762,513375
546901	438229,445680
547036	494267
547888	140001,278826,316247,425998,510728
548133	428735,454684
548156	460306
548195	482301
548513	389538,402649,424989,471778,471779,493750
548558	454630
548818	430699
548866	533466
548905	390980,487684
548940	277551,464593
549428	549425
549506	358741,442553,453308,479013
549563	459283
549614	345768,489334
549641	209060,209062,366527,424998
549975	3275,4607,4608
549976	406822,406824,406826,406827,430663,430664
549979	126621,126622,237614,320843,320844,462604
549987	549986
549993	430480
549994	430480,549993
549995	430480,549993,549994
549999	137693,208756,231971,274716,302136,330869
550487	424818
550507	464376
551304	377125,455626
551559	49131,76325,228254,302128,389466
551576	282031
551613	350946
552077	39507,322876,322879,322880,513137
552108	552107
552109	552107,552108
552110	552107,552108,552109
552111	552107,552108,552109,552110
552112	552107,552108,552109,552110,552111
552114	552113
552115	552113,552114
552116	552113,552114,552115
552117	552113,552114,552115,552116
552118	552113,552114,552115,552116,552117
552119	552113,552114,552115,552116,552117,552118
552120	552114,552115,552116,552117,552118,552119
552123	552122
552124	552122,552123
552125	552122,552123,552124
552693	497641
553106	27568,62281,294288,353266,403503
553636	553634
553949	137314,137315,137316,137317,137318,295039
554022	554364,554375,554376,554383,554384
554235	501251,509987
554237	501234
554293	345826
554344	554341
554346	554341,554344
554347	554341,554344,554346
554348	554341,554344,554346,554347
554349	554341,554344,554346,554347,554348
554350	554341,554344,554346,554347,554348,554349
554354	554344,554346,554347,554348,554349
554355	554346,554347,554348,554349,554354
554356	554347,554348,554349,554354,554355
554359	554348,554349,554354,554355,554356
554364	554349,554354,554355,554356
554375	554354,554355,554356,554364
554376	554354,554355,554356,554364,554375
554382	554355,554356,554364,554375,554376
554383	554356,554364,554375,554376
554384	554364,554375,554376,554383
554390	554375,554376,554383,554384,554022
554391	554376,554383,554384,554022,554390
555017	398799,520299
555018	398799,520299
555332	269389,380506
555525	555518
555563	403642
555566	403642,555563
555605	337459
555629	208085,269263,273458,328079,328080,384723
555710	320224,341311
555748	345762
555772	504524
555808	550262
556595	142994,230190,270413,337810,477747
556749	465889
557659	478942
558713	2482
559071	559070
559072	559070,559071
559631	402427
559847	68715
559848	68715,559847
559866	559862
559867	559862
560057	560055
560058	560055,560057
561133	129927,129928,129929,155120,194277,195747
561715	126643,126644,126645,126647,126649,126650
561787	422505,484191
561857	561855
561911	430507,430508,476514
561999	561997
562145	282734,291650,343187,345781,443867,449353
562146	262125,277163,360077,405302,413755,492017
562335	508147
562338	508147,562335
562793	338201,362733,432751,465694,498178,526223
563116	533629
563362	563334
563367	563334,563362
563558	423726
563559	423726,563558
564212	225031,235243
564216	225031,235243,564212
564217	225031,235243,564212,564216
564363	377774,488563
564364	377774,488563,564363
564365	377774,488563,564363,564364
564415	236635
564416	236635,564415
564417	236635,564415,564416
564419	236635,564415,564416,564417
564421	262865,285422
564778	75534,119969,119970,119971
564788	75534,119969,119970,119971,564778
564790	75534,119969,119970,119971,564778,564788
564826	564824
565304	520559
565325	186567,380580
565400	581245,581248
565472	413806,506873
565601	306706,336025,466773,466780
565671	44676,431388,538217,538221,538224
565701	506258
565802	248175,293049,317613
565999	322257
566079	373904,407308,462295,479011
566080	115760
566082	115760,566080
566083	115760,566080,566082
566084	115760,566080,566082,566083
566099	566098
566103	242086,243334
566292	566290
566295	566290,566292
566298	566290,566292,566295
566724	566722
566729	566722,566724
567062	511126
567234	406307
567279	450525
567346	126622,237614,320843,320844,462604,549979
567417	529995
567617	311850
567896	202880
567936	138829,146104,175596,475354
568083	568078
568120	218453,384280
568121	120445,147036
568244	420628,486347
568430	317687,511554
568785	293924
568800	547873
569116	235130,515880
569138	354700
569153	186257,224720,256155,285936,316105,390395
569579	245665,350764
569671	37128
569770	240640,259939,311822,312114,402425,453861
570064	570059
570066	570059,570064
570266	187097
570282	187097,570266
570283	187097,570266,570282
570284	187097,570266,570282,570283
570286	187097,570266,570282,570283,570284
570330	133608,173691,205015,227164
570688	246914,303963,378125
571909	506794,525704
571912	463389
572229	482396
572758	31836,84756,219986,5753,22346,368802
572759	84756,219986,5753,22346,368802,572758
572768	244226,343136,445375
573707	335729,430298
573974	516129
573975	516129,573974
574007	406247
574326	422801
574327	422801,574326
574328	422801,574326,574327
574329	422801,574326,574327,574328
574791	223146,249608,306876,309838,345804,507822
574794	373904,407308,462295,479011,566079
574845	574841
574850	574841,574845
575057	376137
575219	558706,336268
575244	403607,458935
575478	575472
575559	234195,256668
575985	41188
575987	41188,575985
575991	41188,575985,575987
575996	41982,133215,424853,514744
576019	468885
576021	463657
576024	576026
576027	463657,576021
576265	559674
576731	223148,270749,307982,345808,379023,448535
576733	224641,309600,312437,395285,507613,535075
576783	345831
576968	291650,343187,345781,443867,449353,562145
577143	312298,415679,506325
577146	312297,408897
577148	466778,532407,532408,532409,532410,532412
577150	332291,360140
577153	345889,449393
577158	153196,217235,345806
577189	345762,555748
577190	345768,489334,549614
577198	244224,345811,403251,449355,505396
577227	345824
577228	345824,577227
577229	345824,577227,577228
577230	345824,577227,577228,577229
577231	345824,577227,577228,577229,577230
577232	345824,577227,577228,577229,577230,577231
577235	577227,577228,577229,577230,577231,577232
577812	10160
578095	403738,453060,458932
578113	578112
578262	428735,454684
578276	240749
578277	240749,578276
578368	358573,406466,466296,500458
580489	198025
580496	198025
580659	580656
581248	581245
581254	12012
581987	490781
582272	508725
582915	480437,514693,541037
582920	358741,442553,453308,479013,549506
583581	301568,379838,379840,430656,430660,519266
583631	583629
583946	278571,278572,36318,278573,101799,169850
583947	278572,36318,278573,101799,169850,583946
583948	36318,278573,101799,169850,583946,583947
583978	244239,336340
584460	493758
584793	561316
584847	507634
584912	92704,96894,171938,429938
585199	130059
585201	130059,585199
585202	130059,585199,585201
585204	130059,585199,585201,585202
585205	585199,585201,585202,585204,440661,481295
585210	130133
585213	130133,585210
585220	130133,585210,585213
585239	585238
585240	585238,585239
585241	585238,585239,585240
585243	585242
585371	210861
585405	220088
585413	585411
585414	585411,585413
585416	585411,585413,585414
585457	400601,515300,515201
585790	392973,455617
585813	585810
585820	502142
585938	109858
586108	467461,529431
586426	491586
586941	1939,22679,352336,439197
587256	456159,535077
587454	524707
587772	431767
588077	217660,289906,289907,476542
588427	455345
588451	292503,396407
589104	492881
589204	402649,424989,471778,471779,493750,548513
589284	240038,467930
589302	496086
589368	340851,376674,402739,436681,448624,526973
589513	341163,426123
589775	523426
590665	148193
590856	277518
591581	516423
591582	379513,458937
591584	349389,402835,440878,440879,440880,440881
592175	506672
592911	23452,528170
593132	439023,439024,439025,439026,439027,439028
593133	439024,439025,439026,439027,439028,593132
593863	13603,294880
595651	440659
595884	430507,430508,476514,561911
595885	430507,430508,476514,561911,595884
595937	497296,500680
596089	145951,186254,190537,225868,296442
596841	596840
597099	557464
598058	424379,471793
598141	513885
599893	420628,486347,568244
601465	209062,366527,424998
601910	390794
602059	975
603352	308961
605445	557464,597099
606878	520284
607043	282169,168467,209352,240459,279470
607306	606038
607335	293847,456163
607379	606038,607306
607383	606038,607306,607379
607619	607602
607652	1639
607653	1639
607915	313634,348240,406306,518425
607944	294873,390895
607945	44120,90175
609143	326432
609226	515018
609228	129928,129929,155120,194277,195747,561133
609708	423726,563558,563559
611077	297094,320857,364932,409323,467784,526104
611890	529078
612414	612411
612697	564175
613039	148295,148296,191336,241442,501710
614424	407697
614606	498947
614688	614687
614689	614687,614688
614691	614687,614688,614689
614693	614687,614688,614689,614691
615224	614687,614688,614689,614691,614693
615225	614687,614688,614689,614691,614693,615224
615228	614688,614689,614691,614693,615224,615225
615230	614689,614691,614693,615224,615225,615228
615739	362733,432751,465694,498178,526223,562793
615991	236635,564415,564416,564417,564419
615993	236635,564415,564416,564417,564419,615991
616064	424989,471778,471779,493750,548513,589204
616231	463657,576021
616378	437502
616412	536711
616413	107474
616596	239816,278031,302523,407573,515594
616597	239816,278031,302523,407573,515594,616596
616598	278031,302523,407573,515594,616596,616597
616616	406160,470777,529694
616668	294993,369304,472741
616693	394623,501844
616760	496617,524005
616808	509355
616830	37620,232975,232980,232981,181834,316103
616930	321885
617727	397808
617948	493546
618315	27568,62281,294288,353266,403503,553106
618391	484402
618527	127563,193619,285757
619013	248175,293049,317613
619052	175468,212813,239750,279473,301700,663691
619632	292970
619639	497641,552693
620766	340938
621101	621100
621102	430499
621181	214265
621521	208053
621939	430699,548818
621953	553627
622293	506794,525704,571909
622325	622322
622412	8484
622413	8484
622634	339904,468758,524365
623233	9565,9005,132220
623248	554383,554384,554022,554390,554391
623365	553634,553636
623948	553634,553636,623365
624162	229525
624466	553634,553636,623365,623948
624691	436597,464480,496180,529532,545938,545972
624692	384723,411253,436597,464480,496180,529532
624866	553634,553636,623365,623948,624466
625012	553634,553636,623365,623948,624466,624866
625017	553636,623365,623948,624466,624866,625012
625161	237228
625235	450525,567279
625355	303880,529232,529234,529235,529238,529240
625397	398813,398816,398815
625477	507422
625948	645986
626072	393857,400775
626121	116287,238004,291412,326874,402223,463778
626164	365827
626241	448763,452823
626247	452825
626248	452825,626247
627299	627297
627302	627297,627299
629167	352184
630317	630315
630320	630315,630317
630419	234195,256668
630627	243696
630638	630633
630676	345802,481211,526970
630930	440659,595651
631042	631041
631043	631041,631042
631044	631041,631042,631043
631045	631041,631042,631043,631044
631047	631041,631042,631043,631044
631048	631041,631042,631043,631044,631047
631049	631042,631043,631044,631047,631048
631050	631043,631044,631047,631048,631049
631187	631186
631192	631191
631195	631194
631196	631194,631195
631198	631197
631200	631197,631198
631202	631201
631203	631201,631202
631204	631201,631202
631213	631211
631216	631214
631217	631214,631216
631218	631214,631216,631217
631219	36117
631220	36117,631219
632814	358741,442553,453308,479013,549506,582920
632816	373904,407308,462295,479011,566079,574794
632817	471778,471779,493750,548513,589204,616064
632818	471779,493750,548513,589204,616064,632817
633339	633365
633340	633365,633339
633342	633365,633339,633340
633344	633365,633339,633340,633342
633705	558020
633706	558020,633705
633707	558020,633705,633706
633708	558020,633705,633706,633707
633709	558020,633705,633706,633707,633708
633836	140001,278826,316247,425998,510728,547888
634210	501796
635233	635234
635266	394260,441795
636043	416210,416313,416314,416315,416316,416317
636046	416313,416314,416315,416316,416317,636043
636047	416314,416315,416316,416317,636043,636046
636048	416315,416316,416317,636043,636046,636047
637123	541336
637124	494564
637339	584833
637518	544109
637559	121864,121865,121866,121867,144632,192791
637591	345768,489334,549614
637659	386809,443428,517057
637802	489820,529966
637890	364252,470738,530110
637949	568525
638133	400602,515759
638151	526979
638185	510753
638190	445905
638290	397025
638494	177998,185837,310194,516311
638497	525565
638498	62893,199373,278202,317852,375541,487716
638700	221127,251547,285901,361095,443106
639020	444339
639053	639051
639387	306019,449338
639423	604363
639425	438229,445680,546901
639426	438229,445680,546901,639425
639428	535623
639431	384756,471439,471440,471441,497639,497640
639943	236224,303864
640711	406824,406826,406827,430663,430664,549976
640765	402835,440878,440879,440880,440881,591584
640766	440878,440879,440880,440881,591584
640915	507559
640916	507559,640915
640917	507559,640915,640916
640920	507559,640915,640917,640916
640921	507559,640915,640917,640920,640916
640923	507559,640915,640917,640920,640921,640916
640924	640915,640917,640920,640921,640923,640916
640943	640941
640995	536594
641036	456159,535077,587256
641326	277163,360077,405302,413755,492017,562146
641469	277162,293470,314522,339708,466775,466782
641484	10226
641552	1954
642190	642188
642498	208082
642541	208082,642498
642569	208082,642498,642541
642575	208082,642498,642541,642569
643086	197641,229566
644516	226677,262162,303399,236657,425587,518413
644958	345825,520300
645237	406180
645299	498930
645302	498930,645299
645308	498930,645299
645309	498930,645299
645311	498930,645299,645309
645312	498930,645299,645309,645311
645991	645986,625948
646060	432779,493012
646464	262162,303399,236657,425587,518413
646586	398762,513375,546442
646611	458926
646723	137315,137316,137317,137318,295039,553949
650428	515418
652413	364857,403734,458928
652416	405306,434960
653307	219986,5753,22346,368802,572758,572759
653508	366527,424998
653603	243294
653608	243294
653614	243294
654294	379687
654678	529232,529234,529235,529238,529240,625355
655451	493864
655509	655506
655791	266301,474371
656106	585201,585202,585204,440661,481295,585205
656156	269263,273458,328079,328080,327568
656794	385210
656864	656851
656872	656851,656864
656877	656851,656864,656872
658054	84872,292233,364522
658254	205115
658354	658349
658356	658349,658354
658365	658349,658354,658356
658378	658349,658354,658356,658365
658403	658401
658405	658401,658403
658406	658401,658403,658405
658407	658401,658403,658405,658406
658408	658401,658403,658405,658406,658407
658409	658401,658403,658405,658406,658407,658408
658412	658403,658405,658406,658407,658408,658409
658414	658405,658406,658407,658408,658409,658412
658443	658406,658407,658408,658409,658412,658414
658444	658407,658408,658409,658412,658414,658443
658445	658408,658409,658412,658414,658443,658444
658446	658409,658412,658414,658443,658444,658445
658447	658412,658414,658443,658444,658445,658446
658448	658414,658443,658444,658445,658446,658447
658449	658443,658444,658445,658446,658447,658448
658451	658450
658554	658547
658555	658547,658554
658640	658637
658641	658637,658640
658653	637632
658654	637632,658653
658658	637632,658653,658654
658663	637632,658653,658654,658658
658674	658671
658676	658671,658674
658679	637632,658653,658654,658658,658663
658706	658701
658708	658701,658706
658891	545132
659266	388781,428130,497026,516416
659438	497403
659442	237614,320843,320844,462604,549979,567346
659456	390353,487630
659668	658701,658708,658706
659671	658701,658708,659668,658706
659676	659675
659677	659675,659676
659686	564506
659690	264310,301845,301852,301853,301854,301855
659695	301845,301852,301853,301854,301855,659690
659696	301852,301853,301854,301855,659690,659695
659697	301853,301854,301855,659690,659695,659696
659699	301854,301855,659690,659695,659696,659697
659701	301855,659690,659695,659696,659697,659699
659702	659690,659695,659696,659697,659699,659701
659704	637632,658653,658654,658658,658663,658679
659745	659743
659746	659743,659745
659747	659743,659745,659746
659748	659743,659745,659746,659747
659749	659743,659745,659746,659747,659748
659750	659743,659745,659746,659747,659748,659749
660146	506551
660147	506551,660146
660674	660667
660676	660667,660674
660678	660667,660674,660676
660960	660959
661045	659758
661048	659758,661045
661049	659758,661045,661048
661051	659758,661045,661048,661049
661055	659758,661045,661048,661049,661051
661058	659758,661045,661048,661049,661051,661055
661063	661045,661048,661049,661051,661055,661058
661791	175457,206925,285784,312310,360773,507819
661929	661927
661931	661927,661929
661932	661927,661929,661931
661933	661927,661929,661931,661932
661939	661937
662006	432751,465694,498178,526223,562793,615739
662033	118473,118474,149647,323398
662331	662329
662332	662329,662331
662388	576121
662395	552589
662507	199330
662513	199330,662507
662684	432932
662700	141347,141352,144120
662702	141347,141352,144120,662700
663369	214272,371546,373266,510710
663439	331646,441139,465873,505401
663440	331646,441139,465873,505401,663439
663444	126644,126645,126647,126649,126650,561715
663691	175468,212813,239750,279473,301700
663819	241687
663823	241687
663826	241687
663859	241687
663862	241687
663905	571555
663924	322900,346982,544020
663936	296076,315745,401783,503450,533027
663982	259939,311822,312114,402425,453861,569770
663983	454438
664270	581284
664383	479477,515856
664389	411276,517027
664395	73083,129844,267615,495238
664413	249245
664690	377130
664856	168123,288311,513939
664921	590353
664971	185764
664981	185764,664971
664984	185764,664971,664981
664986	185764,664971,664981,664984
665014	437243
665165	406472
665390	535669
665413	169274,207491
665620	432937,506323
665621	253693,269548,294872,308028,378091
665923	459725
665924	476129
665996	665994
665999	665994,665996
666230	2496
666541	56626
666603	666592
666606	666592,666603
667205	665994,665996,665999
667206	665994,665996,665999,667205
667733	526975
668133	277187
668134	277187,668133
668136	277187,668133,668134,316765
668181	668174
668349	596840,596841
668729	47629
668734	47629,668729
668736	47629,668729,668734
668764	47629,668729,668734,668736
672995	346429
674430	4530
676026	542325
688838	413806,506873,565472
689050	357962,486054
689446	247977,320218,358742,405214,529875
689447	291213,368985,507820
694622	582598
695266	25715
695332	506794,525704,571909,622293
695947	585411,585413,585414,585416
696164	630110
696165	696164,630110
696364	83920
696900	443831
697060	269389,380506
697573	564361
698130	1741,4450,8082,46012,120369,317615
698901	584641
698903	584641
698981	653289
699026	504244
699060	623851
699479	474905
700092	522253
700676	244224,345811,403251,449355,505396,577198
700678	562654
701301	701300
701302	701300,701301
701304	701300,701301,701302
701305	701300,701301,701302,701304
701310	701309
702459	376674,402739,436681,448624,526973,589368
702986	493546,617948
703539	538760
703924	568572
704737	400601,515300,515201,585457
704891	455912,469901
705345	545008
705959	235130,515880,569116
705980	587898
